order_id,order_date,customer_id,city,category,product,quantity,unit_price,discount_pct,revenue,payment_method,delivery_days,rating,date_ambiguous,revenue_suspect,revenue_reported,order_month
ORD01765,2024-10-29,C0053,Ahmedabad,Home,Bedsheet Set,3.0,,20.0,3161.0,COD,4.0,3.0,False,False,3161.0,2024-10-01
ORD00204,2024-11-16,C0010,Ahmedabad,Books,Novel,1.0,,0.0,375.81,COD,2.0,3.0,False,False,375.81,2024-11-01
ORD01357,2025-01-22,C0455,Mumbai,Electronics,Wireless Earbuds,5.0,,0.0,12156.0,Debit Card,3.0,4.0,False,False,12156.0,2025-01-01
ORD01452,2024-08-16,C0010,Ahmedabad,Electronics,Smart Watch,2.0,,20.0,,Credit Card,1.0,4.0,False,False,,2024-08-01
ORD01578,2024-08-15,C0337,Mumbai,Home,Bedsheet Set,1.0,1157.78,25.0,868.0,,1.0,5.0,False,False,868.0,2024-08-01
ORD00103,2024-10-21,C0266,Kolkata,Clothing,Denim Jeans,1.0,1539.63,0.0,1539.63,Credit Card,4.0,,False,False,,2024-10-01
ORD02839,2025-03-02,C0392,Mumbai,Grocery,Basmati Rice 5kg,1.0,549.87,5.0,522.37,Debit Card,3.0,4.0,False,False,522.37,2025-03-01
ORD01819,2024-08-13,C0098,Mumbai,Grocery,Basmati Rice 5kg,3.0,506.6,20.0,1215.8400000000001,Net Banking,4.0,4.0,False,False,,2024-08-01
ORD00486,2024-12-03,C0282,Mumbai,Home,Table Lamp,10.0,735.0,15.0,6245.0,Credit Card,6.0,4.0,False,False,6245.0,2024-12-01
ORD01437,2025-06-05,C0395,Ahmedabad,Home,Table Lamp,1.0,,20.0,616.0,Credit Card,5.0,,False,False,616.0,2025-06-01
ORD01252,,C0489,Kolkata,Books,Novel,4.0,397.0,10.0,1429.2,Net Banking,2.0,4.0,False,False,,
ORD01152,2025-04-24,C0339,Ahmedabad,Electronics,Wireless Earbuds,4.0,2525.0,5.0,9595.0,Credit Card,3.0,,False,False,,2025-04-01
ORD00267,2024-09-03,C0242,Chennai,Electronics,Power Bank,2.0,1253.46,20.0,2005.54,Net Banking,1.0,,False,False,2005.54,2024-09-01
ORD02155,2024-12-29,C0382,Hyderabad,Clothing,Denim Jeans,5.0,,0.0,,Net Banking,3.0,4.0,False,False,,2024-12-01
ORD01428,2024-05-04,C0201,Ahmedabad,Grocery,Basmati Rice 5kg,1.0,536.0,0.0,536.0,COD,4.0,,False,False,,2024-05-01
ORD02879,2024-07-21,C0210,Mumbai,Clothing,Denim Jeans,1.0,1560.83,20.0,1248.66,Credit Card,7.0,,False,False,1248.66,2024-07-01
ORD02355,2024-05-08,C0354,Mumbai,Grocery,Coffee 500g,2.0,420.3,15.0,714.51,Net Banking,6.0,3.0,False,False,714.51,2024-05-01
ORD01484,2024-04-21,C0254,Mumbai,Books,Novel,,400.0,0.0,,Debit Card,5.0,3.0,False,False,,2024-04-01
ORD02467,2024-05-08,C0401,Kolkata,Home,Table Lamp,1.0,,15.0,,Credit Card,4.0,4.0,False,False,,2024-05-01
ORD02568,2024-08-30,C0153,Mumbai,Home,Table Lamp,5.0,711.0,15.0,3023.85,,5.0,,False,False,3023.85,2024-08-01
ORD02378,2025-06-01,C0234,Ahmedabad,Books,Textbook,2.0,1328.49,,1992.73,Credit Card,2.0,2.0,False,False,1992.73,2025-06-01
ORD02219,2024-12-18,C0015,Delhi,Grocery,Coffee 500g,1.0,467.0,25.0,350.0,Net Banking,3.0,4.0,False,False,350.0,2024-12-01
ORD01178,2024-02-17,C0477,Kolkata,Grocery,Olive Oil 1L,,809.03,,,Credit Card,5.0,4.0,False,False,,2024-02-01
ORD01610,2024-07-31,C0421,Bengaluru,Books,Textbook,1.0,,15.0,968.59,Credit Card,6.0,,False,False,968.59,2024-07-01
ORD02127,2025-03-11,C0009,Hyderabad,Electronics,Wireless Earbuds,4.0,,0.0,9616.0,Debit Card,2.0,5.0,False,False,9616.0,2025-03-01
ORD01447,2024-07-10,C0426,Mumbai,Electronics,Power Bank,5.0,1182.96,0.0,5914.79,COD,6.0,3.0,False,False,5914.79,2024-07-01
ORD02674,2024-03-12,C0236,Hyderabad,Clothing,Cotton Kurta,1.0,,10.0,774.0,Debit Card,,1.0,False,False,774.0,2024-03-01
ORD02851,2024-03-19,C0401,Kolkata,Books,Novel,1.0,360.0,0.0,359.83,Net Banking,3.0,3.0,False,False,359.83,2024-03-01
ORD02718,2024-12-18,C0240,Mumbai,Books,Novel,1.0,407.45,0.0,407.0,Credit Card,5.0,,False,False,407.0,2024-12-01
ORD01090,2025-05-18,C0488,Mumbai,Clothing,Denim Jeans,4.0,1528.61,0.0,6114.44,UPI,2.0,3.0,False,False,,2025-05-01
ORD02128,2025-03-22,C0029,Kolkata,Grocery,Coffee 500g,2.0,464.11,10.0,835.398,Debit Card,4.0,,False,False,,2025-03-01
ORD02524,2024-12-10,C0145,Mumbai,Books,Textbook,,1279.88,0.0,2559.76,,5.0,5.0,False,False,2559.76,2024-12-01
ORD00765,2024-11-13,C0499,Hyderabad,Clothing,Running Shoes,4.0,,10.0,8026.94,Debit Card,2.0,,False,False,8026.94,2024-11-01
ORD02420,2024-06-12,C0031,Kolkata,Electronics,Power Bank,1.0,,10.0,1729.0,COD,,2.0,False,False,1729.0,2024-06-01
ORD01518,,C0054,Kolkata,Home,Table Lamp,4.0,773.96,10.0,2786.26,UPI,5.0,4.0,False,False,2786.26,
ORD02844,2024-01-24,C0480,Delhi,Clothing,Denim Jeans,5.0,1656.0,20.0,6624.35,,5.0,,False,False,6624.35,2024-01-01
ORD00193,2024-12-06,C0464,Bengaluru,Home,Table Lamp,4.0,,0.0,,Credit Card,5.0,4.0,False,False,,2024-12-01
ORD00355,2024-07-08,C0296,Bengaluru,Electronics,Smart Watch,2.0,3716.0,,7431.0,COD,8.0,,False,False,7431.0,2024-07-01
ORD01033,2024-04-22,C0426,Mumbai,Grocery,Basmati Rice 5kg,1.0,590.0,0.0,590.1,UPI,1.0,,False,False,590.1,2024-04-01
ORD00145,,C0017,Bengaluru,Home,Table Lamp,1.0,723.0,0.0,723.46,Credit Card,4.0,,False,False,723.46,
ORD01426,2024-01-16,C0088,Delhi,Grocery,Basmati Rice 5kg,1.0,,0.0,,COD,8.0,5.0,False,False,,2024-01-01
ORD02925,2024-04-11,C0404,Chennai,Home,Table Lamp,5.0,784.57,5.0,3726.71,COD,2.0,5.0,False,False,3726.71,2024-04-01
ORD00140,2024-09-07,C0257,Hyderabad,Clothing,Denim Jeans,2.0,1707.0,20.0,2731.28,Credit Card,4.0,4.0,False,False,2731.28,2024-09-01
ORD01303,2024-01-24,C0457,Kolkata,Grocery,Olive Oil 1L,4.0,731.0,0.0,2924.0,Credit Card,1.0,4.0,False,False,2924.0,2024-01-01
ORD02135,2024-09-13,C0341,Mumbai,Books,Cookbook,3.0,629.81,10.0,1700.4869999999999,COD,5.0,2.0,False,False,,2024-09-01
ORD00747,2024-05-13,C0499,Hyderabad,Books,Cookbook,1.0,,0.0,704.0,UPI,7.0,4.0,False,False,704.0,2024-05-01
ORD02241,2025-01-30,C0364,Ahmedabad,Clothing,Running Shoes,1.0,2267.08,20.0,1813.66,COD,1.0,5.0,False,False,1813.66,2025-01-01
ORD01810,2025-05-08,C0009,Hyderabad,Electronics,Smart Watch,1.0,,5.0,3870.53,Net Banking,4.0,,False,False,3870.53,2025-05-01
ORD00064,2024-12-02,C0038,Chennai,Home,Bedsheet Set,1.0,1114.0,0.0,1114.0,COD,7.0,5.0,False,False,,2024-12-01
ORD01764,2025-01-13,C0459,Mumbai,Home,Bedsheet Set,1.0,1150.0,0.0,1150.0,,4.0,,False,False,1150.0,2025-01-01
ORD02397,2024-01-07,C0270,Ahmedabad,Books,Cookbook,2.0,,0.0,1186.86,COD,4.0,,False,False,1186.86,2024-01-01
ORD01489,2024-11-15,C0261,Delhi,Books,Cookbook,3.0,595.93,0.0,1788.0,Credit Card,6.0,,False,False,1788.0,2024-11-01
ORD02870,2024-07-18,C0190,Bengaluru,Electronics,Power Bank,1.0,,0.0,1223.61,Debit Card,3.0,,False,False,1223.61,2024-07-01
ORD00680,2025-04-20,C0024,Kolkata,Home,Table Lamp,2.0,773.0,0.0,1546.42,Debit Card,1.0,3.0,False,False,1546.42,2025-04-01
ORD00252,2024-09-28,C0469,Mumbai,Books,Textbook,4.0,,15.0,4609.63,Net Banking,,5.0,False,False,4609.63,2024-09-01
ORD00766,2025-08-01,C0009,Hyderabad,Books,Novel,4.0,,0.0,1674.2,COD,3.0,5.0,True,False,1674.2,2025-08-01
ORD00052,2024-02-25,,Bengaluru,Electronics,Smart Watch,1.0,3888.22,5.0,3693.81,Debit Card,5.0,,False,False,3693.81,2024-02-01
ORD02424,2024-01-31,C0237,Hyderabad,Clothing,Running Shoes,1.0,,0.0,4112.0,UPI,2.0,3.0,False,False,4112.0,2024-01-01
ORD00737,,C0464,Bengaluru,Home,Table Lamp,2.0,776.0,0.0,1552.0,Net Banking,7.0,2.0,False,False,1552.0,
ORD01973,2024-03-29,C0050,Delhi,Books,Novel,1.0,403.0,15.0,342.55,UPI,5.0,,False,True,917.0,2024-03-01
ORD02014,2024-05-03,C0266,Kolkata,Grocery,Olive Oil 1L,3.0,843.69,10.0,2278.0,Debit Card,3.0,3.0,False,False,2278.0,2024-05-01
ORD00150,2024-07-26,C0182,Mumbai,Electronics,Power Bank,2.0,1288.0,0.0,2575.6,Net Banking,2.0,3.0,False,False,2575.6,2024-07-01
ORD01603,2025-01-23,C0222,Ahmedabad,Clothing,Running Shoes,1.0,,5.0,2286.52,COD,4.0,,False,False,2286.52,2025-01-01
ORD00255,2024-12-27,C0262,Kolkata,Grocery,Olive Oil 1L,1.0,,0.0,745.41,Net Banking,4.0,5.0,False,False,745.41,2024-12-01
ORD01074,2024-07-12,C0254,Mumbai,Books,Cookbook,1.0,608.34,0.0,608.0,Credit Card,6.0,3.0,False,False,608.0,2024-07-01
ORD00045,2024-06-09,C0365,Mumbai,Books,Cookbook,4.0,650.0,10.0,2341.0,UPI,3.0,4.0,False,False,2341.0,2024-06-01
ORD00757,2024-02-14,C0057,Bengaluru,Home,Pressure Cooker,1.0,2917.12,,2917.12,Debit Card,4.0,,False,False,2917.12,2024-02-01
ORD01950,2024-06-15,,Delhi,Books,Cookbook,5.0,,0.0,3486.0,UPI,6.0,5.0,False,False,3486.0,2024-06-01
ORD01205,2024-08-01,,Kolkata,Electronics,Wireless Earbuds,1.0,2294.0,,2065.0,Debit Card,8.0,4.0,False,False,2065.0,2024-08-01
ORD00241,2025-01-11,C0013,Mumbai,Grocery,Olive Oil 1L,1.0,798.0,0.0,798.0,UPI,2.0,3.0,False,False,798.0,2025-01-01
ORD01403,2025-02-04,C0088,Delhi,Grocery,Coffee 500g,5.0,,,2103.0,Credit Card,1.0,5.0,False,False,2103.0,2025-02-01
ORD02292,2024-08-12,C0483,Chennai,Books,Cookbook,1.0,706.83,10.0,636.0,Debit Card,1.0,3.0,False,False,636.0,2024-08-01
ORD01624,2024-05-24,C0262,Kolkata,Grocery,Coffee 500g,2.0,,10.0,2059.0,Debit Card,2.0,5.0,False,False,2059.0,2024-05-01
ORD00247,2025-06-22,C0460,Hyderabad,Clothing,Cotton Kurta,1.0,828.44,10.0,746.0,Credit Card,7.0,5.0,False,False,746.0,2025-06-01
ORD01085,2025-05-12,C0433,Chennai,Grocery,Olive Oil 1L,3.0,833.0,10.0,2249.1,Credit Card,7.0,3.0,False,False,,2025-05-01
ORD01629,2025-04-19,C0091,Mumbai,Clothing,Denim Jeans,2.0,1636.35,0.0,3273.0,Net Banking,,3.0,False,False,3273.0,2025-04-01
ORD00603,2024-12-18,C0340,Bengaluru,Books,Cookbook,1.0,,5.0,604.0,Net Banking,4.0,4.0,False,False,604.0,2024-12-01
ORD00212,2025-05-26,C0112,Hyderabad,Grocery,Olive Oil 1L,2.0,,0.0,,COD,2.0,5.0,False,False,,2025-05-01
ORD00332,2024-10-26,C0238,Delhi,Electronics,Wireless Earbuds,2.0,,0.0,5311.54,Debit Card,2.0,4.0,False,False,5311.54,2024-10-01
ORD01771,2024-11-29,C0026,Kolkata,Grocery,Olive Oil 1L,2.0,712.84,25.0,1069.26,Debit Card,5.0,,False,False,1069.26,2024-11-01
ORD01568,2024-04-09,C0385,Ahmedabad,Home,Bedsheet Set,1.0,,10.0,983.94,Credit Card,8.0,4.0,False,False,983.94,2024-04-01
ORD00536,2024-03-14,C0473,Ahmedabad,Home,Bedsheet Set,,1178.27,0.0,,Credit Card,1.0,4.0,False,False,,2024-03-01
ORD02171,2025-04-17,C0321,Kolkata,Clothing,Running Shoes,2.0,2437.32,5.0,4630.9,UPI,1.0,3.0,False,False,4630.9,2025-04-01
ORD01433,2024-01-01,C0022,Chennai,Books,Textbook,2.0,,10.0,2282.12,Debit Card,3.0,,False,False,2282.12,2024-01-01
ORD00444,2024-06-15,C0143,Mumbai,Clothing,Denim Jeans,4.0,1674.0,5.0,6362.05,Debit Card,,4.0,False,False,6362.05,2024-06-01
ORD01984,2025-03-17,C0298,Bengaluru,Books,Novel,1.0,434.3,15.0,369.0,Credit Card,7.0,1.0,False,False,369.0,2025-03-01
ORD00135,2025-04-16,C0114,Mumbai,Home,Bedsheet Set,1.0,,10.0,1019.0,Net Banking,5.0,,False,False,1019.0,2025-04-01
ORD02786,2024-01-28,C0498,Mumbai,Clothing,Running Shoes,1.0,2168.0,15.0,1842.69,Debit Card,,3.0,False,False,1842.69,2024-01-01
ORD00271,2025-06-27,C0056,Kolkata,Clothing,Denim Jeans,1.0,1492.25,10.0,1343.0,Net Banking,2.0,5.0,False,False,1343.0,2025-06-01
ORD00258,2024-12-14,C0341,Mumbai,Electronics,Power Bank,5.0,1236.2,,6181.01,Credit Card,4.0,,False,False,6181.01,2024-12-01
ORD01526,2025-06-19,C0210,Mumbai,Books,Novel,2.0,399.75,10.0,719.56,Debit Card,5.0,4.0,False,False,719.56,2025-06-01
ORD01831,2024-04-12,C0058,Mumbai,Home,Table Lamp,,780.91,10.0,703.0,COD,3.0,3.0,False,False,703.0,2024-04-01
ORD02793,2024-08-21,C0324,Mumbai,Clothing,Denim Jeans,5.0,,0.0,7529.54,Credit Card,6.0,5.0,False,False,7529.54,2024-08-01
ORD02733,2025-02-22,C0058,Mumbai,Clothing,Running Shoes,2.0,2441.01,0.0,4882.0,COD,7.0,4.0,False,False,4882.0,2025-02-01
ORD01126,2025-04-24,C0268,Chennai,Books,Novel,2.0,,10.0,673.41,Net Banking,7.0,4.0,False,False,673.41,2025-04-01
ORD00638,2024-03-31,C0365,Mumbai,Books,Cookbook,1.0,666.0,25.0,499.6,Net Banking,4.0,,False,False,499.6,2024-03-01
ORD00179,,C0003,Chennai,Grocery,Basmati Rice 5kg,1.0,583.0,10.0,524.7,Net Banking,7.0,2.0,False,False,,
ORD00053,2025-03-23,C0085,Bengaluru,Home,Pressure Cooker,1.0,2788.71,5.0,2649.2745,,8.0,3.0,False,False,,2025-03-01
ORD00843,2024-09-07,,Mumbai,Grocery,Coffee 500g,1.0,463.0,0.0,463.0,Debit Card,4.0,1.0,False,False,463.0,2024-09-01
ORD00568,2024-11-15,C0257,Hyderabad,Books,Cookbook,1.0,700.23,15.0,595.0,Net Banking,1.0,3.0,False,False,595.0,2024-11-01
ORD01460,2024-01-01,C0365,Mumbai,Electronics,Smart Watch,3.0,3941.26,5.0,11232.591,Net Banking,,,False,False,,2024-01-01
ORD00185,2025-02-08,C0194,Mumbai,Books,Textbook,1.0,1329.18,,1262.72,Credit Card,5.0,3.0,False,False,1262.72,2025-02-01
ORD00189,,C0352,Delhi,Books,Textbook,2.0,1312.0,10.0,2361.63,Credit Card,,2.0,False,False,2361.63,
ORD02528,2024-04-18,C0235,Mumbai,Home,Pressure Cooker,1.0,2945.09,20.0,2356.072,Debit Card,2.0,4.0,False,False,,2024-04-01
ORD01903,2024-09-26,,Ahmedabad,Grocery,Olive Oil 1L,1.0,778.83,25.0,584.12,UPI,1.0,,False,False,584.12,2024-09-01
ORD00860,,C0308,Ahmedabad,Electronics,Wireless Earbuds,5.0,,5.0,11010.0,Credit Card,4.0,5.0,False,False,11010.0,
ORD02479,2024-09-21,C0410,Chennai,Clothing,Running Shoes,2.0,2094.45,5.0,3979.45,UPI,2.0,3.0,False,False,3979.45,2024-09-01
ORD02425,2024-03-17,C0258,Mumbai,Electronics,Smart Watch,4.0,,0.0,15814.33,Credit Card,5.0,,False,False,15814.33,2024-03-01
ORD00808,2025-06-15,C0468,Ahmedabad,Books,Novel,3.0,375.96,10.0,1015.0,Credit Card,,,False,False,1015.0,2025-06-01
ORD00175,2024-11-17,C0297,Delhi,Clothing,Running Shoes,1.0,,5.0,,COD,,1.0,False,False,,2024-11-01
ORD01432,2024-01-06,C0415,Delhi,Clothing,Denim Jeans,5.0,1497.27,10.0,6737.73,Debit Card,4.0,3.0,False,False,6737.73,2024-01-01
ORD00745,2025-03-29,C0112,Hyderabad,Books,Novel,2.0,421.0,5.0,801.0,Net Banking,2.0,5.0,False,False,801.0,2025-03-01
ORD00001,2024-10-22,C0163,Mumbai,Clothing,Denim Jeans,2.0,1606.0,25.0,2409.0,Credit Card,3.0,,False,False,2409.0,2024-10-01
ORD02603,2024-10-15,C0036,Mumbai,Electronics,Power Bank,2.0,,15.0,2415.0,,3.0,4.0,False,False,2415.0,2024-10-01
ORD02671,2024-11-08,C0049,Ahmedabad,Electronics,Power Bank,2.0,,0.0,2391.49,Credit Card,4.0,4.0,False,False,2391.49,2024-11-01
ORD01875,2024-05-05,C0154,Bengaluru,Grocery,Coffee 500g,3.0,427.91,0.0,1283.72,Credit Card,3.0,5.0,False,False,1283.72,2024-05-01
ORD02823,2024-12-24,C0449,Hyderabad,Grocery,Olive Oil 1L,2.0,716.79,0.0,1434.0,COD,1.0,,False,False,1434.0,2024-12-01
ORD01948,2024-10-09,C0406,Kolkata,Clothing,Denim Jeans,2.0,,5.0,9213.0,Debit Card,2.0,2.0,False,False,9213.0,2024-10-01
ORD01208,2024-07-15,C0148,Ahmedabad,Books,Textbook,1.0,1135.96,5.0,1079.0,Net Banking,5.0,5.0,False,False,1079.0,2024-07-01
ORD02112,2024-06-21,C0273,Mumbai,Home,Pressure Cooker,2.0,,20.0,4285.88,COD,2.0,4.5,False,False,4285.88,2024-06-01
ORD02023,2024-11-10,C0422,Mumbai,Electronics,Power Bank,2.0,,0.0,2451.0,Net Banking,8.0,4.0,False,False,2451.0,2024-11-01
ORD01928,2024-05-24,C0326,Hyderabad,Grocery,Olive Oil 1L,1.0,830.3,15.0,705.76,UPI,2.0,2.0,False,False,705.76,2024-05-01
ORD01028,2024-02-12,C0052,Ahmedabad,Books,Novel,5.0,428.0,0.0,2138.82,Debit Card,2.0,4.0,False,False,2138.82,2024-02-01
ORD00290,2025-02-17,C0430,Kolkata,Electronics,Wireless Earbuds,3.0,2396.26,0.0,7188.77,UPI,2.0,4.0,False,False,7188.77,2025-02-01
ORD02019,2024-01-16,C0409,Mumbai,Books,Novel,10.0,396.05,25.0,2970.0,UPI,5.0,1.0,False,False,2970.0,2024-01-01
ORD00033,2024-06-06,C0483,Chennai,Electronics,Wireless Earbuds,2.0,2612.0,,3917.0,UPI,2.0,3.0,False,False,3917.0,2024-06-01
ORD00599,2024-02-09,C0337,Mumbai,Grocery,Coffee 500g,1.0,455.0,10.0,409.15,UPI,2.0,5.0,False,False,409.15,2024-02-01
ORD02474,2024-02-11,C0196,Mumbai,Clothing,Running Shoes,3.0,2227.66,,6015.0,COD,5.0,3.0,False,False,6015.0,2024-02-01
ORD00015,2024-01-23,C0439,Ahmedabad,Electronics,Wireless Earbuds,2.0,2741.0,10.0,4933.98,Net Banking,1.0,4.0,False,False,4933.98,2024-01-01
ORD00094,2024-08-31,,Kolkata,Books,Textbook,3.0,1190.0,25.0,2677.5,COD,5.0,1.0,False,False,,2024-08-01
ORD02463,2025-02-18,C0445,Mumbai,Books,Textbook,3.0,1297.0,0.0,3889.58,COD,4.0,4.0,False,False,3889.58,2025-02-01
ORD00292,2024-12-18,C0347,Chennai,Home,Table Lamp,1.0,688.0,10.0,619.0,Debit Card,0.0,,False,False,619.0,2024-12-01
ORD00299,2024-08-27,C0294,Kolkata,Books,Novel,2.0,398.0,10.0,717.0,COD,,4.0,False,False,717.0,2024-08-01
ORD00440,2024-09-09,C0074,Ahmedabad,Clothing,Running Shoes,2.0,,15.0,3640.23,UPI,0.0,,False,False,3640.23,2024-09-01
ORD01300,2025-02-04,C0143,Mumbai,Clothing,Running Shoes,1.0,2497.72,15.0,2123.062,COD,4.0,,False,False,,2025-02-01
ORD02777,2024-02-09,C0111,Delhi,Electronics,Wireless Earbuds,1.0,2587.0,0.0,2587.0,Credit Card,,,False,False,2587.0,2024-02-01
ORD02738,2024-10-15,C0148,Ahmedabad,Books,Novel,,416.35,0.0,833.0,Debit Card,1.0,5.0,False,False,833.0,2024-10-01
ORD02591,2025-04-03,C0173,Mumbai,Grocery,Basmati Rice 5kg,2.0,,10.0,1003.95,Credit Card,1.0,4.0,False,False,1003.95,2025-04-01
ORD01314,,C0309,Kolkata,Books,Textbook,1.0,1366.0,20.0,1093.0,Debit Card,0.0,3.0,False,False,1093.0,
ORD00219,,C0016,Mumbai,Electronics,Wireless Earbuds,1.0,2662.76,10.0,2396.4840000000004,COD,1.0,1.0,False,False,,
ORD01847,2024-12-10,C0135,Mumbai,Grocery,Basmati Rice 5kg,5.0,560.0,0.0,2799.34,Credit Card,3.0,4.0,False,False,2799.34,2024-12-01
ORD01951,2024-09-24,C0196,Mumbai,Books,Cookbook,,652.0,10.0,,Credit Card,3.0,4.0,False,False,,2024-09-01
ORD01675,2025-03-18,C0313,Ahmedabad,Grocery,Basmati Rice 5kg,1.0,,0.0,581.86,UPI,3.0,3.0,False,False,581.86,2025-03-01
ORD00464,,C0490,Ahmedabad,Electronics,Power Bank,5.0,1388.0,0.0,6938.73,UPI,4.0,,False,False,6938.73,
ORD02948,2025-06-06,C0124,Ahmedabad,Home,Table Lamp,10.0,,0.0,,Debit Card,7.0,3.0,False,False,,2025-06-01
ORD01742,2025-06-18,C0358,Bengaluru,Grocery,Basmati Rice 5kg,2.0,,15.0,1003.39,Debit Card,4.0,5.0,False,False,1003.39,2025-06-01
ORD02928,,C0293,Chennai,Electronics,Power Bank,5.0,1400.88,0.0,7004.0,Debit Card,8.0,3.0,False,False,7004.0,
ORD01104,2024-08-31,,Bengaluru,Grocery,Olive Oil 1L,3.0,758.0,10.0,2046.0,Credit Card,3.0,2.0,False,False,2046.0,2024-08-01
ORD01351,2024-06-12,C0051,Bengaluru,Grocery,Olive Oil 1L,4.0,769.36,20.0,2461.96,UPI,4.0,3.0,False,False,2461.96,2024-06-01
ORD00888,2025-05-08,C0162,Kolkata,Grocery,Olive Oil 1L,3.0,706.04,10.0,1906.0,Net Banking,5.0,2.0,False,False,1906.0,2025-05-01
ORD01897,2024-09-06,,Ahmedabad,Books,Cookbook,4.0,686.0,0.0,2743.38,COD,2.0,5.0,False,False,2743.38,2024-09-01
ORD02079,2025-01-14,C0368,Mumbai,Books,Textbook,2.0,1170.1,25.0,1755.0,UPI,4.0,,False,False,1755.0,2025-01-01
ORD02761,2024-08-04,C0082,Kolkata,Home,Pressure Cooker,2.0,2660.0,0.0,5320.0,Net Banking,3.0,2.0,False,False,,2024-08-01
ORD02790,2024-07-28,C0251,Delhi,Clothing,Cotton Kurta,2.0,951.0,15.0,1617.0,Net Banking,5.0,3.0,False,False,1617.0,2024-07-01
ORD01062,2024-08-07,C0306,Mumbai,Clothing,Running Shoes,4.0,,5.0,8165.78,UPI,0.0,5.0,False,False,8165.78,2024-08-01
ORD00938,2025-01-27,C0393,Chennai,Grocery,Olive Oil 1L,1.0,792.0,10.0,713.0,UPI,1.0,,False,False,713.0,2025-01-01
ORD02326,2024-01-25,C0217,Ahmedabad,Clothing,Cotton Kurta,4.0,945.0,5.0,3590.0,Net Banking,8.0,2.0,False,False,3590.0,2024-01-01
ORD00195,2025-05-21,C0165,Mumbai,Clothing,Running Shoes,1.0,2430.77,0.0,2430.77,Credit Card,2.0,4.0,False,False,2430.77,2025-05-01
ORD00820,2025-03-02,C0297,Delhi,Home,Table Lamp,1.0,,5.0,679.0,Net Banking,3.0,,False,False,679.0,2025-03-01
ORD00472,2025-02-11,C0091,Mumbai,Electronics,Smart Watch,3.0,3875.79,0.0,11627.369999999999,Net Banking,1.0,,False,False,,2025-02-01
ORD00930,2024-02-27,C0155,Bengaluru,Clothing,Cotton Kurta,2.0,933.72,10.0,1681.0,Credit Card,4.0,3.0,False,False,1681.0,2024-02-01
ORD02869,2024-03-29,C0479,Hyderabad,Grocery,Coffee 500g,4.0,409.4,,1392.0,UPI,3.0,5.0,False,False,1392.0,2024-03-01
ORD00431,2024-06-03,C0355,Delhi,Clothing,Running Shoes,1.0,,10.0,1936.0,Net Banking,7.0,3.0,False,False,1936.0,2024-06-01
ORD01488,2025-03-22,C0374,Bengaluru,Electronics,Power Bank,,1421.14,0.0,,UPI,3.0,,False,False,,2025-03-01
ORD01747,2024-10-27,C0278,Chennai,Grocery,Olive Oil 1L,3.0,719.0,5.0,2050.41,Debit Card,4.0,5.0,False,False,2050.41,2024-10-01
ORD01424,2024-05-16,C0204,Mumbai,Electronics,Smart Watch,1.0,4292.94,,4078.29,COD,6.0,3.0,False,False,4078.29,2024-05-01
ORD02415,2025-06-18,C0172,Hyderabad,Grocery,Olive Oil 1L,2.0,719.14,,1222.54,Net Banking,2.0,5.0,False,False,1222.54,2025-06-01
ORD02283,2025-06-22,C0290,Kolkata,Grocery,Coffee 500g,1.0,402.0,5.0,382.0,Debit Card,3.0,3.0,False,False,382.0,2025-06-01
ORD01468,2024-10-25,C0478,Chennai,Clothing,Denim Jeans,2.0,1676.0,10.0,3018.0,Credit Card,5.0,4.0,False,False,3018.0,2024-10-01
ORD01912,2024-01-04,C0153,Mumbai,Grocery,Basmati Rice 5kg,1.0,550.83,5.0,523.0,Credit Card,4.0,3.0,False,False,523.0,2024-01-01
ORD02339,2024-04-13,C0136,Chennai,Electronics,Wireless Earbuds,1.0,2460.57,5.0,2337.54,COD,,2.0,False,False,2337.54,2024-04-01
ORD02058,2025-02-21,C0435,Ahmedabad,Grocery,Basmati Rice 5kg,5.0,563.0,,2391.91,COD,4.0,,False,False,2391.91,2025-02-01
ORD02714,2024-06-02,C0324,Mumbai,Grocery,Coffee 500g,1.0,423.0,15.0,359.55,Debit Card,4.0,2.0,False,False,359.55,2024-06-01
ORD02608,2025-06-24,C0499,Hyderabad,Grocery,Coffee 500g,2.0,384.0,20.0,613.77,UPI,,,False,False,613.77,2025-06-01
ORD01345,2024-08-24,C0334,Mumbai,Clothing,Cotton Kurta,1.0,905.08,10.0,815.0,UPI,,,False,False,815.0,2024-08-01
ORD01513,2024-04-17,C0409,Mumbai,Books,Novel,5.0,438.0,15.0,1863.0,COD,3.0,2.0,False,False,1863.0,2024-04-01
ORD01663,2024-05-10,C0500,Mumbai,Electronics,Power Bank,1.0,,10.0,1244.0,Net Banking,,5.0,False,False,1244.0,2024-05-01
ORD02600,2024-08-13,C0067,Mumbai,Grocery,Basmati Rice 5kg,,525.17,10.0,,Credit Card,2.0,2.0,False,False,,2024-08-01
ORD00046,2024-12-09,C0412,Kolkata,Clothing,Cotton Kurta,1.0,857.63,0.0,857.63,UPI,4.0,,False,False,,2024-12-01
ORD02178,2024-07-20,C0082,Kolkata,Books,Cookbook,4.0,619.59,0.0,2478.34,UPI,3.0,3.0,False,False,2478.34,2024-07-01
ORD00901,2024-05-30,C0448,Bengaluru,Clothing,Running Shoes,1.0,,0.0,2113.55,Debit Card,3.0,5.0,False,False,2113.55,2024-05-01
ORD00257,2024-04-08,C0174,Delhi,Home,Table Lamp,1.0,,20.0,655.0,COD,2.0,3.0,False,False,655.0,2024-04-01
ORD00795,2024-08-29,C0296,Bengaluru,Clothing,Denim Jeans,1.0,1667.19,0.0,1667.19,Credit Card,3.0,4.0,False,False,1667.19,2024-08-01
ORD02359,2024-09-21,C0016,Mumbai,Electronics,Power Bank,3.0,1314.74,10.0,3549.7980000000002,Net Banking,7.0,5.0,False,False,,2024-09-01
ORD02893,2024-06-21,C0471,Delhi,Books,Textbook,2.0,,0.0,2320.73,COD,8.0,2.0,False,False,2320.73,2024-06-01
ORD02935,2024-01-09,C0030,Hyderabad,Electronics,Power Bank,2.0,1182.0,20.0,1891.0,Credit Card,6.0,4.0,False,False,1891.0,2024-01-01
ORD02648,2024-08-21,C0366,Mumbai,Electronics,Wireless Earbuds,2.0,2538.0,0.0,5075.51,Credit Card,5.0,4.0,False,False,5075.51,2024-08-01
ORD00875,2024-07-31,C0358,Bengaluru,Books,Cookbook,,655.62,10.0,,Net Banking,2.0,,False,False,,2024-07-01
ORD02334,2025-02-26,C0434,Kolkata,Home,Pressure Cooker,,2786.0,0.0,2786.0,Net Banking,2.0,3.0,False,False,2786.0,2025-02-01
ORD02762,2025-06-26,C0184,Mumbai,Electronics,Power Bank,1.0,1378.0,10.0,1241.0,Net Banking,4.0,4.0,False,False,1241.0,2025-06-01
ORD00512,2024-08-12,C0316,Hyderabad,Books,Cookbook,2.0,675.65,0.0,1351.0,Debit Card,3.0,1.0,False,False,1351.0,2024-08-01
ORD01602,2025-04-06,C0158,Mumbai,Home,Pressure Cooker,5.0,2521.33,10.0,11345.97,Credit Card,2.0,5.0,False,False,11345.97,2025-04-01
ORD00573,,C0252,Mumbai,Electronics,Power Bank,1.0,1277.0,5.0,1213.1499999999999,UPI,,4.0,False,False,,
ORD02111,2024-12-09,C0151,Hyderabad,Home,Table Lamp,5.0,701.62,5.0,3333.0,Credit Card,3.0,1.0,False,False,3333.0,2024-12-01
ORD01076,2024-12-22,C0233,Chennai,Books,Textbook,1.0,1316.31,5.0,1250.4944999999998,UPI,1.0,3.0,False,False,,2024-12-01
ORD01785,2024-06-14,C0232,Kolkata,Grocery,Coffee 500g,2.0,388.0,,776.0,Credit Card,1.0,2.0,False,False,776.0,2024-06-01
ORD02466,2024-03-25,C0272,Mumbai,Grocery,Basmati Rice 5kg,4.0,496.27,0.0,1985.09,Net Banking,8.0,3.0,False,False,1985.09,2024-03-01
ORD00846,2024-11-16,C0397,Bengaluru,Books,Cookbook,2.0,606.32,15.0,1030.75,UPI,5.0,4.0,False,False,1030.75,2024-11-01
ORD02287,2025-04-11,C0200,Ahmedabad,Grocery,Coffee 500g,3.0,,0.0,1243.76,Net Banking,4.0,,False,False,1243.76,2025-04-01
ORD00458,2025-05-09,C0082,Kolkata,Grocery,Basmati Rice 5kg,1.0,521.0,10.0,468.90000000000003,Debit Card,7.0,,False,False,,2025-05-01
ORD00434,2024-02-02,C0328,Delhi,Clothing,Running Shoes,2.0,2073.66,,3110.49,Credit Card,1.0,4.0,False,False,3110.49,2024-02-01
ORD01713,2024-10-27,C0370,Hyderabad,Electronics,Smart Watch,1.0,3690.0,,,UPI,2.0,5.0,False,False,,2024-10-01
ORD02625,2025-02-24,C0121,Bengaluru,Books,Textbook,3.0,1277.0,0.0,3829.84,COD,3.0,4.0,False,False,3829.84,2025-02-01
ORD00322,2024-02-02,C0058,Mumbai,Electronics,Wireless Earbuds,1.0,2705.56,0.0,2705.56,Debit Card,4.0,4.0,False,False,2705.56,2024-02-01
ORD00701,2024-08-19,C0135,Mumbai,Home,Table Lamp,1.0,808.0,20.0,647.0,Net Banking,1.0,3.0,False,False,647.0,2024-08-01
ORD02780,2024-06-22,C0362,Bengaluru,Clothing,Cotton Kurta,1.0,971.0,,874.0,Credit Card,2.0,5.0,False,False,874.0,2024-06-01
ORD02897,2024-12-09,C0402,Chennai,Electronics,Smart Watch,2.0,4322.0,0.0,8644.0,COD,1.0,4.0,False,False,,2024-12-01
ORD01538,2024-06-24,C0343,Ahmedabad,Home,Table Lamp,1.0,,0.0,719.03,COD,2.0,4.0,False,False,719.03,2024-06-01
ORD00679,2024-02-08,C0464,Bengaluru,Books,Novel,5.0,438.22,10.0,1971.98,Credit Card,,4.0,False,False,1971.98,2024-02-01
ORD02686,2024-08-01,C0416,Kolkata,Home,Bedsheet Set,1.0,1201.89,25.0,901.0,Credit Card,7.0,,False,False,901.0,2024-08-01
ORD00176,2024-09-15,C0245,Mumbai,Electronics,Power Bank,4.0,1346.0,0.0,5385.0,COD,2.0,4.0,False,False,5385.0,2024-09-01
ORD02909,2025-03-10,C0264,Delhi,Electronics,Power Bank,2.0,1274.0,,2420.73,Debit Card,5.0,,False,False,2420.73,2025-03-01
ORD01147,2024-05-13,C0074,Ahmedabad,Grocery,Olive Oil 1L,4.0,789.91,0.0,3160.0,Credit Card,7.0,4.0,False,False,3160.0,2024-05-01
ORD01271,2024-10-13,C0180,Hyderabad,Clothing,Denim Jeans,2.0,1649.0,20.0,2639.0,COD,1.0,4.0,False,False,2639.0,2024-10-01
ORD02107,2024-04-04,C0073,Delhi,Clothing,Running Shoes,2.0,2089.84,0.0,4179.67,Net Banking,1.0,4.0,False,False,4179.67,2024-04-01
ORD01344,2024-10-20,C0062,Ahmedabad,Books,Cookbook,3.0,603.58,0.0,1810.73,Debit Card,6.0,3.0,False,False,1810.73,2024-10-01
ORD02756,2024-02-18,C0070,Hyderabad,Electronics,Smart Watch,5.0,3799.0,5.0,18047.39,Credit Card,2.0,,False,False,18047.39,2024-02-01
ORD01114,2024-08-15,C0293,Chennai,Books,Textbook,1.0,1326.75,0.0,1327.0,Credit Card,3.0,2.0,False,False,1327.0,2024-08-01
ORD02346,2025-06-19,C0274,Chennai,Electronics,Power Bank,1.0,1424.86,10.0,1282.374,Net Banking,6.0,,False,False,,2025-06-01
ORD01030,2025-04-21,C0308,Ahmedabad,Electronics,Smart Watch,1.0,,5.0,4134.63,Credit Card,5.0,5.0,False,False,4134.63,2025-04-01
ORD02596,2025-04-09,C0281,Delhi,Grocery,Olive Oil 1L,2.0,833.95,5.0,1584.505,Credit Card,1.0,3.0,False,False,,2025-04-01
ORD00643,2024-07-03,C0270,Ahmedabad,Electronics,Wireless Earbuds,2.0,2417.0,25.0,3625.49,Credit Card,4.0,,False,False,3625.49,2024-07-01
ORD02922,2024-03-02,C0032,Ahmedabad,Home,Bedsheet Set,4.0,1170.0,15.0,3976.95,COD,3.0,3.0,False,False,3976.95,2024-03-01
ORD02808,2024-02-15,C0136,Chennai,Grocery,Olive Oil 1L,2.0,,5.0,1455.67,,4.0,5.0,False,False,1455.67,2024-02-01
ORD01339,2025-06-25,C0173,Mumbai,Grocery,Olive Oil 1L,4.0,821.0,0.0,3283.83,UPI,4.0,3.0,False,False,3283.83,2025-06-01
ORD00728,2024-10-03,C0434,Kolkata,Electronics,Smart Watch,1.0,4198.71,20.0,3358.97,Debit Card,6.0,5.0,False,False,3358.97,2024-10-01
ORD00197,2025-05-06,,Mumbai,Books,Textbook,1.0,1293.0,15.0,1099.05,Debit Card,4.0,4.0,False,False,,2025-05-01
ORD02758,2025-06-26,C0426,Mumbai,Books,Novel,1.0,400.82,0.0,400.82,UPI,1.0,2.0,False,False,400.82,2025-06-01
ORD00171,2024-11-25,C0235,Mumbai,Electronics,Power Bank,2.0,1368.79,0.0,2737.57,Credit Card,5.0,3.0,False,False,2737.57,2024-11-01
ORD00622,2024-03-08,C0411,Mumbai,Grocery,Basmati Rice 5kg,2.0,,20.0,892.0,Debit Card,6.0,,False,False,892.0,2024-03-01
ORD02837,2024-10-05,C0037,Kolkata,Books,Textbook,10.0,1317.16,25.0,9879.0,Net Banking,6.0,4.0,False,False,9879.0,2024-10-01
ORD00089,2024-07-19,C0401,Kolkata,Books,Textbook,4.0,1130.0,0.0,4521.0,UPI,0.0,3.0,False,False,4521.0,2024-07-01
ORD00556,2024-08-01,C0374,Bengaluru,Home,Pressure Cooker,1.0,2669.0,10.0,2401.84,Net Banking,4.0,3.0,False,False,2401.84,2024-08-01
ORD01158,2025-06-07,C0359,Delhi,Electronics,Smart Watch,1.0,4156.79,10.0,3741.11,COD,3.0,2.0,False,False,3741.11,2025-06-01
ORD01748,2024-09-09,C0006,Chennai,Clothing,Denim Jeans,2.0,1618.07,5.0,3074.34,Credit Card,5.0,4.0,False,False,3074.34,2024-09-01
ORD02210,,C0021,Delhi,Grocery,Basmati Rice 5kg,1.0,568.0,5.0,539.52,Credit Card,,5.0,False,False,539.52,
ORD00480,2024-04-11,C0471,Delhi,Clothing,Denim Jeans,5.0,1516.0,15.0,6443.32,Debit Card,4.0,1.0,False,False,6443.32,2024-04-01
ORD00818,2024-06-10,C0122,Mumbai,Clothing,Running Shoes,3.0,2339.54,10.0,6316.75,UPI,1.0,3.0,False,False,6316.75,2024-06-01
ORD00409,2024-08-16,C0143,Mumbai,Electronics,Power Bank,2.0,1268.0,0.0,2536.0,COD,3.0,5.0,False,False,2536.0,2024-08-01
ORD00333,2024-09-27,C0292,Chennai,Home,Table Lamp,5.0,740.92,0.0,3704.6,Credit Card,5.0,5.0,False,False,3704.6,2024-09-01
ORD02132,2025-01-11,C0137,Mumbai,Electronics,Power Bank,4.0,1371.94,,,COD,2.0,,False,False,,2025-01-01
ORD02802,2025-03-15,C0007,Mumbai,Books,Cookbook,2.0,646.6,20.0,1035.0,Credit Card,,1.0,False,False,1035.0,2025-03-01
ORD00153,2025-02-24,C0498,Mumbai,Clothing,Running Shoes,3.0,,0.0,7238.61,Net Banking,4.0,5.0,False,False,7238.61,2025-02-01
ORD01279,2024-12-12,C0366,Mumbai,Books,Novel,1.0,436.75,0.0,437.0,UPI,7.0,,False,False,437.0,2024-12-01
ORD02773,2024-06-12,,Hyderabad,Grocery,Basmati Rice 5kg,1.0,582.0,0.0,582.34,COD,3.0,,False,False,582.34,2024-06-01
ORD02636,2024-10-15,C0111,Delhi,Electronics,Wireless Earbuds,4.0,2546.0,0.0,10185.69,Net Banking,5.0,1.0,False,False,10185.69,2024-10-01
ORD00026,2025-01-23,C0090,Chennai,Grocery,Basmati Rice 5kg,1.0,551.51,25.0,413.63,COD,2.0,,False,False,413.63,2025-01-01
ORD02834,2024-05-30,C0029,Kolkata,Electronics,Wireless Earbuds,4.0,2574.0,10.0,9265.09,Debit Card,3.0,,False,False,9265.09,2024-05-01
ORD01262,2024-03-03,C0015,Delhi,Grocery,Coffee 500g,1.0,397.0,15.0,337.06,UPI,3.0,2.0,False,False,337.06,2024-03-01
ORD01833,2024-01-13,,Mumbai,Books,Novel,1.0,421.0,15.0,357.84999999999997,Net Banking,4.0,,False,False,,2024-01-01
ORD01887,2024-12-17,C0095,Hyderabad,Clothing,Running Shoes,1.0,,5.0,2290.0,UPI,2.0,2.0,False,False,2290.0,2024-12-01
ORD02959,2024-02-25,C0046,Chennai,Electronics,Wireless Earbuds,3.0,,5.0,7702.12,Credit Card,4.0,4.0,False,False,7702.12,2024-02-01
ORD01323,2024-07-22,C0134,Ahmedabad,Grocery,Olive Oil 1L,3.0,827.15,5.0,2357.37,COD,1.0,4.0,False,False,2357.37,2024-07-01
ORD02985,2024-06-06,C0035,Kolkata,Clothing,Running Shoes,1.0,,10.0,1907.0,Credit Card,5.0,,False,False,1907.0,2024-06-01
ORD02723,2025-06-24,C0005,Delhi,Grocery,Olive Oil 1L,4.0,754.01,0.0,3016.04,Net Banking,8.0,4.5,False,False,,2025-06-01
ORD00417,2024-09-12,C0145,Mumbai,Books,Cookbook,3.0,679.21,0.0,2037.64,Debit Card,4.0,,False,False,2037.64,2024-09-01
ORD00830,2024-12-20,C0450,Ahmedabad,Grocery,Basmati Rice 5kg,3.0,511.26,20.0,1227.0,Net Banking,4.0,4.0,False,False,1227.0,2024-12-01
ORD00651,2025-01-07,C0464,Bengaluru,Home,Bedsheet Set,1.0,1112.41,10.0,1001.1690000000001,Debit Card,,4.0,False,False,,2025-01-01
ORD00347,2025-02-09,C0199,Kolkata,Grocery,Coffee 500g,,383.78,5.0,,Net Banking,5.0,5.0,False,False,,2025-02-01
ORD00870,2025-02-03,C0229,Delhi,Grocery,Basmati Rice 5kg,1.0,552.0,,552.22,COD,5.0,5.0,False,False,552.22,2025-02-01
ORD00315,2025-06-07,C0070,Hyderabad,Home,Pressure Cooker,1.0,,,3047.0,COD,1.0,3.0,False,False,3047.0,2025-06-01
ORD01375,2025-02-15,C0344,Hyderabad,Electronics,Power Bank,5.0,1277.61,0.0,6388.049999999999,Credit Card,2.0,3.0,False,False,,2025-02-01
ORD00068,2024-10-14,C0229,Delhi,Books,Cookbook,2.0,616.27,5.0,1170.91,Credit Card,1.0,3.0,False,False,1170.91,2024-10-01
ORD00565,,C0368,Mumbai,Electronics,Wireless Earbuds,2.0,2574.31,15.0,4376.0,Credit Card,5.0,4.0,False,False,4376.0,
ORD02008,2024-09-24,C0466,Delhi,Home,Pressure Cooker,1.0,3011.15,15.0,2559.48,COD,3.0,4.0,False,False,2559.48,2024-09-01
ORD01049,2024-08-07,C0059,Mumbai,Grocery,Coffee 500g,1.0,392.0,10.0,352.8,UPI,1.0,4.0,False,True,727.7,2024-08-01
ORD02580,2024-09-09,C0053,Ahmedabad,Books,Textbook,1.0,1294.0,10.0,1164.32,UPI,3.0,5.0,False,False,1164.32,2024-09-01
ORD00371,2025-05-19,C0226,Mumbai,Grocery,Olive Oil 1L,2.0,,0.0,,Credit Card,,3.0,False,False,,2025-05-01
ORD01012,2024-05-29,C0392,Mumbai,Grocery,Olive Oil 1L,2.0,,10.0,1455.1,Debit Card,,5.0,False,False,1455.1,2024-05-01
ORD01614,,C0261,Delhi,Home,Pressure Cooker,3.0,,10.0,8170.9,COD,3.0,4.0,False,False,8170.9,
ORD01881,2024-01-23,C0329,Hyderabad,Electronics,Wireless Earbuds,1.0,2555.0,10.0,2299.42,Credit Card,4.0,4.0,False,False,2299.42,2024-01-01
ORD00433,2024-11-05,C0146,Hyderabad,Grocery,Coffee 500g,1.0,,15.0,362.0,Debit Card,,3.0,False,False,362.0,2024-11-01
ORD02430,2025-01-19,C0470,Mumbai,Clothing,Cotton Kurta,1.0,847.35,10.0,762.615,Net Banking,1.0,2.0,False,False,,2025-01-01
ORD00945,,C0327,Hyderabad,Clothing,Denim Jeans,3.0,1522.61,0.0,4568.0,UPI,1.0,4.0,False,False,4568.0,
ORD00125,2025-04-23,C0240,Mumbai,Home,Bedsheet Set,1.0,1203.08,10.0,1083.0,UPI,3.0,4.0,False,False,1083.0,2025-04-01
ORD02516,2025-02-23,C0255,Mumbai,Clothing,Running Shoes,1.0,2494.74,0.0,2494.74,COD,2.0,3.0,False,False,2494.74,2025-02-01
ORD02916,2025-04-14,C0330,Ahmedabad,Books,Cookbook,2.0,,5.0,3223.7,Debit Card,1.0,3.0,False,False,3223.7,2025-04-01
ORD01242,2024-12-07,C0124,Ahmedabad,Books,Novel,4.0,,0.0,1747.0,Credit Card,4.0,5.0,False,False,1747.0,2024-12-01
ORD02244,2025-03-19,C0269,Kolkata,Grocery,Olive Oil 1L,1.0,761.0,0.0,761.23,Credit Card,3.0,5.0,False,False,761.23,2025-03-01
ORD01363,2024-12-02,C0446,Chennai,Clothing,Denim Jeans,2.0,,,2860.0,Credit Card,2.0,4.0,False,False,2860.0,2024-12-01
ORD01707,2024-12-17,,Delhi,Grocery,Basmati Rice 5kg,2.0,578.39,20.0,925.43,Net Banking,3.0,5.0,False,False,925.43,2024-12-01
ORD02867,2024-02-17,C0459,Mumbai,Clothing,Denim Jeans,2.0,1586.63,0.0,3173.0,Credit Card,3.0,4.0,False,False,3173.0,2024-02-01
ORD02655,2025-04-15,C0479,Hyderabad,Clothing,Cotton Kurta,1.0,960.0,0.0,960.0,Credit Card,3.0,4.0,False,False,,2025-04-01
ORD01638,2024-01-26,C0022,Chennai,Books,Textbook,3.0,1153.27,5.0,3287.0,Debit Card,4.0,1.0,False,False,3287.0,2024-01-01
ORD02883,2024-04-19,C0261,Delhi,Grocery,Coffee 500g,5.0,400.83,,,Net Banking,,1.0,False,False,,2024-04-01
ORD02783,2024-09-16,C0184,Mumbai,Electronics,Wireless Earbuds,2.0,2413.58,0.0,4827.17,COD,7.0,5.0,False,False,4827.17,2024-09-01
ORD02824,2024-01-05,C0047,Ahmedabad,Grocery,Olive Oil 1L,2.0,720.09,20.0,1152.0,Credit Card,2.0,5.0,False,False,1152.0,2024-01-01
ORD00865,2024-09-08,C0047,Ahmedabad,Grocery,Olive Oil 1L,2.0,729.0,10.0,1312.38,COD,1.0,5.0,False,False,1312.38,2024-09-01
ORD00300,2024-08-29,C0475,Mumbai,Books,Cookbook,10.0,676.01,5.0,6422.14,Debit Card,2.0,5.0,False,False,6422.14,2024-08-01
ORD01802,2024-01-15,C0324,Mumbai,Clothing,Denim Jeans,3.0,1459.0,10.0,3940.0,Credit Card,2.0,4.0,False,False,3940.0,2024-01-01
ORD02271,2025-04-26,C0072,Chennai,Home,Table Lamp,4.0,809.0,0.0,3236.0,Credit Card,7.0,4.0,False,False,3236.0,2025-04-01
ORD02498,2024-02-08,C0140,Bengaluru,Electronics,Wireless Earbuds,1.0,2343.0,10.0,2109.0,Credit Card,5.0,4.0,False,False,2109.0,2024-02-01
ORD01768,2024-04-28,C0114,Mumbai,Home,Table Lamp,2.0,,0.0,1381.0,COD,3.0,5.0,False,False,1381.0,2024-04-01
ORD00777,2024-08-28,C0129,Hyderabad,Grocery,Basmati Rice 5kg,2.0,516.0,,1032.0,COD,8.0,4.0,False,False,1032.0,2024-08-01
ORD02320,2024-01-14,C0330,Ahmedabad,Books,Novel,3.0,396.62,5.0,1130.37,Debit Card,1.0,2.0,False,False,1130.37,2024-01-01
ORD00081,2025-03-25,C0248,Delhi,Home,Pressure Cooker,10.0,2990.3,5.0,28408.0,Credit Card,2.0,,False,False,28408.0,2025-03-01
ORD00791,2024-05-19,,Hyderabad,Home,Pressure Cooker,1.0,2589.88,0.0,2589.88,UPI,3.0,5.0,False,False,2589.88,2024-05-01
ORD00681,2024-01-12,C0232,Kolkata,Clothing,Denim Jeans,1.0,1478.0,10.0,1330.0,Credit Card,1.0,3.0,False,False,1330.0,2024-01-01
ORD01056,2024-12-05,C0015,Delhi,Books,Cookbook,1.0,604.93,0.0,604.93,Credit Card,7.0,5.0,False,False,604.93,2024-12-01
ORD01053,2024-05-20,C0255,Mumbai,Electronics,Wireless Earbuds,5.0,2476.0,,11143.31,Credit Card,4.0,,False,False,11143.31,2024-05-01
ORD00323,2025-02-08,C0054,Kolkata,Home,Table Lamp,1.0,700.49,0.0,700.49,COD,6.0,3.0,False,True,1637.44,2025-02-01
ORD01617,2025-05-04,C0277,Hyderabad,Electronics,Wireless Earbuds,1.0,2565.0,10.0,2309.0,COD,2.0,3.0,False,False,2309.0,2025-05-01
ORD02753,2024-02-27,C0003,Chennai,Clothing,Running Shoes,2.0,2454.0,,,Net Banking,3.0,4.0,False,False,,2024-02-01
ORD02483,2025-05-20,C0471,Delhi,Books,Textbook,1.0,1361.04,5.0,1292.99,Net Banking,7.0,4.0,False,False,1292.99,2025-05-01
ORD00451,2025-02-14,C0388,Chennai,Clothing,Denim Jeans,1.0,,10.0,,COD,5.0,5.0,False,False,,2025-02-01
ORD01179,2025-03-11,C0149,Kolkata,Clothing,Denim Jeans,1.0,,10.0,1474.0,COD,1.0,5.0,False,False,1474.0,2025-03-01
ORD01883,2024-07-06,C0416,Kolkata,Clothing,Running Shoes,1.0,2465.0,20.0,1972.0,UPI,2.0,5.0,False,False,1972.0,2024-07-01
ORD01175,2024-01-13,C0375,Bengaluru,Clothing,Cotton Kurta,1.0,924.04,0.0,924.04,Credit Card,2.0,5.0,False,False,,2024-01-01
ORD00142,2024-09-23,C0169,Bengaluru,Home,Bedsheet Set,2.0,,5.0,2459.98,Debit Card,5.0,5.0,False,False,2459.98,2024-09-01
ORD00479,2024-09-02,C0206,Mumbai,Electronics,Smart Watch,1.0,4359.76,5.0,4141.772,COD,,,False,False,,2024-09-01
ORD01371,2024-11-14,,Bengaluru,Grocery,Coffee 500g,1.0,403.0,0.0,403.0,Credit Card,6.0,,False,False,403.0,2024-11-01
ORD01986,2024-11-26,C0437,Mumbai,Electronics,Wireless Earbuds,2.0,,0.0,,UPI,3.0,,False,False,,2024-11-01
ORD01682,2024-08-15,C0408,Bengaluru,Grocery,Olive Oil 1L,4.0,704.33,0.0,2817.32,Net Banking,8.0,5.0,False,False,,2024-08-01
ORD02145,2025-03-10,C0213,Kolkata,Clothing,Denim Jeans,3.0,1743.72,,4708.0,UPI,1.0,,False,False,4708.0,2025-03-01
ORD00868,2024-05-03,C0287,Mumbai,Books,Textbook,2.0,1248.89,0.0,2498.0,Credit Card,3.0,4.0,False,False,2498.0,2024-05-01
ORD01196,2025-05-31,C0454,Hyderabad,Home,Table Lamp,2.0,,15.0,,Debit Card,5.0,5.0,False,False,,2025-05-01
ORD02080,2025-03-08,,Mumbai,Electronics,Wireless Earbuds,3.0,2564.0,10.0,6923.1,Credit Card,2.0,5.0,False,False,6923.1,2025-03-01
ORD02444,2024-06-09,C0023,Chennai,Home,Table Lamp,3.0,819.0,5.0,2334.0,UPI,2.0,5.0,False,False,2334.0,2024-06-01
ORD02234,2024-07-08,C0404,Chennai,Electronics,Smart Watch,2.0,4032.0,0.0,8063.34,UPI,,,False,False,8063.34,2024-07-01
ORD00178,2025-03-16,C0357,Mumbai,Books,Textbook,2.0,1170.75,0.0,2341.0,,1.0,,False,False,2341.0,2025-03-01
ORD01962,2024-02-23,C0274,Chennai,Grocery,Olive Oil 1L,4.0,730.45,0.0,2921.78,UPI,2.0,5.0,False,False,2921.78,2024-02-01
ORD01576,2025-01-17,C0440,Chennai,Electronics,Smart Watch,1.0,4139.0,20.0,3311.2000000000003,Debit Card,3.0,5.0,False,False,,2025-01-01
ORD01711,2024-03-10,C0168,Chennai,Books,Novel,1.0,397.0,0.0,397.0,UPI,4.0,5.0,False,False,,2024-03-01
ORD00706,2024-11-06,C0234,Ahmedabad,Home,Pressure Cooker,1.0,2761.02,10.0,2484.92,COD,4.0,2.0,False,False,2484.92,2024-11-01
ORD02067,2024-01-04,C0414,Kolkata,Electronics,Smart Watch,1.0,3858.71,10.0,3472.84,Credit Card,1.0,2.0,False,False,3472.84,2024-01-01
ORD00184,2024-08-21,C0464,Bengaluru,Home,Bedsheet Set,1.0,1278.45,25.0,959.0,Credit Card,7.0,3.0,False,False,959.0,2024-08-01
ORD00424,2025-05-29,C0157,Chennai,Books,Textbook,3.0,1293.0,0.0,3880.29,Credit Card,1.0,2.0,False,False,3880.29,2025-05-01
ORD01284,2025-06-15,C0174,Delhi,Home,Pressure Cooker,5.0,2658.28,0.0,13291.38,Credit Card,1.0,4.0,False,False,13291.38,2025-06-01
ORD00606,2024-04-12,C0417,Chennai,Electronics,Smart Watch,1.0,3646.28,0.0,3646.0,Credit Card,2.0,,False,False,3646.0,2024-04-01
ORD02876,2024-02-26,C0389,Mumbai,Clothing,Denim Jeans,2.0,1736.88,0.0,3473.75,COD,5.0,,False,False,3473.75,2024-02-01
ORD00611,2025-03-16,C0389,Mumbai,Electronics,Smart Watch,1.0,4188.0,,3560.0,Debit Card,2.0,4.0,False,False,3560.0,2025-03-01
ORD02316,2024-11-01,C0428,Mumbai,Clothing,Running Shoes,1.0,,5.0,4707.0,Credit Card,5.0,4.0,False,False,4707.0,2024-11-01
ORD00600,2024-03-03,C0284,Mumbai,Home,Pressure Cooker,1.0,2552.64,0.0,2552.64,UPI,7.0,2.0,False,False,2552.64,2024-03-01
ORD02088,2025-03-08,C0046,Chennai,Clothing,Running Shoes,10.0,2130.75,10.0,19176.77,Net Banking,,,False,False,19176.77,2025-03-01
ORD00369,2024-04-12,C0015,Delhi,Home,Table Lamp,2.0,,0.0,1615.0,COD,,4.0,False,False,1615.0,2024-04-01
ORD02689,2024-12-05,C0036,Mumbai,Books,Textbook,1.0,1302.0,0.0,1301.62,Debit Card,6.0,,False,False,1301.62,2024-12-01
ORD01955,2024-05-17,C0472,Hyderabad,Books,Textbook,2.0,,5.0,,Debit Card,6.0,3.0,False,False,,2024-05-01
ORD01188,2025-04-03,C0006,Chennai,Electronics,Power Bank,2.0,1361.02,0.0,2722.05,COD,3.0,,False,False,2722.05,2025-04-01
ORD00344,,C0414,Kolkata,Grocery,Olive Oil 1L,1.0,792.54,0.0,793.0,Debit Card,3.0,3.0,False,False,793.0,
ORD00163,,C0135,Mumbai,Books,Cookbook,2.0,,15.0,1056.0,UPI,1.0,,False,False,1056.0,
ORD01832,2024-06-27,C0356,Chennai,Grocery,Basmati Rice 5kg,1.0,505.92,15.0,430.03,Credit Card,2.0,,False,False,430.03,2024-06-01
ORD01867,2024-07-05,C0271,Hyderabad,Electronics,Power Bank,4.0,1354.14,10.0,4874.91,UPI,5.0,4.0,False,False,4874.91,2024-07-01
ORD01045,2024-09-10,C0035,Kolkata,Books,Cookbook,3.0,687.7,,2063.09,Credit Card,4.0,,False,False,2063.09,2024-09-01
ORD00555,2024-06-20,C0139,Mumbai,Clothing,Denim Jeans,1.0,1578.0,15.0,1341.0,COD,4.0,,False,False,1341.0,2024-06-01
ORD00943,2024-05-29,C0491,Kolkata,Grocery,Basmati Rice 5kg,4.0,554.0,15.0,1884.13,Net Banking,1.0,,False,False,1884.13,2024-05-01
ORD01627,2024-08-17,C0430,Kolkata,Grocery,Coffee 500g,1.0,403.0,20.0,322.63,Debit Card,6.0,4.0,False,False,322.63,2024-08-01
ORD02811,2024-03-28,C0013,Mumbai,Grocery,Olive Oil 1L,1.0,,0.0,766.99,Debit Card,1.0,5.0,False,False,766.99,2024-03-01
ORD00031,2024-02-22,C0325,Bengaluru,Home,Table Lamp,10.0,737.93,,,Credit Card,7.0,3.0,False,False,,2024-02-01
ORD02872,2024-04-02,C0143,Mumbai,Home,Bedsheet Set,1.0,1176.23,10.0,1059.0,Debit Card,2.0,5.0,False,False,1059.0,2024-04-01
ORD01958,2025-01-10,C0498,Mumbai,Books,Novel,3.0,390.0,5.0,1111.5,UPI,4.0,4.0,False,False,,2025-01-01
ORD02993,2025-04-01,C0356,Chennai,Electronics,Smart Watch,2.0,,0.0,8402.0,COD,,4.0,False,False,8402.0,2025-04-01
ORD00174,2025-06-15,C0248,Delhi,Electronics,Smart Watch,4.0,4039.97,10.0,14544.0,Credit Card,3.0,2.0,False,False,14544.0,2025-06-01
ORD02578,2025-01-15,C0176,Kolkata,Grocery,Basmati Rice 5kg,2.0,588.74,,1177.49,COD,4.0,,False,False,1177.49,2025-01-01
ORD00297,2025-04-23,C0058,Mumbai,Electronics,Power Bank,1.0,1383.48,25.0,1037.61,Credit Card,3.0,4.0,False,False,1037.61,2025-04-01
ORD00326,2024-08-15,C0164,Bengaluru,Electronics,Power Bank,1.0,1384.15,10.0,1245.7350000000001,Net Banking,7.0,2.0,False,False,,2024-08-01
ORD01449,2024-02-11,C0393,Chennai,Electronics,Wireless Earbuds,2.0,2434.7,25.0,3652.0499999999997,Credit Card,1.0,5.0,False,False,,2024-02-01
ORD00412,2024-10-19,C0079,Bengaluru,Grocery,Basmati Rice 5kg,4.0,566.13,25.0,1698.0,Credit Card,4.0,4.0,False,False,1698.0,2024-10-01
ORD02500,,C0445,Mumbai,Electronics,Power Bank,2.0,1385.51,15.0,2355.36,Debit Card,3.0,,False,False,2355.36,
ORD00529,2025-09-04,C0493,Delhi,Clothing,Cotton Kurta,1.0,811.09,5.0,770.54,Credit Card,5.0,5.0,True,False,770.54,2025-09-01
ORD01229,2024-11-01,C0024,Kolkata,Grocery,Basmati Rice 5kg,2.0,538.0,,914.65,COD,1.0,3.0,False,False,914.65,2024-11-01
ORD02468,2024-09-02,C0415,Delhi,Books,Textbook,,1173.54,10.0,,Credit Card,1.0,4.0,False,False,,2024-09-01
ORD01150,2024-05-17,,Bengaluru,Books,Cookbook,3.0,605.93,25.0,1363.34,Debit Card,4.0,3.0,False,False,1363.34,2024-05-01
ORD01209,2024-09-26,C0498,Mumbai,Electronics,Power Bank,1.0,1198.54,0.0,1198.54,Net Banking,5.0,5.0,False,False,1198.54,2024-09-01
ORD01717,2025-04-22,C0262,Kolkata,Books,Textbook,1.0,1160.0,0.0,1160.0,Debit Card,6.0,,False,False,1160.0,2025-04-01
ORD01850,2025-05-19,C0428,Mumbai,Books,Cookbook,1.0,,0.0,693.32,COD,2.0,1.0,False,False,693.32,2025-05-01
ORD01980,2024-07-27,C0468,Ahmedabad,Home,Pressure Cooker,1.0,2950.36,5.0,2802.85,Credit Card,7.0,5.0,False,False,2802.85,2024-07-01
ORD00528,2025-04-19,C0205,Bengaluru,Home,Table Lamp,1.0,818.02,0.0,818.02,COD,,3.0,False,True,1722.0,2025-04-01
ORD02593,2025-01-31,C0269,Kolkata,Home,Bedsheet Set,4.0,1148.56,10.0,4134.81,UPI,4.0,3.0,False,False,4134.81,2025-01-01
ORD00074,2025-06-15,,Bengaluru,Home,Table Lamp,2.0,800.49,5.0,1521.0,Credit Card,3.0,3.0,False,False,1521.0,2025-06-01
ORD01534,2024-08-27,C0495,Mumbai,Home,Bedsheet Set,2.0,1291.0,25.0,1937.0,Debit Card,7.0,4.0,False,False,1937.0,2024-08-01
ORD02162,2024-02-19,C0066,Delhi,Grocery,Basmati Rice 5kg,1.0,519.22,15.0,441.0,Net Banking,8.0,,False,False,441.0,2024-02-01
ORD02536,2025-03-06,C0456,Chennai,Electronics,Smart Watch,2.0,,20.0,6329.0,Debit Card,8.0,4.0,False,False,6329.0,2025-03-01
ORD01789,2024-11-13,C0156,Delhi,Home,Table Lamp,2.0,733.0,10.0,1319.91,UPI,2.0,2.0,False,False,1319.91,2024-11-01
ORD02380,2024-08-05,C0170,Mumbai,Electronics,Smart Watch,2.0,3644.0,0.0,7287.05,COD,8.0,5.0,False,False,7287.05,2024-08-01
ORD01254,2025-04-27,C0500,Mumbai,Home,Bedsheet Set,5.0,1209.19,0.0,6045.94,COD,4.0,,False,False,6045.94,2025-04-01
ORD02227,2025-04-10,C0054,Kolkata,Clothing,Running Shoes,3.0,2237.75,10.0,6042.0,Credit Card,,4.0,False,False,6042.0,2025-04-01
ORD02929,2025-05-16,C0266,Kolkata,Clothing,Running Shoes,2.0,2403.0,25.0,3604.46,Debit Card,2.0,3.0,False,False,3604.46,2025-05-01
ORD01466,2025-04-22,C0498,Mumbai,Home,Table Lamp,2.0,678.0,15.0,1152.25,Net Banking,2.0,4.0,False,False,1152.25,2025-04-01
ORD01361,2024-08-08,C0381,Chennai,Clothing,Running Shoes,4.0,2079.22,10.0,7485.0,UPI,3.0,4.0,False,False,7485.0,2024-08-01
ORD02092,2024-05-28,C0014,Mumbai,Grocery,Coffee 500g,1.0,399.0,5.0,379.04999999999995,Credit Card,2.0,5.0,False,False,,2024-05-01
ORD00411,2024-04-20,C0440,Chennai,Clothing,Cotton Kurta,1.0,,0.0,,COD,5.0,5.0,False,False,,2024-04-01
ORD00450,2024-02-13,C0243,Bengaluru,Clothing,Running Shoes,1.0,,0.0,2214.01,Credit Card,7.0,5.0,False,False,2214.01,2024-02-01
ORD01591,2024-03-04,C0447,Ahmedabad,Clothing,Cotton Kurta,3.0,926.97,10.0,2502.81,Debit Card,2.0,4.0,False,False,2502.81,2024-03-01
ORD02282,2025-04-17,C0075,Kolkata,Books,Cookbook,5.0,665.11,25.0,2494.0,Credit Card,3.0,,False,False,2494.0,2025-04-01
ORD00913,2024-10-31,C0300,Mumbai,Grocery,Basmati Rice 5kg,1.0,,0.0,604.55,UPI,1.0,3.0,False,False,604.55,2024-10-01
ORD02549,2025-05-18,C0006,Chennai,Grocery,Olive Oil 1L,1.0,827.92,5.0,786.5239999999999,Debit Card,4.0,1.0,False,False,,2025-05-01
ORD00613,2024-09-13,C0411,Mumbai,Clothing,Denim Jeans,,1655.0,0.0,,Debit Card,3.0,4.0,False,False,,2024-09-01
ORD01609,2024-10-29,C0213,Kolkata,Home,Table Lamp,4.0,740.0,5.0,2812.6,UPI,7.0,4.0,False,False,2812.6,2024-10-01
ORD00325,2024-06-14,C0399,Mumbai,Electronics,Smart Watch,1.0,,0.0,3984.0,UPI,1.0,4.0,False,False,3984.0,2024-06-01
ORD00508,2025-01-04,C0210,Mumbai,Electronics,Wireless Earbuds,1.0,2664.46,,,Credit Card,2.0,,False,False,,2025-01-01
ORD02692,2024-10-29,C0266,Kolkata,Grocery,Olive Oil 1L,2.0,712.0,0.0,1423.03,Net Banking,1.0,5.0,False,False,1423.03,2024-10-01
ORD02873,2025-06-14,C0071,Delhi,Electronics,Smart Watch,5.0,4271.0,5.0,20288.79,UPI,1.0,5.0,False,False,20288.79,2025-06-01
ORD00496,2024-02-03,C0143,Mumbai,Clothing,Running Shoes,3.0,2180.22,10.0,5886.594,COD,4.0,5.0,False,False,,2024-02-01
ORD02494,2024-06-05,C0222,Ahmedabad,Clothing,Running Shoes,4.0,2349.0,0.0,9396.0,Net Banking,4.0,4.0,False,False,,2024-06-01
ORD02609,2025-05-13,C0077,Kolkata,Grocery,Basmati Rice 5kg,5.0,562.26,0.0,2811.3,Credit Card,3.0,,False,False,,2025-05-01
ORD02890,2024-07-03,C0029,Kolkata,Home,Table Lamp,,746.0,0.0,,UPI,1.0,3.0,False,False,,2024-07-01
ORD01006,2025-04-12,C0094,Chennai,Books,Textbook,1.0,1300.0,0.0,1299.8,Credit Card,3.0,,False,False,1299.8,2025-04-01
ORD02700,2024-03-02,C0332,Mumbai,Books,Textbook,1.0,1203.15,25.0,902.0,Credit Card,2.0,3.0,False,False,902.0,2024-03-01
ORD01719,2024-12-15,C0265,Mumbai,Electronics,Smart Watch,1.0,3710.0,0.0,3709.78,Debit Card,,5.0,False,False,3709.78,2024-12-01
ORD00240,2024-10-28,C0192,Mumbai,Electronics,Power Bank,1.0,1269.53,10.0,1142.57,UPI,2.0,,False,False,1142.57,2024-10-01
ORD02472,2024-03-24,C0130,Delhi,Grocery,Olive Oil 1L,2.0,751.71,0.0,1503.0,COD,2.0,5.0,False,False,1503.0,2024-03-01
ORD02024,,C0336,Mumbai,Home,Pressure Cooker,1.0,2606.57,0.0,2607.0,Credit Card,3.0,4.0,False,False,2607.0,
ORD02384,2025-05-01,C0075,Kolkata,Books,Novel,1.0,426.58,10.0,383.92,Net Banking,1.0,3.0,False,False,383.92,2025-05-01
ORD01331,2024-06-14,C0262,Kolkata,Home,Pressure Cooker,3.0,3051.24,0.0,9154.0,UPI,1.0,5.0,False,False,9154.0,2024-06-01
ORD01002,2025-02-07,C0185,Hyderabad,Books,Novel,2.0,367.41,5.0,698.08,COD,4.0,,False,False,698.08,2025-02-01
ORD01193,2024-03-31,C0175,Hyderabad,Home,Pressure Cooker,1.0,2599.0,20.0,2079.49,Debit Card,7.0,4.0,False,False,2079.49,2024-03-01
ORD02203,2024-03-19,C0422,Mumbai,Books,Cookbook,1.0,591.56,25.0,443.67,Net Banking,2.0,1.0,False,False,443.67,2024-03-01
ORD02964,2024-10-03,,Mumbai,Electronics,Wireless Earbuds,3.0,2269.22,5.0,6467.28,UPI,1.0,,False,False,6467.28,2024-10-01
ORD00890,2024-08-13,C0252,Mumbai,Home,Bedsheet Set,5.0,1223.02,0.0,6115.09,UPI,8.0,4.0,False,False,6115.09,2024-08-01
ORD01492,2025-04-29,C0483,Chennai,Books,Novel,2.0,,,752.74,Debit Card,4.0,3.0,False,False,752.74,2025-04-01
ORD01724,2024-12-19,C0363,Ahmedabad,Grocery,Basmati Rice 5kg,,,20.0,,Credit Card,2.0,3.0,False,False,,2024-12-01
ORD00545,2025-05-19,C0367,Mumbai,Electronics,Smart Watch,2.0,,5.0,,Credit Card,2.0,4.0,False,False,,2025-05-01
ORD01512,,C0422,Mumbai,Home,Pressure Cooker,1.0,2647.0,0.0,2647.0,Debit Card,7.0,2.0,False,False,2647.0,
ORD02981,2024-08-03,C0061,Mumbai,Grocery,Olive Oil 1L,1.0,795.0,15.0,675.75,Debit Card,1.0,5.0,False,False,,2024-08-01
ORD01733,2024-01-17,C0341,Mumbai,Books,Novel,3.0,380.0,5.0,1081.68,Credit Card,2.0,3.0,False,False,1081.68,2024-01-01
ORD02356,2025-01-02,C0326,Hyderabad,Clothing,Running Shoes,5.0,2256.0,0.0,11279.29,COD,1.0,2.0,False,False,11279.29,2025-01-01
ORD01180,2024-07-24,C0018,Bengaluru,Books,Cookbook,10.0,624.54,5.0,5933.14,Debit Card,3.0,,False,False,5933.14,2024-07-01
ORD00583,2025-01-19,C0325,Bengaluru,Books,Cookbook,1.0,605.53,0.0,605.53,Debit Card,5.0,5.0,False,False,605.53,2025-01-01
ORD02998,2025-04-04,C0162,Kolkata,Grocery,Olive Oil 1L,1.0,729.0,10.0,656.0,Net Banking,7.0,2.0,False,False,656.0,2025-04-01
ORD00719,2024-01-17,C0205,Bengaluru,Grocery,Olive Oil 1L,10.0,847.0,0.0,8469.0,Net Banking,4.0,4.0,False,False,8469.0,2024-01-01
ORD00953,2024-05-26,C0271,Hyderabad,Books,Cookbook,3.0,,,1819.62,Debit Card,2.0,,False,False,1819.62,2024-05-01
ORD02054,2024-12-08,C0410,Chennai,Home,Bedsheet Set,1.0,,,,UPI,0.0,,False,False,,2024-12-01
ORD02792,2024-10-15,C0090,Chennai,Books,Cookbook,1.0,,10.0,629.26,UPI,2.0,,False,False,629.26,2024-10-01
ORD01481,2024-04-10,C0489,Kolkata,Books,Cookbook,3.0,704.0,10.0,1900.8,UPI,8.0,4.0,False,False,,2024-04-01
ORD00415,2024-01-17,C0066,Delhi,Clothing,Cotton Kurta,2.0,979.29,15.0,1665.0,Net Banking,6.0,5.0,False,False,1665.0,2024-01-01
ORD01594,2024-06-14,C0251,Delhi,Grocery,Olive Oil 1L,4.0,,10.0,2813.0,,8.0,,False,False,2813.0,2024-06-01
ORD00507,2024-06-25,C0408,Bengaluru,Home,Table Lamp,2.0,699.27,20.0,1118.83,COD,,,False,False,1118.83,2024-06-01
ORD01256,2025-05-18,C0199,Kolkata,Home,Bedsheet Set,2.0,1258.0,5.0,2390.0,UPI,4.0,4.0,False,False,2390.0,2025-05-01
ORD02523,2025-06-15,C0246,Chennai,Clothing,Cotton Kurta,3.0,893.0,0.0,2679.0,UPI,3.0,5.0,False,False,,2025-06-01
ORD00109,2024-07-12,C0169,Bengaluru,Grocery,Coffee 500g,1.0,463.0,0.0,463.0,Credit Card,2.0,4.0,False,False,463.0,2024-07-01
ORD02398,2025-06-04,C0027,Hyderabad,Clothing,Cotton Kurta,2.0,,10.0,4421.0,Credit Card,2.0,,False,False,4421.0,2025-06-01
ORD00928,2024-08-02,C0217,Ahmedabad,Home,Bedsheet Set,2.0,1108.88,0.0,2218.0,Debit Card,1.0,4.0,False,False,2218.0,2024-08-01
ORD01103,2024-04-17,C0179,Mumbai,Books,Novel,5.0,403.0,0.0,2015.0,COD,4.0,,False,False,,2024-04-01
ORD01018,2024-07-20,C0303,Bengaluru,Home,Table Lamp,1.0,747.0,0.0,747.23,Credit Card,5.0,4.0,False,False,747.23,2024-07-01
ORD00319,2025-05-15,C0405,Chennai,Books,Cookbook,3.0,609.5,0.0,1828.5,Credit Card,,3.0,False,False,,2025-05-01
ORD01094,2024-02-04,C0433,Chennai,Grocery,Coffee 500g,1.0,384.0,10.0,345.51,COD,6.0,,False,False,345.51,2024-02-01
ORD01718,2025-05-26,C0473,Ahmedabad,Books,Novel,4.0,416.6,0.0,1666.38,UPI,2.0,3.0,False,False,1666.38,2025-05-01
ORD01957,2024-03-23,C0218,Chennai,Home,Table Lamp,3.0,763.0,5.0,2175.47,COD,3.0,4.0,False,False,2175.47,2024-03-01
ORD02209,2024-02-11,C0155,Bengaluru,Books,Textbook,3.0,1355.0,0.0,4065.0,Credit Card,3.0,3.0,False,False,4065.0,2024-02-01
ORD01037,2024-07-27,C0172,Hyderabad,Home,Bedsheet Set,1.0,1127.0,0.0,1127.0,COD,4.0,,False,False,1127.0,2024-07-01
ORD00403,2024-06-11,C0345,Hyderabad,Electronics,Smart Watch,3.0,3867.0,0.0,11601.0,UPI,1.0,4.0,False,False,11601.0,2024-06-01
ORD01974,2025-04-17,C0302,Chennai,Electronics,Wireless Earbuds,2.0,2508.74,15.0,4264.85,UPI,3.0,4.0,False,False,4264.85,2025-04-01
ORD00813,2024-03-17,C0305,Mumbai,Clothing,Denim Jeans,2.0,1749.0,0.0,3497.7,Credit Card,3.0,2.0,False,False,3497.7,2024-03-01
ORD01972,2024-03-12,C0295,Chennai,Books,Cookbook,5.0,683.32,15.0,2904.12,Net Banking,3.0,,False,False,2904.12,2024-03-01
ORD00848,2025-05-04,C0046,Chennai,Clothing,Running Shoes,4.0,2235.0,15.0,7600.0,Credit Card,3.0,,False,False,7600.0,2025-05-01
ORD00760,,C0391,Delhi,Clothing,Running Shoes,1.0,2260.0,10.0,2034.0,UPI,2.0,,False,False,2034.0,
ORD01840,2024-06-02,C0276,Ahmedabad,Grocery,Coffee 500g,1.0,413.73,5.0,393.0435,Debit Card,4.0,3.0,False,False,,2024-06-01
ORD00388,2024-09-12,C0170,Mumbai,Home,Pressure Cooker,3.0,2918.0,10.0,7878.0,Debit Card,1.0,,False,False,7878.0,2024-09-01
ORD02765,2025-01-20,C0116,Mumbai,Books,Novel,1.0,409.0,0.0,408.68,COD,1.0,4.0,False,False,408.68,2025-01-01
ORD00582,2024-12-24,C0417,Chennai,Home,Pressure Cooker,1.0,2534.16,0.0,2534.16,Net Banking,,5.0,False,False,2534.16,2024-12-01
ORD00786,2025-06-02,C0111,Delhi,Electronics,Power Bank,5.0,1367.0,10.0,6151.5,COD,4.0,,False,False,,2025-06-01
ORD00558,2024-06-16,C0009,Hyderabad,Clothing,Denim Jeans,1.0,1658.0,5.0,1575.0,Net Banking,4.0,2.0,False,False,1575.0,2024-06-01
ORD02621,2024-04-27,C0428,Mumbai,Home,Table Lamp,1.0,,10.0,663.83,Credit Card,4.0,3.0,False,False,663.83,2024-04-01
ORD01565,2024-07-08,C0321,Kolkata,Books,Novel,1.0,,10.0,390.0,Credit Card,2.0,5.0,False,False,390.0,2024-07-01
ORD01038,2025-06-12,C0113,Delhi,Clothing,Running Shoes,1.0,2152.94,15.0,1830.0,COD,5.0,2.0,False,False,1830.0,2025-06-01
ORD01863,2024-07-12,C0301,Chennai,Clothing,Running Shoes,1.0,2386.0,0.0,2386.34,Debit Card,4.0,,False,False,2386.34,2024-07-01
ORD00071,2024-04-21,C0151,Hyderabad,Books,Novel,1.0,381.12,,343.01,Debit Card,1.0,5.0,False,False,343.01,2024-04-01
ORD02220,2025-04-06,C0401,Kolkata,Home,Bedsheet Set,3.0,1237.0,0.0,3711.0,Debit Card,2.0,2.0,False,False,,2025-04-01
ORD02333,,C0006,Chennai,Grocery,Olive Oil 1L,1.0,772.74,15.0,656.829,Net Banking,1.0,4.0,False,False,,
ORD02572,2024-09-28,C0426,Mumbai,Clothing,Running Shoes,2.0,,0.0,4715.0,COD,1.0,5.0,False,False,4715.0,2024-09-01
ORD01911,2025-02-05,C0169,Bengaluru,Electronics,Smart Watch,2.0,,15.0,6468.34,Credit Card,3.0,2.0,False,False,6468.34,2025-02-01
ORD00057,2025-02-28,,Mumbai,Books,Novel,1.0,382.0,20.0,305.6,COD,2.0,3.0,False,False,,2025-02-01
ORD02255,2025-01-25,C0337,Mumbai,Grocery,Basmati Rice 5kg,5.0,507.81,0.0,2539.0,Credit Card,3.0,4.0,False,False,2539.0,2025-01-01
ORD02806,,C0478,Chennai,Grocery,Basmati Rice 5kg,4.0,603.03,,3840.0,Net Banking,4.0,4.0,False,False,3840.0,
ORD01377,2025-01-11,C0382,Hyderabad,Clothing,Cotton Kurta,2.0,834.67,20.0,1335.0,Credit Card,6.0,4.0,False,False,1335.0,2025-01-01
ORD01806,2025-05-04,C0379,Ahmedabad,Electronics,Wireless Earbuds,1.0,2650.77,5.0,2518.0,Credit Card,2.0,,False,False,2518.0,2025-05-01
ORD02856,2024-12-11,C0056,Kolkata,Books,Novel,4.0,416.37,0.0,1665.49,UPI,6.0,4.0,False,False,1665.49,2024-12-01
ORD01058,2024-11-11,C0125,Mumbai,Electronics,Smart Watch,2.0,3938.0,10.0,7088.0,Debit Card,2.0,5.0,False,False,7088.0,2024-11-01
ORD01337,2024-03-03,C0411,Mumbai,Grocery,Basmati Rice 5kg,2.0,602.0,5.0,1144.0,Debit Card,7.0,,False,False,1144.0,2024-03-01
ORD00310,2025-02-15,C0140,Bengaluru,Books,Novel,1.0,400.14,10.0,360.0,Net Banking,7.0,5.0,False,False,360.0,2025-02-01
ORD02831,2024-11-06,C0425,Chennai,Home,Table Lamp,10.0,,0.0,7718.06,Net Banking,6.0,5.0,False,False,7718.06,2024-11-01
ORD02212,2024-06-14,C0439,Ahmedabad,Home,Bedsheet Set,2.0,,20.0,1856.45,Debit Card,,4.0,False,False,1856.45,2024-06-01
ORD01011,2024-11-06,C0350,Delhi,Home,Pressure Cooker,2.0,2522.0,0.0,5044.0,Debit Card,8.0,,False,False,5044.0,2024-11-01
ORD02630,2024-03-30,C0489,Kolkata,Grocery,Coffee 500g,3.0,429.07,,1094.14,UPI,1.0,,False,False,1094.14,2024-03-01
ORD01608,2024-04-22,C0224,Kolkata,Clothing,Denim Jeans,3.0,1686.62,0.0,5059.86,UPI,3.0,,False,False,5059.86,2024-04-01
ORD01245,2024-05-25,C0311,Mumbai,Electronics,Power Bank,1.0,1292.88,0.0,1292.88,Net Banking,2.0,4.0,False,False,,2024-05-01
ORD00394,2024-02-05,C0391,Delhi,Electronics,Wireless Earbuds,1.0,2596.03,5.0,2466.22,COD,7.0,3.0,False,False,2466.22,2024-02-01
ORD02752,2025-04-30,C0392,Mumbai,Electronics,Wireless Earbuds,1.0,2689.0,0.0,2689.0,Credit Card,2.0,3.0,False,False,,2025-04-01
ORD00487,2024-03-19,C0127,Mumbai,Home,Pressure Cooker,2.0,,20.0,4715.68,Debit Card,4.0,5.0,False,False,4715.68,2024-03-01
ORD01692,2024-04-04,C0111,Delhi,Clothing,Cotton Kurta,1.0,862.69,5.0,819.5555,Debit Card,2.0,,False,False,,2024-04-01
ORD00533,2024-02-04,C0483,Chennai,Electronics,Smart Watch,1.0,3919.56,20.0,3135.65,Debit Card,4.0,,False,False,3135.65,2024-02-01
ORD02141,2025-09-06,C0351,Hyderabad,Home,Table Lamp,1.0,739.07,10.0,665.16,Debit Card,4.0,1.0,True,False,665.16,2025-09-01
ORD00569,2025-04-03,C0019,Chennai,Grocery,Basmati Rice 5kg,3.0,,0.0,1808.0,Debit Card,4.0,5.0,False,False,1808.0,2025-04-01
ORD02403,2024-01-04,C0382,Hyderabad,Grocery,Olive Oil 1L,1.0,778.0,0.0,778.0,Debit Card,2.0,4.0,False,False,778.0,2024-01-01
ORD01135,2024-10-29,C0225,Ahmedabad,Books,Novel,1.0,385.1,5.0,366.0,Credit Card,2.0,1.0,False,False,366.0,2024-10-01
ORD01035,2025-01-04,C0257,Hyderabad,Books,Cookbook,1.0,651.12,15.0,553.45,UPI,2.0,3.0,False,False,553.45,2025-01-01
ORD00933,2025-01-04,C0365,Mumbai,Home,Pressure Cooker,1.0,2705.0,5.0,2570.0,Net Banking,3.0,5.0,False,False,2570.0,2025-01-01
ORD00841,2024-03-11,C0333,Delhi,Books,Textbook,1.0,1229.0,25.0,921.67,Credit Card,8.0,5.0,False,False,921.67,2024-03-01
ORD02475,2025-03-23,C0381,Chennai,Electronics,Wireless Earbuds,2.0,,10.0,4277.11,Net Banking,2.0,,False,False,4277.11,2025-03-01
ORD02078,2025-06-24,C0047,Ahmedabad,Electronics,Power Bank,4.0,1360.42,0.0,5442.0,Credit Card,1.0,,False,False,5442.0,2025-06-01
ORD02070,,C0255,Mumbai,Electronics,Smart Watch,1.0,4000.65,5.0,3800.62,Net Banking,4.0,4.0,False,False,3800.62,
ORD02682,2025-05-26,C0324,Mumbai,Grocery,Coffee 500g,1.0,,10.0,401.56,Debit Card,,3.0,False,False,401.56,2025-05-01
ORD02385,2025-02-15,C0031,Kolkata,Books,Novel,5.0,384.0,5.0,1825.89,UPI,1.0,4.0,False,False,1825.89,2025-02-01
ORD00437,2024-04-10,C0058,Mumbai,Electronics,Wireless Earbuds,2.0,2435.21,10.0,4383.37,Debit Card,3.0,,False,False,4383.37,2024-04-01
ORD02789,2024-03-26,C0310,Mumbai,Electronics,Power Bank,1.0,,0.0,1208.22,Debit Card,3.0,,False,False,1208.22,2024-03-01
ORD00121,2024-04-09,C0043,Delhi,Clothing,Cotton Kurta,1.0,,10.0,737.26,Debit Card,8.0,5.0,False,False,737.26,2024-04-01
ORD02051,2025-04-29,C0426,Mumbai,Home,Table Lamp,1.0,693.0,,554.0,Net Banking,5.0,4.0,False,False,554.0,2025-04-01
ORD00810,2025-06-11,C0056,Kolkata,Home,Table Lamp,2.0,,0.0,1587.98,Credit Card,3.0,4.5,False,False,1587.98,2025-06-01
ORD01978,2025-05-06,C0480,Delhi,Electronics,Smart Watch,1.0,,10.0,,COD,4.0,4.0,False,False,,2025-05-01
ORD01722,2024-09-30,C0257,Hyderabad,Home,Table Lamp,2.0,766.0,10.0,1378.8,COD,2.0,3.0,False,False,,2024-09-01
ORD01579,2024-05-26,C0244,Hyderabad,Grocery,Olive Oil 1L,3.0,,10.0,,Credit Card,4.0,,False,False,,2024-05-01
ORD00314,2025-03-01,C0157,Chennai,Electronics,Smart Watch,2.0,4189.59,20.0,6703.344000000001,Credit Card,3.0,5.0,False,False,,2025-03-01
ORD02273,2024-06-14,C0031,Kolkata,Electronics,Wireless Earbuds,1.0,2373.98,0.0,2373.98,COD,1.0,4.0,False,False,2373.98,2024-06-01
ORD00234,,C0112,Hyderabad,Books,Novel,1.0,378.95,0.0,379.0,Debit Card,2.0,4.0,False,False,379.0,
ORD02460,2024-04-18,C0118,Bengaluru,Home,Pressure Cooker,5.0,2953.0,25.0,11072.63,Debit Card,,5.0,False,False,11072.63,2024-04-01
ORD01026,2025-01-31,C0341,Mumbai,Grocery,Olive Oil 1L,1.0,785.29,0.0,785.29,Net Banking,8.0,4.0,False,False,785.29,2025-01-01
ORD02390,2024-07-15,C0489,Kolkata,Clothing,Running Shoes,1.0,2069.5,20.0,1655.6000000000001,COD,4.0,,False,True,4778.44,2024-07-01
ORD02908,2024-04-25,C0195,Ahmedabad,Home,Bedsheet Set,3.0,,15.0,,Debit Card,5.0,3.0,False,False,,2024-04-01
ORD00696,2024-07-31,C0228,Kolkata,Home,Table Lamp,1.0,,15.0,583.0,Credit Card,3.0,,False,False,583.0,2024-07-01
ORD00112,2024-04-20,C0126,Hyderabad,Grocery,Coffee 500g,1.0,444.0,25.0,333.26,UPI,2.0,4.0,False,False,333.26,2024-04-01
ORD01197,2024-07-23,C0175,Hyderabad,Grocery,Basmati Rice 5kg,1.0,518.0,10.0,466.0,UPI,2.0,5.0,False,False,466.0,2024-07-01
ORD02010,2024-02-28,C0388,Chennai,Electronics,Wireless Earbuds,2.0,2388.0,0.0,4776.0,Debit Card,1.0,5.0,False,False,,2024-02-01
ORD00566,,C0313,Ahmedabad,Books,Textbook,1.0,1289.0,0.0,1289.08,Credit Card,5.0,,False,False,1289.08,
ORD01117,2024-01-15,C0460,Hyderabad,Home,Bedsheet Set,1.0,,0.0,,COD,1.0,4.0,False,False,,2024-01-01
ORD01584,2024-06-07,C0258,Mumbai,Home,Pressure Cooker,,2991.0,25.0,2244.0,Credit Card,2.0,,False,False,2244.0,2024-06-01
ORD00473,2025-06-29,,Ahmedabad,Grocery,Coffee 500g,2.0,390.0,0.0,780.0,Credit Card,7.0,,False,False,780.0,2025-06-01
ORD02585,2025-03-09,C0177,Mumbai,Electronics,Smart Watch,1.0,,0.0,4301.0,Net Banking,,2.0,False,False,4301.0,2025-03-01
ORD01740,2024-09-10,C0061,Mumbai,Clothing,Running Shoes,1.0,,20.0,,Net Banking,2.0,4.0,False,False,,2024-09-01
ORD02520,2024-06-19,C0172,Hyderabad,Home,Bedsheet Set,1.0,1275.99,25.0,957.0,Credit Card,3.0,,False,False,957.0,2024-06-01
ORD01836,2024-02-04,C0213,Kolkata,Books,Novel,2.0,,0.0,836.0,UPI,1.0,3.0,False,False,836.0,2024-02-01
ORD02100,2025-06-26,C0301,Chennai,Books,Cookbook,1.0,698.0,0.0,698.0,Debit Card,3.0,4.0,False,False,,2025-06-01
ORD02835,2024-01-29,C0409,Mumbai,Books,Textbook,2.0,1246.0,0.0,2492.0,COD,1.0,4.0,False,False,,2024-01-01
ORD01378,2025-03-31,C0016,Mumbai,Clothing,Cotton Kurta,2.0,,5.0,1869.0,Net Banking,5.0,4.0,False,False,1869.0,2025-03-01
ORD00898,2024-06-10,C0190,Bengaluru,Electronics,Power Bank,1.0,1363.0,15.0,1158.48,Debit Card,,3.0,False,False,1158.48,2024-06-01
ORD01227,2024-08-28,C0036,Mumbai,Clothing,Denim Jeans,10.0,,0.0,,Credit Card,4.0,5.0,False,False,,2024-08-01
ORD00362,2024-05-09,C0249,Hyderabad,Home,Pressure Cooker,4.0,2762.68,5.0,10498.184,UPI,2.0,5.0,False,True,24848.84,2024-05-01
ORD00136,2024-10-25,C0250,Bengaluru,Electronics,Smart Watch,2.0,,25.0,,Net Banking,0.0,4.0,False,False,,2024-10-01
ORD01293,2025-05-14,C0500,Mumbai,Home,Pressure Cooker,2.0,2948.59,10.0,5307.46,Credit Card,2.0,5.0,False,False,5307.46,2025-05-01
ORD02213,2025-02-14,C0446,Chennai,Electronics,Smart Watch,10.0,3857.1,0.0,38570.97,Net Banking,8.0,,False,False,38570.97,2025-02-01
ORD02663,2024-11-14,C0455,Mumbai,Home,Table Lamp,3.0,748.0,0.0,2243.0,COD,3.0,4.0,False,False,2243.0,2024-11-01
ORD02304,2024-12-31,C0134,Ahmedabad,Books,Textbook,1.0,1233.0,0.0,1233.0,Credit Card,,4.0,False,False,,2024-12-01
ORD00367,2025-06-26,C0132,Hyderabad,Home,Pressure Cooker,2.0,2655.0,20.0,4247.28,Net Banking,4.0,3.0,False,False,4247.28,2025-06-01
ORD01923,2025-02-15,C0016,Mumbai,Clothing,Cotton Kurta,2.0,987.52,25.0,1481.28,COD,3.0,3.0,False,False,1481.28,2025-02-01
ORD00030,2025-03-15,C0262,Kolkata,Clothing,Running Shoes,1.0,2121.99,0.0,2121.99,Credit Card,4.0,1.0,False,False,,2025-03-01
ORD02553,2024-04-29,C0366,Mumbai,Grocery,Olive Oil 1L,1.0,736.51,10.0,663.0,UPI,5.0,3.0,False,False,663.0,2024-04-01
ORD00023,2025-06-28,C0088,Delhi,Electronics,Wireless Earbuds,1.0,2339.4,15.0,1988.49,Credit Card,5.0,5.0,False,False,1988.49,2025-06-01
ORD01107,2024-06-30,C0108,Mumbai,Grocery,Coffee 500g,10.0,,5.0,,Net Banking,2.0,,False,False,,2024-06-01
ORD02974,,C0342,Kolkata,Home,Table Lamp,2.0,769.64,5.0,1462.3159999999998,COD,4.0,2.0,False,False,,
ORD01695,2024-03-17,C0400,Delhi,Electronics,Wireless Earbuds,2.0,2574.0,,14466.47,Debit Card,6.0,3.0,False,False,14466.47,2024-03-01
ORD00421,2025-02-12,C0243,Bengaluru,Books,Textbook,1.0,1353.0,10.0,1217.7,Debit Card,2.0,5.0,False,True,1973.7,2025-02-01
ORD01661,2024-12-13,C0111,Delhi,Home,Pressure Cooker,1.0,3044.32,10.0,2739.89,Net Banking,4.0,,False,False,2739.89,2024-12-01
ORD00461,2025-02-03,C0277,Hyderabad,Electronics,Wireless Earbuds,3.0,2620.57,5.0,7468.63,COD,6.0,,False,False,7468.63,2025-02-01
ORD00044,2024-05-23,C0126,Hyderabad,Clothing,Cotton Kurta,1.0,955.41,,955.41,UPI,2.0,4.0,False,False,955.41,2024-05-01
ORD00088,2024-03-04,C0172,Hyderabad,Home,Bedsheet Set,4.0,1128.08,15.0,3835.46,Credit Card,,3.0,False,False,3835.46,2024-03-01
ORD01223,2024-11-25,C0117,Mumbai,Clothing,Cotton Kurta,4.0,909.0,15.0,3092.0,,0.0,4.0,False,False,3092.0,2024-11-01
ORD00671,2024-11-01,C0152,Delhi,Clothing,Cotton Kurta,5.0,953.94,5.0,4531.19,Credit Card,6.0,4.0,False,False,4531.19,2024-11-01
ORD00283,2024-01-14,C0055,Mumbai,Electronics,Smart Watch,1.0,4038.78,15.0,3432.97,COD,3.0,3.0,False,False,3432.97,2024-01-01
ORD00872,2025-02-10,C0158,Mumbai,Electronics,Wireless Earbuds,1.0,2324.0,0.0,2323.65,Net Banking,1.0,5.0,False,False,2323.65,2025-02-01
ORD01095,2024-02-01,C0414,Kolkata,Clothing,Denim Jeans,1.0,1689.0,0.0,1689.0,UPI,7.0,5.0,False,False,,2024-02-01
ORD00692,2024-03-22,C0198,Kolkata,Electronics,Smart Watch,1.0,3776.0,10.0,3398.4,Debit Card,7.0,4.0,False,False,,2024-03-01
ORD00799,2024-12-01,C0358,Bengaluru,Books,Cookbook,1.0,,0.0,667.0,Credit Card,7.0,,False,False,667.0,2024-12-01
ORD00534,,C0159,Bengaluru,Home,Bedsheet Set,1.0,1196.78,0.0,1196.78,Debit Card,3.0,,False,False,,
ORD01672,2025-05-30,,Mumbai,Books,Cookbook,1.0,643.79,15.0,547.22,Net Banking,,4.0,False,False,547.22,2025-05-01
ORD02502,2024-03-29,C0317,Hyderabad,Books,Novel,3.0,362.88,15.0,925.33,Credit Card,5.0,5.0,False,False,925.33,2024-03-01
ORD02406,2024-12-26,C0124,Ahmedabad,Electronics,Power Bank,2.0,1229.12,20.0,1966.5919999999999,Credit Card,3.0,4.0,False,True,3622.37,2024-12-01
ORD02440,2024-03-12,C0259,Chennai,Books,Textbook,5.0,1157.66,20.0,4630.62,UPI,3.0,4.0,False,False,4630.62,2024-03-01
ORD02158,2024-09-06,C0378,Mumbai,Electronics,Power Bank,4.0,1426.0,,5702.11,Net Banking,4.0,4.0,False,False,5702.11,2024-09-01
ORD02695,2025-06-07,C0009,Hyderabad,Electronics,Power Bank,4.0,1193.81,0.0,4775.24,COD,7.0,,False,True,12740.12,2025-06-01
ORD01341,2024-04-29,C0127,Mumbai,Electronics,Power Bank,2.0,1291.0,10.0,2323.8,Debit Card,5.0,,False,False,,2024-04-01
ORD01890,2024-06-10,C0024,Kolkata,Clothing,Denim Jeans,1.0,1504.0,0.0,1504.13,UPI,8.0,,False,False,1504.13,2024-06-01
ORD00811,2024-08-03,C0270,Ahmedabad,Books,Textbook,1.0,1373.0,10.0,1235.47,COD,3.0,,False,False,1235.47,2024-08-01
ORD00595,2025-03-09,C0242,Chennai,Books,Novel,2.0,420.81,20.0,673.29,Credit Card,2.0,4.0,False,False,673.29,2025-03-01
ORD01868,2024-09-02,C0184,Mumbai,Home,Bedsheet Set,4.0,1109.14,0.0,4436.56,UPI,3.0,3.0,False,False,,2024-09-01
ORD02237,2024-11-01,C0161,Mumbai,Electronics,Smart Watch,10.0,,20.0,29743.24,UPI,8.0,3.0,False,False,29743.24,2024-11-01
ORD00686,2024-09-12,C0375,Bengaluru,Grocery,Olive Oil 1L,1.0,828.11,15.0,704.0,Debit Card,5.0,5.0,False,False,704.0,2024-09-01
ORD01407,,C0301,Chennai,Books,Textbook,1.0,1269.08,0.0,1269.08,UPI,7.0,3.0,False,False,1269.08,
ORD00222,2025-05-08,,Kolkata,Clothing,Cotton Kurta,2.0,932.59,25.0,1399.0,UPI,1.0,,False,False,1399.0,2025-05-01
ORD00544,2024-08-30,C0441,Ahmedabad,Electronics,Wireless Earbuds,1.0,2308.21,0.0,2308.21,Debit Card,1.0,3.0,False,False,,2024-08-01
ORD01270,2024-02-16,C0436,Bengaluru,Home,Bedsheet Set,1.0,,0.0,1313.81,UPI,7.0,,False,False,1313.81,2024-02-01
ORD02187,2025-06-25,C0094,Chennai,Home,Table Lamp,1.0,776.0,20.0,621.0,Credit Card,1.0,3.0,False,False,621.0,2025-06-01
ORD02646,2024-06-10,,Chennai,Electronics,Power Bank,2.0,,0.0,,Net Banking,3.0,,False,False,,2024-06-01
ORD01042,2025-04-03,C0195,Ahmedabad,Clothing,Denim Jeans,2.0,1506.49,20.0,2410.38,COD,2.0,5.0,False,False,2410.38,2025-04-01
ORD00908,2024-01-07,C0409,Mumbai,Grocery,Basmati Rice 5kg,1.0,545.58,,491.0,Credit Card,4.0,,False,False,491.0,2024-01-01
ORD01091,2024-09-12,C0169,Bengaluru,Books,Cookbook,1.0,660.67,0.0,660.67,Credit Card,4.0,3.0,False,False,660.67,2024-09-01
ORD01101,2024-09-09,C0320,Hyderabad,Books,Cookbook,3.0,680.0,0.0,2039.0,Debit Card,6.0,5.0,False,False,2039.0,2024-09-01
ORD00677,2024-11-13,C0241,Bengaluru,Clothing,Cotton Kurta,2.0,,0.0,1714.49,Debit Card,6.0,4.0,False,False,1714.49,2024-11-01
ORD00683,2024-10-18,C0337,Mumbai,Grocery,Olive Oil 1L,1.0,856.0,0.0,856.0,COD,1.0,3.0,False,False,856.0,2024-10-01
ORD02119,2025-04-01,C0349,Mumbai,Clothing,Denim Jeans,2.0,,0.0,,Credit Card,8.0,,False,False,,2025-04-01
ORD00273,2024-05-19,C0124,Ahmedabad,Grocery,Basmati Rice 5kg,2.0,553.0,0.0,1106.0,COD,5.0,3.0,False,False,,2024-05-01
ORD00522,,C0372,Hyderabad,Electronics,Power Bank,2.0,1300.0,20.0,2080.0,COD,5.0,,False,False,,
ORD01376,2024-01-18,C0139,Mumbai,Grocery,Olive Oil 1L,4.0,,10.0,2834.42,COD,,4.0,False,False,2834.42,2024-01-01
ORD01394,2024-09-11,C0165,Mumbai,Books,Novel,1.0,439.0,5.0,417.04999999999995,Credit Card,1.0,2.0,False,False,,2024-09-01
ORD00602,2024-03-22,C0252,Mumbai,Grocery,Olive Oil 1L,1.0,731.0,0.0,731.0,Credit Card,1.0,,False,False,,2024-03-01
ORD00946,2024-12-21,C0071,Delhi,Electronics,Power Bank,1.0,1333.18,0.0,1333.0,Credit Card,6.0,4.0,False,False,1333.0,2024-12-01
ORD00351,2024-08-23,C0131,Delhi,Clothing,Cotton Kurta,1.0,815.07,,734.0,Debit Card,4.0,2.0,False,False,734.0,2024-08-01
ORD02114,2024-05-29,C0478,Chennai,Electronics,Power Bank,1.0,1284.0,0.0,1284.0,Debit Card,3.0,5.0,False,False,1284.0,2024-05-01
ORD01601,2024-11-29,C0126,Hyderabad,Electronics,Smart Watch,3.0,3735.0,10.0,10084.0,COD,3.0,3.0,False,False,10084.0,2024-11-01
ORD02363,2024-08-22,C0341,Mumbai,Electronics,Smart Watch,2.0,4032.0,15.0,6855.0,,8.0,2.0,False,False,6855.0,2024-08-01
ORD00742,2024-08-30,C0233,Chennai,Grocery,Coffee 500g,2.0,402.0,0.0,804.64,UPI,2.0,,False,False,804.64,2024-08-01
ORD02647,2024-02-21,C0364,Ahmedabad,Books,Novel,1.0,,0.0,,COD,2.0,3.0,False,False,,2024-02-01
ORD01656,2024-09-23,C0108,Mumbai,Clothing,Denim Jeans,1.0,,15.0,1336.95,Debit Card,4.0,4.0,False,False,1336.95,2024-09-01
ORD02955,2024-02-09,C0442,Chennai,Books,Novel,2.0,365.06,10.0,657.0,Credit Card,1.0,1.0,False,False,657.0,2024-02-01
ORD02913,2024-09-28,C0445,Mumbai,Clothing,Denim Jeans,3.0,1524.0,0.0,4573.17,Net Banking,4.0,,False,False,4573.17,2024-09-01
ORD02667,2025-03-17,C0115,Delhi,Home,Table Lamp,1.0,781.38,10.0,703.242,COD,5.0,5.0,False,False,,2025-03-01
ORD00169,2025-05-14,C0300,Mumbai,Books,Novel,2.0,412.22,0.0,824.44,Credit Card,5.0,4.0,False,False,,2025-05-01
ORD01346,2025-02-15,C0261,Delhi,Home,Bedsheet Set,2.0,1307.0,,2614.0,Debit Card,1.0,5.0,False,False,2614.0,2025-02-01
ORD01780,2025-02-12,C0167,Kolkata,Electronics,Wireless Earbuds,4.0,2271.0,15.0,7720.16,Debit Card,4.0,4.0,False,False,7720.16,2025-02-01
ORD01813,2025-12-06,C0132,Hyderabad,Home,Pressure Cooker,1.0,2534.71,0.0,2534.71,Credit Card,4.0,4.0,True,False,2534.71,2025-12-01
ORD01234,,C0043,Delhi,Books,Novel,5.0,,10.0,1866.0,UPI,1.0,4.0,False,False,1866.0,
ORD00941,2025-03-20,C0238,Delhi,Electronics,Power Bank,2.0,1347.0,0.0,2694.0,Net Banking,1.0,3.0,False,False,,2025-03-01
ORD02121,2025-05-09,C0007,Mumbai,Electronics,Power Bank,1.0,1199.2,0.0,1199.0,Debit Card,2.0,,False,False,1199.0,2025-05-01
ORD02779,2025-03-31,C0016,Mumbai,Books,Textbook,1.0,1293.44,0.0,1293.44,Credit Card,4.0,5.0,False,False,,2025-03-01
ORD02280,2024-05-13,C0437,Mumbai,Electronics,Wireless Earbuds,2.0,2431.7,20.0,3891.0,COD,,3.0,False,False,3891.0,2024-05-01
ORD00220,2024-12-25,C0359,Delhi,Electronics,Power Bank,2.0,1365.0,15.0,2320.0,COD,3.0,3.0,False,False,2320.0,2024-12-01
ORD00368,2024-10-10,C0469,Mumbai,Home,Pressure Cooker,1.0,2706.0,5.0,2570.7,Net Banking,7.0,1.0,False,False,,2024-10-01
ORD02303,2024-04-20,C0130,Delhi,Home,Table Lamp,3.0,730.0,10.0,1970.0,Credit Card,7.0,1.0,False,False,1970.0,2024-04-01
ORD02323,2024-06-20,C0029,Kolkata,Books,Novel,3.0,377.61,10.0,1020.0,Credit Card,4.0,3.0,False,False,1020.0,2024-06-01
ORD02032,2024-02-13,C0157,Chennai,Clothing,Cotton Kurta,,911.98,,,Credit Card,3.0,,False,False,,2024-02-01
ORD01374,2025-06-07,C0425,Chennai,Books,Novel,10.0,393.0,10.0,3537.0,UPI,,,False,True,8982.0,2025-06-01
ORD00352,2025-06-28,C0131,Delhi,Clothing,Denim Jeans,1.0,,0.0,,COD,4.0,4.0,False,False,,2025-06-01
ORD02919,2025-06-06,,Ahmedabad,Books,Textbook,2.0,1301.0,0.0,2602.28,UPI,6.0,5.0,False,False,2602.28,2025-06-01
ORD02901,2025-04-17,C0406,Kolkata,Books,Textbook,10.0,,0.0,,UPI,1.0,4.0,False,False,,2025-04-01
ORD02582,2025-01-14,C0354,Mumbai,Home,Pressure Cooker,4.0,2936.88,,11748.0,Credit Card,4.0,,False,False,11748.0,2025-01-01
ORD01937,2025-04-04,C0297,Delhi,Grocery,Olive Oil 1L,1.0,749.98,10.0,674.9820000000001,COD,5.0,,False,False,,2025-04-01
ORD02744,2024-08-14,C0333,Delhi,Grocery,Basmati Rice 5kg,2.0,,0.0,1147.79,Net Banking,,4.0,False,False,1147.79,2024-08-01
ORD02418,,C0029,Kolkata,Home,Bedsheet Set,2.0,1306.17,10.0,2351.106,Net Banking,4.0,3.0,False,False,,
ORD00499,2024-06-09,C0017,Bengaluru,Clothing,Running Shoes,,2489.3,10.0,2240.37,Debit Card,1.0,5.0,False,False,2240.37,2024-06-01
ORD01710,2025-01-15,C0479,Hyderabad,Books,Cookbook,1.0,654.0,10.0,588.47,COD,3.0,2.0,False,False,588.47,2025-01-01
ORD00211,2025-02-19,C0062,Ahmedabad,Home,Pressure Cooker,2.0,2768.52,25.0,4152.77,Credit Card,6.0,1.0,False,False,4152.77,2025-02-01
ORD01396,2024-09-15,C0202,Bengaluru,Grocery,Olive Oil 1L,10.0,703.0,15.0,5976.0,UPI,2.0,,False,False,5976.0,2024-09-01
ORD00802,2024-05-12,C0209,Chennai,Electronics,Power Bank,1.0,,10.0,1148.73,Credit Card,6.0,4.0,False,False,1148.73,2024-05-01
ORD00228,2024-11-16,C0033,Hyderabad,Grocery,Coffee 500g,1.0,405.56,0.0,405.56,COD,5.0,2.0,False,False,405.56,2024-11-01
ORD00366,2025-04-30,C0429,Chennai,Electronics,Power Bank,3.0,1375.0,5.0,3919.12,COD,2.0,4.0,False,False,3919.12,2025-04-01
ORD02576,2024-01-30,C0300,Mumbai,Grocery,Olive Oil 1L,1.0,772.5,0.0,772.0,COD,6.0,,False,False,772.0,2024-01-01
ORD00277,2025-06-22,C0309,Kolkata,Clothing,Denim Jeans,4.0,1636.77,15.0,5565.018,UPI,5.0,4.0,False,False,,2025-06-01
ORD02177,2024-04-23,C0465,Kolkata,Books,Novel,2.0,375.0,,637.21,Debit Card,7.0,,False,False,637.21,2024-04-01
ORD02673,2024-05-06,C0248,Delhi,Books,Cookbook,3.0,,20.0,1643.45,COD,5.0,,False,False,1643.45,2024-05-01
ORD01296,,C0253,Ahmedabad,Grocery,Coffee 500g,5.0,410.68,0.0,2053.0,Debit Card,7.0,,False,False,2053.0,
ORD00408,2024-03-03,C0128,Chennai,Home,Bedsheet Set,1.0,1318.35,15.0,1120.5974999999999,Debit Card,6.0,,False,False,,2024-03-01
ORD02013,2025-04-22,C0377,Kolkata,Clothing,Running Shoes,,,15.0,,Credit Card,4.0,,False,False,,2025-04-01
ORD01072,2024-02-24,C0450,Ahmedabad,Books,Textbook,1.0,1224.35,0.0,1224.0,Credit Card,4.0,5.0,False,False,1224.0,2024-02-01
ORD02382,2025-01-08,C0052,Ahmedabad,Books,Cookbook,3.0,,10.0,1582.42,Debit Card,4.0,2.0,False,False,1582.42,2025-01-01
ORD00840,2024-05-09,C0300,Mumbai,Home,Table Lamp,2.0,692.95,5.0,1316.6,Debit Card,5.0,3.0,False,False,1316.6,2024-05-01
ORD01910,2025-01-15,C0192,Mumbai,Books,Textbook,1.0,,15.0,1079.82,Credit Card,2.0,3.0,False,False,1079.82,2025-01-01
ORD02939,2025-02-14,C0063,Mumbai,Books,Novel,1.0,409.0,15.0,347.65,Net Banking,5.0,1.0,False,True,611.0,2025-02-01
ORD00652,2024-09-16,C0026,Kolkata,Books,Textbook,3.0,,0.0,3745.0,Net Banking,5.0,3.0,False,False,3745.0,2024-09-01
ORD00008,2024-01-08,C0176,Kolkata,Home,Bedsheet Set,1.0,1195.0,15.0,1015.75,Net Banking,4.0,5.0,False,True,1930.0,2024-01-01
ORD00730,2024-08-20,C0310,Mumbai,Clothing,Cotton Kurta,2.0,839.0,10.0,1509.77,Credit Card,1.0,5.0,False,False,1509.77,2024-08-01
ORD01273,2025-04-20,C0156,Delhi,Books,Cookbook,2.0,669.8,0.0,1339.6,UPI,6.0,,False,False,1339.6,2025-04-01
ORD00839,2024-08-21,C0116,Mumbai,Books,Cookbook,4.0,595.4,10.0,2143.44,Net Banking,,3.0,False,False,2143.44,2024-08-01
ORD00416,2024-09-27,C0423,Mumbai,Books,Textbook,1.0,1321.66,10.0,1189.5,UPI,,5.0,False,False,1189.5,2024-09-01
ORD02881,2024-09-29,C0253,Ahmedabad,Clothing,Cotton Kurta,1.0,953.0,0.0,953.4,UPI,,,False,False,953.4,2024-09-01
ORD02504,2025-01-24,C0112,Hyderabad,Grocery,Olive Oil 1L,,,0.0,1622.55,UPI,6.0,5.0,False,False,1622.55,2025-01-01
ORD01766,2024-12-09,C0477,Kolkata,Clothing,Running Shoes,2.0,2492.62,5.0,4735.98,Net Banking,,4.5,False,False,4735.98,2024-12-01
ORD02911,2024-09-09,C0321,Kolkata,Home,Pressure Cooker,2.0,2856.0,15.0,4856.0,UPI,7.0,3.0,False,False,4856.0,2024-09-01
ORD00200,2025-05-20,C0336,Mumbai,Grocery,Basmati Rice 5kg,4.0,526.0,0.0,2104.0,Debit Card,4.0,4.0,False,False,,2025-05-01
ORD00284,2024-10-26,C0310,Mumbai,Electronics,Power Bank,1.0,,15.0,1110.0,Credit Card,4.0,4.0,False,False,1110.0,2024-10-01
ORD00232,2024-10-03,C0413,Mumbai,Clothing,Cotton Kurta,5.0,906.0,0.0,4530.0,Credit Card,7.0,4.0,False,False,,2024-10-01
ORD00694,2025-03-14,C0430,Kolkata,Books,Novel,1.0,381.0,,381.44,COD,3.0,,False,False,381.44,2025-03-01
ORD02995,2025-01-20,C0043,Delhi,Clothing,Running Shoes,4.0,,0.0,9473.85,Credit Card,3.0,,False,False,9473.85,2025-01-01
ORD00097,2025-01-18,C0074,Ahmedabad,Books,Textbook,1.0,1215.07,,911.3,Net Banking,5.0,4.0,False,False,911.3,2025-01-01
ORD01420,2024-08-21,C0416,Kolkata,Books,Novel,1.0,387.83,10.0,349.04,COD,3.0,4.0,False,False,349.04,2024-08-01
ORD02623,2025-06-23,C0444,Mumbai,Home,Pressure Cooker,2.0,2877.13,25.0,4315.69,Net Banking,6.0,3.0,False,False,4315.69,2025-06-01
ORD01455,2024-09-18,C0240,Mumbai,Clothing,Running Shoes,2.0,,0.0,4831.35,Credit Card,8.0,2.0,False,False,4831.35,2024-09-01
ORD01651,2024-05-12,C0161,Mumbai,Home,Pressure Cooker,,2890.0,,,UPI,3.0,4.0,False,False,,2024-05-01
ORD01475,2024-09-29,C0076,Kolkata,Grocery,Olive Oil 1L,2.0,,,1640.0,Credit Card,1.0,,False,False,1640.0,2024-09-01
ORD01230,2024-02-05,C0326,Hyderabad,Books,Cookbook,1.0,643.54,0.0,643.54,Debit Card,6.0,3.0,False,False,,2024-02-01
ORD02921,2025-01-02,C0126,Hyderabad,Books,Cookbook,,599.47,15.0,,Net Banking,6.0,4.0,False,False,,2025-01-01
ORD02953,2024-11-09,C0325,Bengaluru,Books,Novel,4.0,432.52,20.0,1384.064,,3.0,,False,False,,2024-11-01
ORD01473,2024-05-08,C0022,Chennai,Books,Textbook,1.0,1245.0,0.0,1245.0,Debit Card,4.0,5.0,False,False,1245.0,2024-05-01
ORD01443,2025-02-07,C0219,Hyderabad,Clothing,Denim Jeans,1.0,1516.76,20.0,1213.41,Credit Card,2.0,4.0,False,False,1213.41,2025-02-01
ORD00105,2024-11-18,C0081,Delhi,Electronics,Power Bank,2.0,,,,COD,8.0,,False,False,,2024-11-01
ORD02276,2024-04-17,C0413,Mumbai,Clothing,Cotton Kurta,2.0,942.0,20.0,1506.0,UPI,4.0,4.0,False,False,1506.0,2024-04-01
ORD01106,2025-02-05,C0188,Hyderabad,Electronics,Smart Watch,5.0,3681.0,0.0,18405.0,Debit Card,6.0,,False,False,,2025-02-01
ORD01552,2024-04-22,C0473,Ahmedabad,Clothing,Cotton Kurta,2.0,874.81,10.0,1574.65,COD,5.0,5.0,False,False,1574.65,2024-04-01
ORD01065,2024-07-14,C0180,Hyderabad,Books,Novel,2.0,430.95,0.0,862.0,Net Banking,4.0,3.0,False,False,862.0,2024-07-01
ORD01237,,,Mumbai,Grocery,Olive Oil 1L,3.0,716.4,20.0,1719.36,COD,5.0,5.0,False,False,1719.36,
ORD02190,2024-09-15,C0401,Kolkata,Electronics,Wireless Earbuds,2.0,2321.0,0.0,4641.53,Credit Card,2.0,,False,False,4641.53,2024-09-01
ORD01024,2024-03-21,C0279,Mumbai,Clothing,Cotton Kurta,2.0,957.0,0.0,1913.0,Credit Card,3.0,,False,False,1913.0,2024-03-01
ORD00227,2024-11-30,C0143,Mumbai,Electronics,Power Bank,1.0,1378.71,20.0,1102.968,COD,3.0,,False,False,,2024-11-01
ORD01081,2024-08-21,C0064,Chennai,Home,Bedsheet Set,4.0,1187.35,0.0,4749.41,Net Banking,1.0,3.0,False,False,4749.41,2024-08-01
ORD02345,2024-11-07,C0179,Mumbai,Books,Textbook,1.0,1338.55,,,Credit Card,6.0,,False,False,,2024-11-01
ORD02656,2025-01-15,C0319,Hyderabad,Home,Table Lamp,1.0,745.98,0.0,745.98,Credit Card,4.0,4.0,False,False,,2025-01-01
ORD02026,2024-03-12,C0193,Bengaluru,Clothing,Cotton Kurta,2.0,940.56,0.0,1881.12,Debit Card,5.0,,False,False,1881.12,2024-03-01
ORD00931,2024-07-11,C0270,Ahmedabad,Home,Bedsheet Set,4.0,,0.0,4397.59,COD,3.0,4.0,False,False,4397.59,2024-07-01
ORD01079,2024-04-24,C0380,Chennai,Clothing,Cotton Kurta,3.0,900.3,0.0,2701.0,COD,,3.0,False,False,2701.0,2024-04-01
ORD01905,2024-01-30,C0486,Mumbai,Electronics,Wireless Earbuds,2.0,2691.0,10.0,4844.29,Debit Card,8.0,5.0,False,False,4844.29,2024-01-01
ORD02105,2024-05-09,C0354,Mumbai,Clothing,Running Shoes,2.0,,0.0,4699.0,UPI,2.0,,False,False,4699.0,2024-05-01
ORD01671,2024-09-30,C0037,Kolkata,Books,Textbook,4.0,,5.0,,Net Banking,4.0,5.0,False,False,,2024-09-01
ORD00465,2024-05-13,C0286,Mumbai,Books,Cookbook,10.0,599.0,0.0,5992.4,Credit Card,0.0,3.0,False,False,5992.4,2024-05-01
ORD00790,2024-02-22,C0072,Chennai,Grocery,Coffee 500g,2.0,,10.0,819.12,COD,0.0,3.0,False,False,819.12,2024-02-01
ORD00762,2024-01-20,C0485,Ahmedabad,Home,Pressure Cooker,2.0,2690.0,0.0,5380.55,Net Banking,,3.0,False,False,5380.55,2024-01-01
ORD00773,2025-05-22,C0369,Delhi,Grocery,Coffee 500g,1.0,461.0,15.0,391.0,Net Banking,,2.0,False,False,391.0,2025-05-01
ORD01738,2024-07-09,C0149,Kolkata,Home,Bedsheet Set,10.0,,0.0,11366.51,Net Banking,4.0,4.0,False,False,11366.51,2024-07-01
ORD01265,,C0166,Mumbai,Books,Textbook,2.0,1373.08,,,COD,1.0,5.0,False,False,,
ORD02848,2024-10-20,C0425,Chennai,Clothing,Running Shoes,10.0,2388.65,10.0,21497.86,UPI,6.0,4.0,False,False,21497.86,2024-10-01
ORD01685,2024-05-06,C0034,Bengaluru,Books,Cookbook,1.0,,,625.0,COD,1.0,2.0,False,False,625.0,2024-05-01
ORD00213,2024-06-12,C0439,Ahmedabad,Grocery,Basmati Rice 5kg,1.0,495.0,,470.25,Credit Card,8.0,,False,False,470.25,2024-06-01
ORD00013,2024-01-02,C0483,Chennai,Clothing,Running Shoes,1.0,2461.46,25.0,1846.1,COD,3.0,,False,False,1846.1,2024-01-01
ORD02962,2024-05-22,C0486,Mumbai,Home,Table Lamp,4.0,,0.0,2732.84,Debit Card,5.0,5.0,False,False,2732.84,2024-05-01
ORD00423,2024-06-26,C0361,Hyderabad,Grocery,Basmati Rice 5kg,4.0,566.0,0.0,2263.0,UPI,4.0,3.0,False,False,2263.0,2024-06-01
ORD02176,2025-06-11,C0189,Bengaluru,Books,Novel,1.0,426.89,5.0,405.55,COD,6.0,2.0,False,False,405.55,2025-06-01
ORD01730,2025-05-15,,Bengaluru,Electronics,Smart Watch,1.0,3953.89,0.0,3953.89,Credit Card,6.0,,False,False,,2025-05-01
ORD02497,2024-08-22,C0341,Mumbai,Clothing,Denim Jeans,1.0,,10.0,1522.0,Net Banking,8.0,5.0,False,False,1522.0,2024-08-01
ORD02395,2025-02-12,C0195,Ahmedabad,Home,Bedsheet Set,1.0,1301.0,5.0,1235.95,UPI,5.0,5.0,False,False,,2025-02-01
ORD02895,2024-06-19,C0322,Delhi,Home,Pressure Cooker,1.0,3054.73,15.0,2597.0,Net Banking,3.0,,False,False,2597.0,2024-06-01
ORD01124,2024-11-09,C0431,Delhi,Clothing,Denim Jeans,4.0,1656.05,10.0,5961.77,Debit Card,2.0,1.0,False,False,5961.77,2024-11-01
ORD02367,2024-11-27,C0169,Bengaluru,Books,Novel,2.0,387.54,10.0,697.58,Credit Card,4.0,4.0,False,False,697.58,2024-11-01
ORD02588,2025-05-04,C0116,Mumbai,Electronics,Power Bank,1.0,1406.17,10.0,1265.55,Debit Card,2.0,4.0,False,False,1265.55,2025-05-01
ORD01676,2024-03-26,C0255,Mumbai,Books,Textbook,1.0,,20.0,984.0,Debit Card,6.0,5.0,False,False,984.0,2024-03-01
ORD00510,2024-08-16,C0089,Bengaluru,Clothing,Denim Jeans,1.0,,5.0,1502.25,Credit Card,5.0,3.0,False,False,1502.25,2024-08-01
ORD00645,2024-11-11,C0317,Hyderabad,Grocery,Olive Oil 1L,2.0,717.0,10.0,1290.18,Debit Card,7.0,4.0,False,False,1290.18,2024-11-01
ORD00598,2024-10-07,C0111,Delhi,Home,Pressure Cooker,2.0,2985.54,10.0,5373.98,Credit Card,1.0,,False,False,5373.98,2024-10-01
ORD00979,2024-03-23,C0297,Delhi,Grocery,Olive Oil 1L,1.0,815.17,,734.0,Net Banking,7.0,5.0,False,False,734.0,2024-03-01
ORD00806,2024-04-16,C0157,Chennai,Electronics,Smart Watch,3.0,4376.16,5.0,12472.05,Credit Card,5.0,,False,False,12472.05,2024-04-01
ORD02458,2024-07-18,C0388,Chennai,Electronics,Wireless Earbuds,2.0,2535.45,0.0,5070.9,Net Banking,0.0,4.0,False,False,5070.9,2024-07-01
ORD02698,2025-05-23,C0173,Mumbai,Grocery,Basmati Rice 5kg,2.0,528.81,10.0,951.85,Credit Card,1.0,5.0,False,False,951.85,2025-05-01
ORD00519,2024-01-16,C0391,Delhi,Clothing,Cotton Kurta,1.0,913.0,25.0,685.0,Net Banking,2.0,,False,False,685.0,2024-01-01
ORD02555,2025-01-14,C0028,Ahmedabad,Books,Cookbook,2.0,696.1,0.0,1392.19,Net Banking,0.0,4.0,False,False,1392.19,2025-01-01
ORD00574,2024-10-07,C0330,Ahmedabad,Home,Bedsheet Set,1.0,1224.0,20.0,979.06,UPI,5.0,,False,False,979.06,2024-10-01
ORD02988,2024-07-29,C0356,Chennai,Electronics,Smart Watch,1.0,4227.52,10.0,3805.0,UPI,5.0,,False,False,3805.0,2024-07-01
ORD02781,2025-06-18,C0157,Chennai,Clothing,Cotton Kurta,1.0,824.83,10.0,742.0,UPI,1.0,,False,False,742.0,2025-06-01
ORD01160,2025-03-24,C0438,Ahmedabad,Home,Table Lamp,2.0,773.81,,1547.62,COD,3.0,4.0,False,False,1547.62,2025-03-01
ORD02315,2024-04-10,C0041,Bengaluru,Grocery,Coffee 500g,1.0,384.99,10.0,346.49,Net Banking,1.0,2.0,False,False,346.49,2024-04-01
ORD01727,2024-01-16,C0293,Chennai,Electronics,Smart Watch,2.0,3905.0,15.0,6639.0,Credit Card,6.0,1.0,False,False,6639.0,2024-01-01
ORD02047,2025-04-25,C0385,Ahmedabad,Home,Pressure Cooker,3.0,2710.0,20.0,6505.0,UPI,1.0,3.0,False,False,6505.0,2025-04-01
ORD02865,,C0336,Mumbai,Home,Bedsheet Set,1.0,1146.0,5.0,1088.91,Debit Card,3.0,3.0,False,False,1088.91,
ORD00124,2024-06-23,C0182,Mumbai,Electronics,Power Bank,2.0,1335.85,5.0,2538.115,Debit Card,4.0,,False,False,,2024-06-01
ORD01235,2025-01-31,C0132,Hyderabad,Electronics,Power Bank,1.0,1240.42,20.0,992.34,Net Banking,3.0,2.0,False,False,992.34,2025-01-01
ORD00221,2024-05-11,C0159,Bengaluru,Electronics,Power Bank,2.0,1286.32,10.0,2315.38,UPI,1.0,3.0,False,False,2315.38,2024-05-01
ORD02966,2024-12-22,C0190,Bengaluru,Clothing,Running Shoes,1.0,2162.03,15.0,1837.7255,Net Banking,6.0,3.0,False,False,,2024-12-01
ORD00359,,C0120,Delhi,Electronics,Smart Watch,2.0,4015.0,10.0,7227.05,,,2.0,False,False,7227.05,
ORD02452,2025-02-24,C0113,Delhi,Grocery,Olive Oil 1L,2.0,838.87,0.0,1677.74,COD,,,False,False,1677.74,2025-02-01
ORD01872,2024-08-11,C0210,Mumbai,Books,Textbook,10.0,1292.0,5.0,12279.0,COD,5.0,2.0,False,False,12279.0,2024-08-01
ORD01690,2025-06-05,C0393,Chennai,Clothing,Cotton Kurta,3.0,870.0,15.0,2218.0,Debit Card,,2.0,False,False,2218.0,2025-06-01
ORD00260,2025-01-04,C0036,Mumbai,Electronics,Wireless Earbuds,1.0,2251.1,20.0,1800.88,Net Banking,5.0,,False,False,1800.88,2025-01-01
ORD02828,2025-01-23,C0235,Mumbai,Grocery,Coffee 500g,5.0,415.0,5.0,1969.9,Credit Card,1.0,5.0,False,False,1969.9,2025-01-01
ORD00880,2024-09-20,C0124,Ahmedabad,Grocery,Olive Oil 1L,5.0,,10.0,3304.0,COD,,,False,False,3304.0,2024-09-01
ORD02441,2024-11-17,C0308,Ahmedabad,Electronics,Wireless Earbuds,,2549.95,,7267.0,UPI,2.0,4.0,False,False,7267.0,2024-11-01
ORD00965,2024-11-04,C0248,Delhi,Books,Cookbook,3.0,644.63,0.0,1934.0,Credit Card,,4.0,False,False,1934.0,2024-11-01
ORD01048,2024-04-26,C0191,Mumbai,Books,Novel,,416.46,0.0,2082.29,COD,,,False,False,2082.29,2024-04-01
ORD02687,2024-04-01,C0482,Mumbai,Electronics,Wireless Earbuds,3.0,2261.0,0.0,6781.79,Credit Card,3.0,4.0,False,False,6781.79,2024-04-01
ORD02442,2024-10-14,C0434,Kolkata,Clothing,Cotton Kurta,2.0,883.0,0.0,1765.19,Net Banking,1.0,5.0,False,False,1765.19,2024-10-01
ORD01559,,C0151,Hyderabad,Clothing,Denim Jeans,2.0,,0.0,3453.38,Credit Card,6.0,4.0,False,False,3453.38,
ORD00863,2024-03-09,C0004,Mumbai,Clothing,Running Shoes,5.0,,10.0,11311.45,Debit Card,4.0,4.0,False,False,11311.45,2024-03-01
ORD02772,2025-04-16,C0432,Ahmedabad,Electronics,Wireless Earbuds,1.0,2517.0,10.0,2265.3,Net Banking,5.0,,False,False,,2025-04-01
ORD02373,,C0024,Kolkata,Home,Pressure Cooker,1.0,2660.37,20.0,2128.0,Net Banking,2.0,,False,False,2128.0,
ORD00457,2024-09-25,C0096,Ahmedabad,Books,Novel,2.0,387.0,15.0,657.77,UPI,5.0,5.0,False,False,657.77,2024-09-01
ORD00463,2024-04-06,C0193,Bengaluru,Books,Novel,2.0,,,672.61,Debit Card,3.0,,False,False,672.61,2024-04-01
ORD02270,2024-06-07,C0070,Hyderabad,Home,Bedsheet Set,1.0,1265.0,0.0,1265.0,Credit Card,2.0,,False,True,2274.0,2024-06-01
ORD01382,2024-12-15,C0248,Delhi,Books,Textbook,1.0,,,1298.59,COD,2.0,3.0,False,False,1298.59,2024-12-01
ORD01570,2024-10-28,C0045,Mumbai,Clothing,Running Shoes,1.0,2175.99,0.0,2175.99,COD,3.0,,False,True,5818.0,2024-10-01
ORD00382,2024-02-28,C0048,Kolkata,Clothing,Running Shoes,1.0,2256.0,0.0,2256.0,,,5.0,False,True,6716.0,2024-02-01
ORD00927,2025-05-29,C0126,Hyderabad,Books,Textbook,3.0,,5.0,3557.12,COD,4.0,1.0,False,False,3557.12,2025-05-01
ORD01125,2024-03-09,C0101,Bengaluru,Electronics,Power Bank,1.0,1289.0,0.0,1288.59,COD,3.0,2.0,False,False,1288.59,2024-03-01
ORD00756,2025-04-26,C0041,Bengaluru,Home,Table Lamp,2.0,777.93,0.0,1555.85,Credit Card,3.0,4.0,False,False,1555.85,2025-04-01
ORD02517,2024-01-26,C0137,Mumbai,Grocery,Basmati Rice 5kg,3.0,496.01,0.0,1488.03,UPI,5.0,5.0,False,False,,2024-01-01
ORD01815,2024-02-08,C0431,Delhi,Home,Pressure Cooker,1.0,3076.56,5.0,2923.0,UPI,2.0,,False,False,2923.0,2024-02-01
ORD01462,2024-03-02,C0016,Mumbai,Home,Pressure Cooker,1.0,2948.0,10.0,2653.2000000000003,Credit Card,2.0,4.0,False,False,,2024-03-01
ORD02197,2025-03-07,C0276,Ahmedabad,Electronics,Power Bank,1.0,1426.0,10.0,1283.0,Net Banking,3.0,4.0,False,False,1283.0,2025-03-01
ORD02184,,C0097,Chennai,Home,Pressure Cooker,1.0,2771.88,25.0,2078.91,Net Banking,3.0,4.0,False,False,2078.91,
ORD00858,2025-01-25,C0058,Mumbai,Clothing,Running Shoes,3.0,2392.36,20.0,5742.0,Debit Card,4.0,4.0,False,False,5742.0,2025-01-01
ORD01843,2024-10-29,C0356,Chennai,Clothing,Denim Jeans,2.0,1440.0,20.0,2304.0,COD,2.0,,False,False,2304.0,2024-10-01
ORD02033,2024-12-05,C0111,Delhi,Books,Cookbook,3.0,655.58,5.0,1868.4030000000002,COD,2.0,,False,True,5329.95,2024-12-01
ORD02809,2024-05-27,C0046,Chennai,Clothing,Running Shoes,3.0,2363.7,5.0,6737.0,Debit Card,5.0,3.0,False,False,6737.0,2024-05-01
ORD02408,2025-06-29,C0475,Mumbai,Electronics,Smart Watch,2.0,,5.0,7982.39,UPI,2.0,3.0,False,False,7982.39,2025-06-01
ORD02335,2024-09-10,C0195,Ahmedabad,Books,Cookbook,3.0,676.8,10.0,1827.0,Net Banking,4.0,1.0,False,False,1827.0,2024-09-01
ORD00963,2025-01-17,C0165,Mumbai,Clothing,Cotton Kurta,2.0,901.8,10.0,1623.0,Net Banking,1.0,4.0,False,False,1623.0,2025-01-01
ORD01240,2025-03-01,C0192,Mumbai,Electronics,Smart Watch,4.0,4228.0,15.0,14375.0,Net Banking,1.0,4.5,False,False,14375.0,2025-03-01
ORD00543,2025-02-01,C0009,Hyderabad,Grocery,Olive Oil 1L,1.0,789.0,5.0,749.23,COD,4.0,1.0,False,False,749.23,2025-02-01
ORD02941,2024-09-15,C0131,Delhi,Electronics,Power Bank,,1393.58,25.0,,UPI,1.0,4.0,False,False,,2024-09-01
ORD01338,2024-06-07,C0444,Mumbai,Electronics,Smart Watch,10.0,3797.3,25.0,28480.0,Credit Card,7.0,,False,False,28480.0,2024-06-01
ORD01236,2024-07-03,C0195,Ahmedabad,Home,Pressure Cooker,2.0,2945.0,10.0,5301.0,COD,5.0,4.0,False,False,,2024-07-01
ORD02949,2024-07-08,C0147,Delhi,Home,Bedsheet Set,1.0,1237.0,0.0,1237.0,Net Banking,2.0,,False,False,1237.0,2024-07-01
ORD02180,2025-04-30,C0209,Chennai,Grocery,Olive Oil 1L,1.0,808.0,0.0,808.0,UPI,5.0,,False,False,808.0,2025-04-01
ORD02470,2024-10-03,C0401,Kolkata,Books,Cookbook,3.0,692.12,20.0,1661.08,Net Banking,5.0,,False,False,1661.08,2024-10-01
ORD00950,2024-03-29,C0212,Kolkata,Electronics,Wireless Earbuds,1.0,2676.88,0.0,2677.0,UPI,3.0,,False,False,2677.0,2024-03-01
ORD02196,2024-09-05,C0009,Hyderabad,Home,Pressure Cooker,1.0,,0.0,2827.57,Net Banking,6.0,5.0,False,False,2827.57,2024-09-01
ORD01221,2024-01-03,C0070,Hyderabad,Home,Table Lamp,2.0,724.0,25.0,1086.0,Credit Card,3.0,4.0,False,False,,2024-01-01
ORD02952,,C0179,Mumbai,Books,Novel,2.0,369.0,0.0,737.27,COD,1.0,3.0,False,False,737.27,
ORD02787,2025-06-24,C0066,Delhi,Books,Novel,5.0,369.63,0.0,1848.15,Debit Card,8.0,,False,False,,2025-06-01
ORD01463,2024-12-18,C0134,Ahmedabad,Books,Textbook,1.0,1360.0,5.0,1292.0,Debit Card,2.0,5.0,False,False,1292.0,2024-12-01
ORD02469,2024-11-14,C0166,Mumbai,Home,Pressure Cooker,1.0,2859.7,15.0,2431.0,COD,2.0,4.0,False,False,2431.0,2024-11-01
ORD02017,2024-12-27,C0317,Hyderabad,Books,Cookbook,1.0,,20.0,490.87,Net Banking,6.0,,False,False,490.87,2024-12-01
ORD00991,2024-06-17,C0304,Bengaluru,Grocery,Coffee 500g,2.0,,5.0,,Credit Card,,5.0,False,False,,2024-06-01
ORD00436,2025-01-01,C0304,Bengaluru,Books,Novel,4.0,387.5,0.0,1550.0,Net Banking,8.0,,False,False,,2025-01-01
ORD01000,2025-06-28,C0018,Bengaluru,Grocery,Basmati Rice 5kg,1.0,500.82,5.0,476.0,Net Banking,6.0,4.0,False,False,476.0,2025-06-01
ORD00238,2025-02-17,C0148,Ahmedabad,Clothing,Cotton Kurta,2.0,931.0,0.0,1862.0,COD,6.0,5.0,False,False,,2025-02-01
ORD02722,2024-08-27,C0076,Kolkata,Clothing,Cotton Kurta,1.0,871.77,,871.77,Credit Card,,4.0,False,False,871.77,2024-08-01
ORD00110,2024-02-13,C0019,Chennai,Clothing,Cotton Kurta,4.0,904.0,5.0,3434.34,Credit Card,1.0,5.0,False,False,3434.34,2024-02-01
ORD00782,2024-12-06,C0045,Mumbai,Books,Novel,2.0,361.24,,686.35,Net Banking,7.0,4.0,False,False,686.35,2024-12-01
ORD02098,2025-03-05,C0283,Ahmedabad,Clothing,Running Shoes,4.0,2428.87,15.0,8258.16,Debit Card,5.0,1.0,False,False,8258.16,2025-03-01
ORD00164,2025-05-31,C0448,Bengaluru,Home,Bedsheet Set,1.0,,20.0,969.0,Credit Card,,4.0,False,False,969.0,2025-05-01
ORD00289,2024-01-04,C0310,Mumbai,Grocery,Coffee 500g,3.0,,15.0,,Credit Card,6.0,,False,False,,2024-01-01
ORD00253,2024-02-22,C0009,Hyderabad,Grocery,Olive Oil 1L,2.0,825.96,10.0,1487.0,COD,3.0,,False,False,1487.0,2024-02-01
ORD01162,2024-07-30,,Ahmedabad,Home,Table Lamp,4.0,740.83,10.0,2667.0,Credit Card,3.0,,False,False,2667.0,2024-07-01
ORD02169,2024-04-11,C0134,Ahmedabad,Home,Bedsheet Set,3.0,1094.0,5.0,3117.0,Debit Card,,5.0,False,False,3117.0,2024-04-01
ORD01949,2024-04-26,C0374,Bengaluru,Grocery,Basmati Rice 5kg,2.0,577.6,5.0,1097.45,Credit Card,1.0,4.0,False,False,1097.45,2024-04-01
ORD00768,2024-04-26,C0410,Chennai,Electronics,Power Bank,10.0,,,,Debit Card,3.0,5.0,False,False,,2024-04-01
ORD00788,2024-12-01,,Bengaluru,Home,Pressure Cooker,1.0,2818.66,10.0,2536.794,COD,3.0,5.0,False,True,7377.01,2024-12-01
ORD01360,2024-11-23,C0361,Hyderabad,Electronics,Smart Watch,3.0,4249.22,0.0,12747.66,Debit Card,4.0,,False,False,12747.66,2024-11-01
ORD00832,2025-05-30,C0427,Chennai,Clothing,Running Shoes,4.0,2466.49,15.0,8386.07,UPI,4.0,5.0,False,False,8386.07,2025-05-01
ORD01930,2025-01-27,C0141,Ahmedabad,Electronics,Power Bank,1.0,1354.1,10.0,1218.69,Credit Card,,,False,True,2435.26,2025-01-01
ORD01386,2024-11-18,C0112,Hyderabad,Grocery,Coffee 500g,3.0,427.49,,1218.0,Net Banking,1.0,,False,False,1218.0,2024-11-01
ORD02804,2024-11-19,C0310,Mumbai,Grocery,Basmati Rice 5kg,1.0,599.64,15.0,509.69399999999996,Credit Card,2.0,3.0,False,False,,2024-11-01
ORD02381,2025-02-23,C0376,Mumbai,Clothing,Denim Jeans,3.0,,15.0,3852.87,Debit Card,1.0,4.0,False,False,3852.87,2025-02-01
ORD02904,2025-06-16,C0281,Delhi,Books,Novel,10.0,426.35,0.0,4263.53,UPI,5.0,4.0,False,False,4263.53,2025-06-01
ORD01269,2025-03-14,C0133,Mumbai,Electronics,Power Bank,2.0,1240.51,25.0,1861.0,COD,2.0,,False,False,1861.0,2025-03-01
ORD02253,2024-05-02,C0193,Bengaluru,Home,Table Lamp,2.0,760.0,0.0,1519.66,Debit Card,4.0,3.0,False,False,1519.66,2024-05-01
ORD01290,2024-03-08,C0287,Mumbai,Grocery,Olive Oil 1L,1.0,798.0,0.0,798.0,Credit Card,,4.0,False,False,798.0,2024-03-01
ORD01299,2024-04-09,C0252,Mumbai,Clothing,Running Shoes,1.0,2273.0,5.0,2159.8,COD,5.0,3.0,False,False,2159.8,2024-04-01
ORD02448,2024-09-13,C0182,Mumbai,Home,Pressure Cooker,3.0,2690.0,10.0,7263.0,COD,4.0,4.0,False,False,,2024-09-01
ORD00462,2024-05-14,C0209,Chennai,Home,Bedsheet Set,1.0,1276.95,15.0,1085.41,COD,4.0,5.0,False,False,1085.41,2024-05-01
ORD01741,2024-04-11,C0194,Mumbai,Home,Pressure Cooker,1.0,2934.0,20.0,2347.42,COD,1.0,5.0,False,False,2347.42,2024-04-01
ORD01511,2024-05-26,C0484,Bengaluru,Electronics,Smart Watch,1.0,,0.0,,Credit Card,1.0,2.0,False,False,,2024-05-01
ORD00158,2025-02-03,,Chennai,Home,Bedsheet Set,5.0,1134.1,10.0,5103.45,UPI,6.0,5.0,False,False,5103.45,2025-02-01
ORD00904,2024-08-08,C0341,Mumbai,Electronics,Smart Watch,1.0,3850.0,0.0,3850.0,UPI,8.0,,False,False,,2024-08-01
ORD02004,2024-01-07,C0252,Mumbai,Home,Bedsheet Set,1.0,1185.0,15.0,1007.56,Net Banking,,,False,False,1007.56,2024-01-01
ORD02951,2024-08-02,,Kolkata,Books,Textbook,1.0,1324.8,0.0,1324.8,Net Banking,2.0,3.0,False,False,1324.8,2024-08-01
ORD00678,2024-11-25,C0247,Bengaluru,Electronics,Wireless Earbuds,4.0,2357.97,10.0,8488.692,COD,0.0,3.0,False,False,,2024-11-01
ORD01761,2025-06-15,C0145,Mumbai,Books,Novel,2.0,369.0,0.0,738.0,,4.0,4.0,False,False,,2025-06-01
ORD02412,2024-01-31,C0371,Mumbai,Electronics,Power Bank,2.0,1327.24,,2654.0,Credit Card,2.0,5.0,False,False,2654.0,2024-01-01
ORD00239,2024-05-30,C0013,Mumbai,Home,Pressure Cooker,1.0,2528.08,5.0,2402.0,Debit Card,3.0,1.0,False,False,2402.0,2024-05-01
ORD00882,2024-01-24,C0018,Bengaluru,Grocery,Basmati Rice 5kg,2.0,552.13,0.0,1104.26,Net Banking,4.0,3.0,False,False,,2024-01-01
ORD01400,2024-10-04,C0100,Mumbai,Grocery,Olive Oil 1L,4.0,831.96,0.0,3327.83,UPI,2.0,4.0,False,False,3327.83,2024-10-01
ORD00244,2024-09-20,C0256,Delhi,Grocery,Olive Oil 1L,10.0,710.0,10.0,6390.0,Debit Card,3.0,3.0,False,False,6390.0,2024-09-01
ORD00101,2024-12-10,C0206,Mumbai,Home,Bedsheet Set,2.0,1149.0,0.0,2299.0,Net Banking,5.0,4.0,False,False,2299.0,2024-12-01
ORD00316,2024-06-07,C0336,Mumbai,Clothing,Running Shoes,2.0,2454.35,0.0,4908.7,UPI,2.0,,False,False,4908.7,2024-06-01
ORD00912,2025-02-23,C0038,Chennai,Home,Bedsheet Set,2.0,1260.0,20.0,2016.0,Net Banking,2.0,2.0,False,False,2016.0,2025-02-01
ORD01098,2024-11-19,C0049,Ahmedabad,Home,Bedsheet Set,1.0,1121.0,15.0,953.0,COD,,2.0,False,False,953.0,2024-11-01
ORD00980,2024-03-13,C0401,Kolkata,Books,Novel,1.0,392.0,25.0,294.23,Debit Card,3.0,,False,False,294.23,2024-03-01
ORD00262,2024-07-07,C0001,Mumbai,Grocery,Olive Oil 1L,10.0,731.82,0.0,7318.200000000001,Credit Card,,5.0,False,False,,2024-07-01
ORD02005,2024-05-16,C0412,Kolkata,Electronics,Wireless Earbuds,1.0,2644.9,0.0,2644.9,Credit Card,3.0,,False,False,2644.9,2024-05-01
ORD01726,2024-03-05,C0212,Kolkata,Clothing,Denim Jeans,1.0,,0.0,1691.17,Credit Card,4.0,4.0,False,False,1691.17,2024-03-01
ORD00196,2024-01-11,,Mumbai,Electronics,Power Bank,10.0,1340.41,0.0,13404.1,Debit Card,3.0,5.0,False,True,37640.0,2024-01-01
ORD01862,2025-05-26,C0055,Mumbai,Electronics,Smart Watch,1.0,3886.0,20.0,3108.8,Credit Card,3.0,5.0,False,True,9004.0,2025-05-01
ORD01779,2025-03-21,C0440,Chennai,Books,Novel,1.0,364.47,20.0,291.58,Credit Card,4.0,4.0,False,False,291.58,2025-03-01
ORD01821,2024-09-20,C0394,Mumbai,Clothing,Cotton Kurta,1.0,878.77,0.0,878.77,Net Banking,1.0,5.0,False,False,878.77,2024-09-01
ORD00180,2024-10-25,C0020,Ahmedabad,Electronics,Smart Watch,5.0,,0.0,21169.3,Debit Card,8.0,2.0,False,False,21169.3,2024-10-01
ORD01599,2025-04-28,C0216,Bengaluru,Clothing,Running Shoes,2.0,,10.0,4307.0,Debit Card,4.0,4.0,False,False,4307.0,2025-04-01
ORD02365,2024-10-17,C0318,Kolkata,Clothing,Running Shoes,2.0,2263.47,20.0,3621.56,COD,,5.0,False,False,3621.56,2024-10-01
ORD02296,2024-04-03,C0128,Chennai,Grocery,Coffee 500g,4.0,425.0,0.0,1700.0,Credit Card,1.0,4.0,False,True,2813.29,2024-04-01
ORD02229,2025-02-26,C0451,Ahmedabad,Electronics,Wireless Earbuds,1.0,2552.0,0.0,2552.0,UPI,6.0,,False,False,,2025-02-01
ORD00341,2024-03-07,C0015,Delhi,Home,Pressure Cooker,3.0,2992.2,5.0,8527.769999999999,UPI,3.0,2.0,False,False,,2024-03-01
ORD02160,2025-03-14,C0478,Chennai,Grocery,Basmati Rice 5kg,1.0,,0.0,527.15,COD,2.0,5.0,False,False,527.15,2025-03-01
ORD01232,2024-06-02,,Bengaluru,Electronics,Wireless Earbuds,1.0,2407.02,,2166.0,Credit Card,2.0,3.0,False,False,2166.0,2024-06-01
ORD00749,2024-05-13,C0272,Mumbai,Books,Cookbook,2.0,636.6,10.0,1145.88,Credit Card,6.0,4.0,False,False,,2024-05-01
ORD02645,2024-09-03,C0149,Kolkata,Home,Table Lamp,1.0,,0.0,694.19,Credit Card,7.0,,False,False,694.19,2024-09-01
ORD00663,2024-12-13,C0350,Delhi,Books,Novel,2.0,434.0,10.0,780.85,Credit Card,2.0,4.0,False,False,780.85,2024-12-01
ORD00481,2024-01-10,C0332,Mumbai,Electronics,Smart Watch,1.0,3972.0,5.0,3773.72,Net Banking,1.0,4.0,False,False,3773.72,2024-01-01
ORD00804,2024-06-30,C0419,Bengaluru,Home,Bedsheet Set,1.0,1183.51,0.0,1184.0,,3.0,4.0,False,False,1184.0,2024-06-01
ORD02944,2024-06-01,C0077,Kolkata,Grocery,Basmati Rice 5kg,1.0,539.99,15.0,458.99,UPI,5.0,2.0,False,False,458.99,2024-06-01
ORD02699,2024-04-20,C0217,Ahmedabad,Electronics,Wireless Earbuds,1.0,2553.07,0.0,2553.07,Debit Card,,,False,False,2553.07,2024-04-01
ORD01412,2024-02-16,C0269,Kolkata,Grocery,Olive Oil 1L,1.0,838.47,5.0,796.5465,COD,4.0,,False,False,,2024-02-01
ORD02484,2024-08-08,C0263,Kolkata,Electronics,Power Bank,10.0,1291.54,10.0,11623.88,Net Banking,1.0,3.0,False,False,11623.88,2024-08-01
ORD00550,2024-03-31,C0396,Mumbai,Books,Novel,1.0,418.64,5.0,397.71,Credit Card,4.0,,False,False,397.71,2024-03-01
ORD01499,2025-05-11,C0029,Kolkata,Books,Cookbook,4.0,633.53,25.0,1900.59,Debit Card,5.0,4.0,False,True,2907.05,2025-05-01
ORD00784,2024-06-23,C0227,Ahmedabad,Electronics,Wireless Earbuds,1.0,2461.0,0.0,2461.0,COD,2.0,4.0,False,True,5964.76,2024-06-01
ORD02764,2024-06-24,C0189,Bengaluru,Electronics,Smart Watch,1.0,4187.93,10.0,3769.0,Credit Card,1.0,3.0,False,False,3769.0,2024-06-01
ORD02226,2025-03-04,C0300,Mumbai,Electronics,Wireless Earbuds,1.0,,,2069.79,UPI,3.0,,False,False,2069.79,2025-03-01
ORD00743,2024-10-23,C0411,Mumbai,Books,Cookbook,1.0,597.0,0.0,597.0,Net Banking,4.0,5.0,False,True,1200.89,2024-10-01
ORD02464,2025-07-03,C0150,Ahmedabad,Grocery,Coffee 500g,1.0,410.54,0.0,411.0,Credit Card,2.0,,True,False,411.0,2025-07-01
ORD01790,2024-12-26,C0226,Mumbai,Grocery,Basmati Rice 5kg,1.0,539.0,20.0,430.9,Net Banking,7.0,,False,False,430.9,2024-12-01
ORD02852,2024-08-08,C0136,Chennai,Books,Cookbook,2.0,689.23,15.0,1172.0,Net Banking,2.0,,False,False,1172.0,2024-08-01
ORD01967,2024-04-27,C0194,Mumbai,Books,Novel,2.0,,0.0,857.0,Credit Card,1.0,,False,False,857.0,2024-04-01
ORD02002,2025-02-12,C0058,Mumbai,Clothing,Cotton Kurta,5.0,877.0,5.0,4167.0,Net Banking,8.0,,False,False,4167.0,2025-02-01
ORD02882,,C0381,Chennai,Grocery,Olive Oil 1L,1.0,,10.0,666.0,Net Banking,1.0,3.0,False,False,666.0,
ORD02354,2025-05-19,C0322,Delhi,Electronics,Power Bank,3.0,,0.0,3816.0,Net Banking,3.0,3.0,False,False,3816.0,2025-05-01
ORD01069,2025-02-06,C0367,Mumbai,Books,Textbook,1.0,1177.87,0.0,1177.87,COD,,5.0,False,False,1177.87,2025-02-01
ORD00248,2024-11-12,C0157,Chennai,Home,Table Lamp,1.0,734.18,15.0,624.06,UPI,3.0,3.0,False,False,624.06,2024-11-01
ORD02120,2024-03-30,C0362,Bengaluru,Home,Table Lamp,1.0,783.0,0.0,783.0,COD,6.0,3.0,False,False,783.0,2024-03-01
ORD01189,2024-04-24,C0130,Delhi,Electronics,Power Bank,1.0,1269.0,0.0,1269.14,COD,3.0,4.0,False,False,1269.14,2024-04-01
ORD02776,2024-04-30,C0040,Mumbai,Books,Novel,5.0,,10.0,1770.0,Debit Card,1.0,4.0,False,False,1770.0,2024-04-01
ORD00627,2024-01-05,C0113,Delhi,Books,Cookbook,2.0,687.0,15.0,1167.72,Credit Card,2.0,,False,False,1167.72,2024-01-01
ORD00348,2025-05-05,C0076,Kolkata,Books,Novel,3.0,363.0,5.0,1035.6,Credit Card,5.0,3.0,False,False,1035.6,2025-05-01
ORD00279,2025-04-18,C0372,Hyderabad,Home,Table Lamp,4.0,689.69,25.0,2069.08,Credit Card,3.0,,False,False,2069.08,2025-04-01
ORD02205,2024-07-23,C0485,Ahmedabad,Grocery,Olive Oil 1L,3.0,761.82,10.0,2056.914,Net Banking,,3.0,False,False,,2024-07-01
ORD02721,2024-02-18,C0079,Bengaluru,Books,Cookbook,2.0,708.75,15.0,1204.88,Debit Card,4.0,,False,False,1204.88,2024-02-01
ORD00656,2024-09-28,C0049,Ahmedabad,Clothing,Running Shoes,1.0,,0.0,2476.0,UPI,2.0,1.0,False,False,2476.0,2024-09-01
ORD02874,2025-06-29,C0342,Kolkata,Home,Pressure Cooker,2.0,2884.83,0.0,5770.0,COD,4.0,,False,False,5770.0,2025-06-01
ORD01322,2025-06-15,C0407,Kolkata,Grocery,Coffee 500g,4.0,462.68,20.0,1480.56,,4.0,3.0,False,False,1480.56,2025-06-01
ORD02679,2024-02-05,C0008,Ahmedabad,Home,Pressure Cooker,2.0,2681.0,0.0,5362.5,Credit Card,5.0,5.0,False,False,5362.5,2024-02-01
ORD02642,2024-07-28,C0496,Delhi,Grocery,Coffee 500g,3.0,405.62,20.0,973.48,UPI,5.0,5.0,False,False,973.48,2024-07-01
ORD01794,2024-04-12,C0465,Kolkata,Clothing,Cotton Kurta,2.0,902.82,25.0,1354.23,Credit Card,2.0,3.0,False,False,1354.23,2024-04-01
ORD01816,2024-12-27,C0311,Mumbai,Electronics,Power Bank,2.0,1309.64,20.0,2095.0,Net Banking,5.0,2.0,False,False,2095.0,2024-12-01
ORD02431,2024-03-12,C0029,Kolkata,Home,Table Lamp,1.0,755.12,0.0,755.12,Credit Card,3.0,3.0,False,False,755.12,2024-03-01
ORD00446,2025-05-17,C0235,Mumbai,Grocery,Coffee 500g,2.0,430.0,20.0,688.3,Net Banking,4.0,5.0,False,False,688.3,2025-05-01
ORD00618,2024-03-18,C0120,Delhi,Clothing,Running Shoes,1.0,2358.0,5.0,2239.75,COD,8.0,5.0,False,False,2239.75,2024-03-01
ORD01287,2025-01-02,C0099,Delhi,Grocery,Olive Oil 1L,3.0,851.0,,2424.81,Net Banking,6.0,3.0,False,False,2424.81,2025-01-01
ORD01660,2024-10-21,C0183,Chennai,Grocery,Olive Oil 1L,3.0,808.0,0.0,2424.0,Credit Card,7.0,,False,False,2424.0,2024-10-01
ORD01129,2025-03-05,C0127,Mumbai,Clothing,Denim Jeans,1.0,1449.0,5.0,1376.88,UPI,3.0,4.0,False,False,1376.88,2025-03-01
ORD01191,2025-05-27,C0393,Chennai,Home,Pressure Cooker,1.0,2665.0,25.0,1999.0,Credit Card,6.0,3.0,False,False,1999.0,2025-05-01
ORD01642,2024-08-19,C0294,Kolkata,Clothing,Denim Jeans,2.0,1469.87,10.0,2645.77,UPI,1.0,5.0,False,False,2645.77,2024-08-01
ORD00845,2024-09-02,C0314,Delhi,Grocery,Olive Oil 1L,2.0,705.97,0.0,1411.94,Credit Card,1.0,,False,False,,2024-09-01
ORD02606,2024-07-24,C0239,Kolkata,Electronics,Smart Watch,3.0,4303.0,10.0,11619.0,COD,7.0,4.0,False,False,11619.0,2024-07-01
ORD00548,2024-11-05,C0217,Ahmedabad,Electronics,Power Bank,1.0,1317.73,0.0,1318.0,Debit Card,0.0,1.0,False,False,1318.0,2024-11-01
ORD01861,2025-02-08,C0071,Delhi,Electronics,Power Bank,3.0,1184.0,,3197.0,Credit Card,5.0,3.0,False,False,3197.0,2025-02-01
ORD02891,2024-12-10,C0024,Kolkata,Books,Textbook,1.0,1283.91,20.0,1027.1280000000002,,3.0,,False,False,,2024-12-01
ORD02992,2024-03-04,C0308,Ahmedabad,Grocery,Coffee 500g,5.0,454.0,,2270.75,Net Banking,6.0,4.0,False,False,2270.75,2024-03-01
ORD00264,2024-10-21,C0401,Kolkata,Clothing,Cotton Kurta,4.0,892.0,0.0,3568.0,Credit Card,,4.0,False,False,,2024-10-01
ORD02191,2025-01-22,C0077,Kolkata,Home,Pressure Cooker,2.0,,0.0,5312.47,Debit Card,2.0,5.0,False,False,5312.47,2025-01-01
ORD02401,2024-03-26,C0038,Chennai,Electronics,Smart Watch,2.0,3635.81,0.0,7271.62,UPI,6.0,5.0,False,False,7271.62,2024-03-01
ORD02532,2024-07-03,C0322,Delhi,Grocery,Olive Oil 1L,,800.47,20.0,2561.5,Credit Card,,3.0,False,False,2561.5,2024-07-01
ORD00354,2024-08-19,C0383,Mumbai,Grocery,Coffee 500g,5.0,397.38,0.0,1987.0,Credit Card,4.0,4.0,False,False,1987.0,2024-08-01
ORD00966,2024-09-19,C0303,Bengaluru,Clothing,Denim Jeans,3.0,1645.0,25.0,3701.11,Credit Card,8.0,3.0,False,False,3701.11,2024-09-01
ORD00209,2024-09-24,C0080,Kolkata,Books,Cookbook,2.0,,0.0,1223.89,Credit Card,3.0,,False,False,1223.89,2024-09-01
ORD00614,2025-01-12,C0197,Chennai,Grocery,Basmati Rice 5kg,1.0,,0.0,583.99,UPI,4.0,4.0,False,False,583.99,2025-01-01
ORD01100,2024-09-16,C0074,Ahmedabad,Grocery,Basmati Rice 5kg,1.0,533.52,0.0,534.0,UPI,2.0,,False,False,534.0,2024-09-01
ORD02288,2025-01-06,C0151,Hyderabad,Books,Novel,2.0,410.25,5.0,779.4749999999999,Credit Card,5.0,5.0,False,False,,2025-01-01
ORD01577,2025-05-12,C0445,Mumbai,Grocery,Olive Oil 1L,2.0,752.0,15.0,1277.78,Debit Card,,4.0,False,False,1277.78,2025-05-01
ORD01966,2025-02-11,C0498,Mumbai,Electronics,Smart Watch,2.0,3942.41,0.0,7884.82,Credit Card,3.0,,False,False,,2025-02-01
ORD01201,2024-06-07,C0473,Ahmedabad,Books,Novel,1.0,,10.0,324.0,Debit Card,3.0,4.0,False,False,324.0,2024-06-01
ORD01838,2024-11-06,C0054,Kolkata,Home,Bedsheet Set,2.0,1294.0,10.0,2329.0,COD,3.0,4.0,False,False,2329.0,2024-11-01
ORD01581,2024-10-02,C0390,Hyderabad,Electronics,Wireless Earbuds,5.0,2283.0,,11415.84,UPI,8.0,,False,False,11415.84,2024-10-01
ORD00058,2025-06-13,C0220,Bengaluru,Electronics,Smart Watch,1.0,4381.0,0.0,4381.0,Debit Card,1.0,4.0,False,False,4381.0,2025-06-01
ORD01207,2024-09-27,C0116,Mumbai,Clothing,Denim Jeans,1.0,1590.0,5.0,1510.5,Debit Card,1.0,,False,False,1510.5,2024-09-01
ORD00812,2024-12-14,C0365,Mumbai,Clothing,Running Shoes,2.0,2178.0,0.0,4355.5,Credit Card,5.0,2.0,False,False,4355.5,2024-12-01
ORD02884,2024-10-02,C0384,Mumbai,Home,Pressure Cooker,2.0,2791.88,0.0,5584.0,Debit Card,3.0,,False,False,5584.0,2024-10-01
ORD00562,2025-04-28,,Bengaluru,Home,Bedsheet Set,1.0,,0.0,1151.65,,,3.0,False,False,1151.65,2025-04-01
ORD02091,2024-07-20,C0120,Delhi,Home,Pressure Cooker,1.0,2817.0,10.0,2535.0,COD,4.0,5.0,False,False,2535.0,2024-07-01
ORD00230,2024-09-17,C0064,Chennai,Electronics,Power Bank,5.0,1424.71,0.0,7124.0,UPI,1.0,,False,False,7124.0,2024-09-01
ORD02561,2024-07-16,C0043,Delhi,Grocery,Olive Oil 1L,1.0,787.0,,590.31,UPI,5.0,,False,False,590.31,2024-07-01
ORD02896,2024-10-13,C0088,Delhi,Clothing,Cotton Kurta,1.0,953.0,0.0,953.42,COD,4.0,5.0,False,False,953.42,2024-10-01
ORD02977,2024-11-14,C0073,Delhi,Clothing,Cotton Kurta,4.0,,15.0,3238.67,Net Banking,2.0,2.0,False,False,3238.67,2024-11-01
ORD00539,2025-01-26,C0277,Hyderabad,Books,Cookbook,1.0,605.47,,,Credit Card,4.0,1.0,False,False,,2025-01-01
ORD01886,2024-03-04,C0234,Ahmedabad,Books,Cookbook,3.0,610.83,10.0,1649.0,COD,3.0,4.0,False,False,1649.0,2024-03-01
ORD01134,,C0149,Kolkata,Electronics,Power Bank,5.0,1236.0,25.0,4634.69,UPI,,4.0,False,False,4634.69,
ORD02650,2024-11-05,C0178,Mumbai,Home,Bedsheet Set,4.0,,,4728.0,Credit Card,7.0,1.0,False,False,4728.0,2024-11-01
ORD01115,2024-12-26,C0170,Mumbai,Grocery,Coffee 500g,2.0,455.05,0.0,910.0,Credit Card,7.0,4.0,False,False,910.0,2024-12-01
ORD00708,2024-03-29,,Chennai,Books,Cookbook,3.0,,0.0,1766.89,COD,5.0,1.0,False,False,1766.89,2024-03-01
ORD00425,2024-01-18,C0313,Ahmedabad,Clothing,Cotton Kurta,1.0,954.0,0.0,954.0,COD,5.0,4.0,False,False,954.0,2024-01-01
ORD00070,2024-07-10,C0053,Ahmedabad,Grocery,Coffee 500g,1.0,445.83,0.0,446.0,Debit Card,2.0,4.0,False,False,446.0,2024-07-01
ORD02297,2025-03-04,C0363,Ahmedabad,Electronics,Wireless Earbuds,3.0,,0.0,7913.0,Credit Card,3.0,4.0,False,False,7913.0,2025-03-01
ORD01217,2024-12-28,C0330,Ahmedabad,Books,Textbook,1.0,1167.0,0.0,1167.0,COD,7.0,4.0,False,False,1167.0,2024-12-01
ORD00648,2025-03-27,C0163,Mumbai,Grocery,Basmati Rice 5kg,1.0,,20.0,458.53,Debit Card,1.0,,False,False,458.53,2025-03-01
ORD01770,2024-12-04,C0264,Delhi,Electronics,Smart Watch,2.0,3695.49,10.0,6651.87,Credit Card,4.0,,False,False,6651.87,2024-12-01
ORD01365,2024-02-24,C0313,Ahmedabad,Grocery,Olive Oil 1L,1.0,747.0,5.0,710.03,Credit Card,,4.5,False,False,710.03,2024-02-01
ORD00999,2025-06-04,C0266,Kolkata,Clothing,Running Shoes,1.0,2440.0,0.0,2439.64,Net Banking,2.0,3.0,False,False,2439.64,2025-06-01
ORD02342,2024-05-21,C0047,Ahmedabad,Electronics,Wireless Earbuds,1.0,2300.74,0.0,2300.74,COD,1.0,2.0,False,False,2300.74,2024-05-01
ORD02635,2024-09-04,C0472,Hyderabad,Clothing,Denim Jeans,4.0,1468.0,10.0,5284.31,Debit Card,4.0,3.0,False,False,5284.31,2024-09-01
ORD01128,2024-11-10,C0011,Delhi,Grocery,Coffee 500g,1.0,440.0,25.0,330.0,Debit Card,4.0,3.0,False,False,330.0,2024-11-01
ORD01666,2024-08-10,C0288,Mumbai,Books,Cookbook,1.0,,10.0,642.0,COD,,3.0,False,False,642.0,2024-08-01
ORD00621,2024-06-01,C0015,Delhi,Electronics,Wireless Earbuds,5.0,2664.0,15.0,11322.0,Credit Card,5.0,3.0,False,False,11322.0,2024-06-01
ORD01643,2024-02-20,C0096,Ahmedabad,Electronics,Power Bank,1.0,1212.83,0.0,1212.83,,2.0,,False,False,1212.83,2024-02-01
ORD01264,2024-01-21,C0317,Hyderabad,Clothing,Cotton Kurta,1.0,859.0,0.0,858.71,Credit Card,2.0,,False,False,858.71,2024-01-01
ORD02931,2024-05-14,C0222,Ahmedabad,Clothing,Cotton Kurta,2.0,837.0,0.0,1673.0,Credit Card,4.0,4.0,False,False,1673.0,2024-05-01
ORD01585,2025-01-30,C0023,Chennai,Grocery,Basmati Rice 5kg,5.0,562.34,0.0,2812.0,COD,7.0,3.0,False,False,2812.0,2025-01-01
ORD01118,2024-11-20,C0477,Kolkata,Home,Bedsheet Set,1.0,1108.0,15.0,942.0,UPI,2.0,,False,False,942.0,2024-11-01
ORD02414,2024-03-20,C0062,Ahmedabad,Clothing,Running Shoes,2.0,,0.0,4849.0,COD,7.0,4.0,False,False,4849.0,2024-03-01
ORD02719,2025-01-17,C0467,Ahmedabad,Grocery,Olive Oil 1L,1.0,,10.0,668.55,Debit Card,5.0,3.0,False,False,668.55,2025-01-01
ORD01469,2025-04-20,C0451,Ahmedabad,Books,Textbook,5.0,1309.0,5.0,6218.4,UPI,3.0,4.0,False,False,6218.4,2025-04-01
ORD00280,2025-06-27,C0194,Mumbai,Electronics,Power Bank,1.0,,5.0,1323.66,Credit Card,,1.0,False,False,1323.66,2025-06-01
ORD01289,2025-02-06,C0028,Ahmedabad,Home,Table Lamp,1.0,745.0,5.0,707.63,UPI,4.0,,False,False,707.63,2025-02-01
ORD01583,2024-09-26,C0043,Delhi,Clothing,Running Shoes,4.0,,20.0,7787.57,Debit Card,,2.0,False,False,7787.57,2024-09-01
ORD01004,2024-01-25,C0374,Bengaluru,Clothing,Denim Jeans,1.0,1710.93,20.0,1368.75,UPI,,3.0,False,False,1368.75,2024-01-01
ORD01019,2025-05-15,C0269,Kolkata,Books,Novel,1.0,417.0,0.0,416.91,COD,4.0,5.0,False,False,416.91,2025-05-01
ORD01731,,C0169,Bengaluru,Clothing,Denim Jeans,,,5.0,1403.0,Credit Card,5.0,,False,False,1403.0,
ORD00554,2024-01-04,C0492,Mumbai,Grocery,Coffee 500g,1.0,461.43,10.0,415.28700000000003,UPI,1.0,5.0,False,True,1122.93,2024-01-01
ORD00835,2024-03-10,C0492,Mumbai,Clothing,Denim Jeans,2.0,1731.27,10.0,3116.0,COD,,5.0,False,False,3116.0,2024-03-01
ORD00658,2025-01-01,C0119,Kolkata,Electronics,Smart Watch,1.0,4131.0,20.0,3305.0,Net Banking,1.0,5.0,False,False,3305.0,2025-01-01
ORD00597,2024-08-17,C0150,Ahmedabad,Books,Cookbook,2.0,638.0,,2416.0,COD,4.0,2.0,False,False,2416.0,2024-08-01
ORD02801,2025-01-26,C0048,Kolkata,Grocery,Basmati Rice 5kg,10.0,,0.0,5601.58,Debit Card,2.0,3.0,False,False,5601.58,2025-01-01
ORD00803,2025-04-11,C0339,Ahmedabad,Clothing,Cotton Kurta,3.0,818.0,5.0,2330.53,Debit Card,5.0,,False,False,2330.53,2025-04-01
ORD02182,2024-11-04,C0422,Mumbai,Electronics,Wireless Earbuds,1.0,2553.06,10.0,2297.76,Debit Card,2.0,,False,False,2297.76,2024-11-01
ORD01548,2024-11-18,C0217,Ahmedabad,Clothing,Cotton Kurta,4.0,918.81,0.0,3675.23,Debit Card,3.0,3.0,False,False,3675.23,2024-11-01
ORD02542,2024-05-16,C0075,Kolkata,Books,Cookbook,10.0,700.52,10.0,6304.67,Credit Card,2.0,,False,False,6304.67,2024-05-01
ORD02775,2024-07-19,C0330,Ahmedabad,Books,Textbook,1.0,1290.76,0.0,1290.76,Net Banking,3.0,1.0,False,False,,2024-07-01
ORD00441,2025-04-03,C0470,Mumbai,Electronics,Power Bank,1.0,1181.0,0.0,1181.0,Credit Card,6.0,4.0,False,False,1181.0,2025-04-01
ORD00509,2025-05-12,C0437,Mumbai,Clothing,Denim Jeans,1.0,,20.0,1398.0,Credit Card,4.0,1.0,False,False,1398.0,2025-05-01
ORD00077,2024-12-29,C0376,Mumbai,Home,Bedsheet Set,1.0,1098.46,0.0,1098.46,Debit Card,1.0,3.0,False,False,1098.46,2024-12-01
ORD01996,2025-05-29,C0200,Ahmedabad,Clothing,Running Shoes,1.0,2458.24,20.0,1966.59,UPI,3.0,,False,False,1966.59,2025-05-01
ORD01533,2024-07-31,C0457,Kolkata,Grocery,Coffee 500g,1.0,417.72,0.0,418.0,Credit Card,1.0,5.0,False,False,418.0,2024-07-01
ORD00650,2024-01-24,C0330,Ahmedabad,Electronics,Wireless Earbuds,2.0,2267.16,0.0,4534.0,UPI,,,False,False,4534.0,2024-01-01
ORD00523,2024-11-01,C0397,Bengaluru,Clothing,Denim Jeans,1.0,1739.0,25.0,1304.0,COD,4.0,5.0,False,False,1304.0,2024-11-01
ORD01564,2024-10-19,C0318,Kolkata,Electronics,Smart Watch,1.0,,20.0,3197.23,Credit Card,2.0,5.0,False,False,3197.23,2024-10-01
ORD01941,2024-01-02,C0381,Chennai,Home,Table Lamp,1.0,727.0,0.0,727.23,Credit Card,6.0,2.0,False,False,727.23,2024-01-01
ORD02152,2024-10-19,,Chennai,Books,Textbook,1.0,1257.46,0.0,1257.0,UPI,1.0,5.0,False,False,1257.0,2024-10-01
ORD00655,2024-11-18,C0291,Delhi,Grocery,Basmati Rice 5kg,1.0,520.0,10.0,468.0,UPI,5.0,3.0,False,False,468.0,2024-11-01
ORD01243,2025-02-16,C0140,Bengaluru,Grocery,Coffee 500g,4.0,445.01,10.0,1602.03,COD,6.0,,False,False,1602.03,2025-02-01
ORD01619,2024-03-20,C0208,Delhi,Electronics,Wireless Earbuds,3.0,2370.88,5.0,6757.0,Credit Card,5.0,4.0,False,False,6757.0,2024-03-01
ORD01261,2024-07-19,C0186,Hyderabad,Clothing,Cotton Kurta,1.0,,10.0,848.8,Credit Card,5.0,5.0,False,False,848.8,2024-07-01
ORD00977,,C0124,Ahmedabad,Electronics,Wireless Earbuds,4.0,2690.16,0.0,10761.0,COD,4.0,5.0,False,False,10761.0,
ORD00631,,C0196,Mumbai,Grocery,Olive Oil 1L,1.0,,5.0,792.0,UPI,4.0,4.5,False,False,792.0,
ORD01324,2025-06-08,C0395,Ahmedabad,Clothing,Cotton Kurta,2.0,983.25,0.0,1966.0,COD,8.0,,False,False,1966.0,2025-06-01
ORD01587,,C0395,Ahmedabad,Grocery,Olive Oil 1L,1.0,823.19,15.0,699.7115,Credit Card,2.0,,False,False,,
ORD01755,2024-06-23,C0446,Chennai,Books,Novel,1.0,400.0,20.0,320.0,UPI,4.0,2.0,False,False,320.0,2024-06-01
ORD00483,2024-01-16,C0371,Mumbai,Electronics,Smart Watch,3.0,3880.55,20.0,9313.0,UPI,3.0,4.0,False,False,9313.0,2024-01-01
ORD02020,2025-03-05,C0134,Ahmedabad,Clothing,Running Shoes,2.0,2494.0,0.0,4987.13,Net Banking,4.0,1.0,False,False,4987.13,2025-03-01
ORD02426,2024-02-24,C0263,Kolkata,Grocery,Coffee 500g,2.0,,,,Net Banking,3.0,,False,False,,2024-02-01
ORD02617,2025-01-10,C0447,Ahmedabad,Electronics,Wireless Earbuds,3.0,2617.01,20.0,6280.82,UPI,5.0,5.0,False,False,6280.82,2025-01-01
ORD02487,2025-01-19,C0332,Mumbai,Electronics,Power Bank,2.0,1404.0,15.0,2386.0,UPI,0.0,4.0,False,False,2386.0,2025-01-01
ORD00439,2024-11-16,C0308,Ahmedabad,Grocery,Basmati Rice 5kg,1.0,588.29,15.0,500.05,Credit Card,5.0,,False,False,500.05,2024-11-01
ORD02130,2024-12-04,C0313,Ahmedabad,Grocery,Coffee 500g,1.0,,,383.25,COD,4.0,3.0,False,False,383.25,2024-12-01
ORD00970,2025-06-22,C0351,Hyderabad,Home,Pressure Cooker,1.0,2752.6,15.0,2340.0,UPI,2.0,4.0,False,False,2340.0,2025-06-01
ORD01917,2025-03-31,C0438,Ahmedabad,Electronics,Power Bank,1.0,1359.0,25.0,1019.0,Debit Card,7.0,,False,False,1019.0,2025-03-01
ORD01621,2024-04-04,C0200,Ahmedabad,Home,Table Lamp,3.0,737.0,10.0,1990.0,Net Banking,6.0,3.0,False,False,1990.0,2024-04-01
ORD00857,2024-03-31,C0221,Kolkata,Home,Table Lamp,3.0,713.91,0.0,2141.73,,1.0,,False,False,2141.73,2024-03-01
ORD02065,2025-07-01,C0438,Ahmedabad,Books,Textbook,3.0,1206.0,25.0,2714.0,Credit Card,3.0,,True,False,2714.0,2025-07-01
ORD00167,2024-04-15,C0073,Delhi,Clothing,Denim Jeans,2.0,1442.54,0.0,2885.09,Debit Card,,2.0,False,False,2885.09,2024-04-01
ORD00060,2024-04-05,C0057,Bengaluru,Grocery,Basmati Rice 5kg,2.0,507.0,0.0,1013.56,Debit Card,4.0,3.0,False,False,1013.56,2024-04-01
ORD00612,2024-11-02,C0163,Mumbai,Electronics,Power Bank,1.0,1409.79,5.0,1339.3004999999998,COD,2.0,5.0,False,False,,2024-11-01
ORD00531,2025-04-22,C0065,Delhi,Electronics,Wireless Earbuds,1.0,2697.32,0.0,2697.32,COD,,5.0,False,False,2697.32,2025-04-01
ORD01792,2025-06-05,C0121,Bengaluru,Electronics,Power Bank,2.0,1335.0,0.0,2670.0,Net Banking,5.0,3.0,False,False,,2025-06-01
ORD00050,2025-03-27,C0021,Delhi,Grocery,Olive Oil 1L,1.0,766.0,,689.23,,2.0,,False,False,689.23,2025-03-01
ORD01558,2024-04-12,C0425,Chennai,Books,Novel,2.0,414.65,20.0,663.44,Credit Card,5.0,3.0,False,False,663.44,2024-04-01
ORD01212,2024-10-04,C0420,Ahmedabad,Books,Cookbook,5.0,594.77,5.0,2825.14,Net Banking,2.0,4.0,False,False,2825.14,2024-10-01
ORD00859,2024-08-25,C0497,Kolkata,Books,Cookbook,1.0,618.21,15.0,525.48,COD,3.0,1.0,False,False,525.48,2024-08-01
ORD01830,2025-03-04,C0257,Hyderabad,Grocery,Basmati Rice 5kg,3.0,527.08,20.0,1264.99,Net Banking,2.0,5.0,False,False,1264.99,2025-03-01
ORD00049,2025-05-25,C0074,Ahmedabad,Electronics,Wireless Earbuds,3.0,,15.0,6841.0,Net Banking,5.0,5.0,False,False,6841.0,2025-05-01
ORD00720,2025-02-22,C0294,Kolkata,Home,Table Lamp,1.0,697.04,5.0,662.0,COD,2.0,1.0,False,False,662.0,2025-02-01
ORD01238,2025-05-03,C0330,Ahmedabad,Grocery,Basmati Rice 5kg,5.0,547.63,10.0,2464.335,Net Banking,1.0,4.0,False,False,,2025-05-01
ORD01445,2024-11-29,C0199,Kolkata,Electronics,Smart Watch,2.0,,25.0,5934.0,UPI,1.0,5.0,False,False,5934.0,2024-11-01
ORD02294,2024-05-07,C0350,Delhi,Electronics,Wireless Earbuds,2.0,,15.0,,Net Banking,6.0,3.0,False,False,,2024-05-01
ORD01226,2024-05-07,,Chennai,Home,Table Lamp,2.0,704.73,0.0,1409.0,COD,5.0,4.0,False,False,1409.0,2024-05-01
ORD00633,2025-06-05,C0190,Bengaluru,Clothing,Running Shoes,1.0,2523.1,10.0,2270.79,Credit Card,3.0,,False,False,2270.79,2025-06-01
ORD02485,2024-03-16,C0453,Chennai,Electronics,Wireless Earbuds,2.0,2729.02,10.0,4912.236,UPI,2.0,3.0,False,False,,2024-03-01
ORD01539,2025-04-22,C0003,Chennai,Grocery,Basmati Rice 5kg,1.0,,10.0,455.88,COD,,2.0,False,False,455.88,2025-04-01
ORD02173,2025-05-25,C0496,Delhi,Electronics,Power Bank,2.0,1297.91,25.0,1946.87,Debit Card,6.0,,False,False,1946.87,2025-05-01
ORD01353,2025-02-26,C0286,Mumbai,Clothing,Denim Jeans,2.0,1576.0,15.0,2678.0,UPI,4.0,3.0,False,False,2678.0,2025-02-01
ORD01870,2025-04-20,C0042,Mumbai,Electronics,Smart Watch,1.0,,5.0,3505.0,Net Banking,1.0,4.5,False,False,3505.0,2025-04-01
ORD01054,2025-05-01,C0022,Chennai,Clothing,Denim Jeans,1.0,1654.78,10.0,1489.3,Credit Card,1.0,5.0,False,False,1489.3,2025-05-01
ORD01746,2024-02-02,C0204,Mumbai,Home,Pressure Cooker,2.0,2805.76,5.0,5330.94,Credit Card,4.0,5.0,False,False,5330.94,2024-02-01
ORD02186,2025-04-30,C0023,Chennai,Electronics,Smart Watch,1.0,3815.01,0.0,3815.01,Debit Card,1.0,,False,False,3815.01,2025-04-01
ORD02684,2024-10-18,C0378,Mumbai,Grocery,Basmati Rice 5kg,1.0,536.0,0.0,536.0,Net Banking,3.0,3.0,False,False,,2024-10-01
ORD01555,2024-05-24,C0213,Kolkata,Grocery,Basmati Rice 5kg,4.0,547.34,15.0,1860.9560000000001,UPI,4.0,5.0,False,True,3603.49,2024-05-01
ORD00298,2025-02-11,C0142,Hyderabad,Electronics,Power Bank,1.0,1286.0,,,COD,2.0,3.0,False,False,,2025-02-01
ORD02581,2024-12-16,C0457,Kolkata,Grocery,Coffee 500g,5.0,442.47,0.0,2212.3500000000004,Debit Card,,3.0,False,False,,2024-12-01
ORD01865,2024-10-10,C0428,Mumbai,Electronics,Smart Watch,,4044.0,0.0,4044.33,Credit Card,3.0,3.0,False,False,4044.33,2024-10-01
ORD00959,2025-04-20,C0239,Kolkata,Grocery,Olive Oil 1L,4.0,824.44,0.0,3298.0,Net Banking,4.0,4.0,False,False,3298.0,2025-04-01
ORD02664,2025-04-26,C0241,Bengaluru,Electronics,Wireless Earbuds,2.0,2661.6,0.0,5323.2,UPI,5.0,5.0,False,False,,2025-04-01
ORD01272,2024-08-03,C0123,Bengaluru,Books,Novel,10.0,,,,UPI,2.0,5.0,False,False,,2024-08-01
ORD00350,2024-10-27,C0418,Kolkata,Grocery,Coffee 500g,10.0,459.1,0.0,4590.99,Net Banking,1.0,,False,False,4590.99,2024-10-01
ORD01310,2025-03-08,C0306,Mumbai,Books,Cookbook,1.0,695.0,5.0,659.97,COD,4.0,1.0,False,False,659.97,2025-03-01
ORD00644,2024-09-19,C0035,Kolkata,Books,Cookbook,1.0,684.0,0.0,684.0,COD,2.0,4.0,False,False,,2024-09-01
ORD01111,2024-06-11,C0134,Ahmedabad,Clothing,Cotton Kurta,3.0,,5.0,6928.0,Net Banking,6.0,5.0,False,False,6928.0,2024-06-01
ORD01214,2024-11-27,C0485,Ahmedabad,Clothing,Cotton Kurta,1.0,913.47,0.0,913.47,Credit Card,,4.0,False,False,913.47,2024-11-01
ORD02710,2024-02-20,C0057,Bengaluru,Clothing,Denim Jeans,2.0,,0.0,3013.0,UPI,5.0,5.0,False,False,3013.0,2024-02-01
ORD02228,2024-12-04,C0036,Mumbai,Electronics,Power Bank,2.0,1284.71,0.0,2569.42,Credit Card,1.0,3.0,False,False,2569.42,2024-12-01
ORD01092,2024-10-10,C0260,Chennai,Grocery,Basmati Rice 5kg,2.0,495.44,10.0,892.0,Credit Card,,5.0,False,False,892.0,2024-10-01
ORD01784,2024-02-18,C0177,Mumbai,Home,Pressure Cooker,10.0,2922.78,0.0,29227.82,Credit Card,7.0,5.0,False,False,29227.82,2024-02-01
ORD02052,2024-03-09,C0234,Ahmedabad,Electronics,Smart Watch,1.0,4325.0,0.0,4325.0,Debit Card,2.0,1.0,False,False,4325.0,2024-03-01
ORD02423,2024-07-28,C0027,Hyderabad,Books,Cookbook,1.0,627.0,5.0,595.0,Net Banking,1.0,4.0,False,False,595.0,2024-07-01
ORD02239,2024-05-19,C0061,Mumbai,Books,Novel,5.0,,10.0,1790.0,Credit Card,3.0,5.0,False,False,1790.0,2024-05-01
ORD01612,2025-01-19,C0419,Bengaluru,Electronics,Power Bank,2.0,1230.49,10.0,2214.89,UPI,5.0,,False,False,2214.89,2025-01-01
ORD00787,2024-02-04,C0103,Mumbai,Home,Table Lamp,3.0,746.24,10.0,2014.86,Credit Card,3.0,,False,False,2014.86,2024-02-01
ORD02749,2025-03-11,C0302,Chennai,Electronics,Smart Watch,1.0,,0.0,3896.0,UPI,8.0,5.0,False,False,3896.0,2025-03-01
ORD00141,2024-02-10,C0247,Bengaluru,Electronics,Power Bank,4.0,1379.97,15.0,4691.898,Credit Card,5.0,3.0,False,False,,2024-02-01
ORD00789,2024-04-23,C0319,Hyderabad,Home,Bedsheet Set,5.0,1092.0,0.0,5459.76,COD,1.0,,False,False,5459.76,2024-04-01
ORD01622,2024-07-18,C0050,Delhi,Books,Textbook,2.0,1156.0,0.0,2311.49,UPI,4.0,,False,False,2311.49,2024-07-01
ORD02250,2024-03-14,C0308,Ahmedabad,Books,Novel,2.0,379.89,5.0,721.79,Credit Card,1.0,5.0,False,False,721.79,2024-03-01
ORD00715,,C0254,Mumbai,Books,Cookbook,2.0,636.9,0.0,1274.0,COD,3.0,5.0,False,False,1274.0,
ORD02358,,C0190,Bengaluru,Home,Bedsheet Set,4.0,,5.0,4315.0,COD,3.0,4.0,False,False,4315.0,
ORD01615,2024-01-22,C0465,Kolkata,Grocery,Coffee 500g,5.0,,10.0,1966.0,COD,,3.0,False,False,1966.0,2024-01-01
ORD01732,2024-08-18,C0296,Bengaluru,Grocery,Coffee 500g,1.0,,10.0,374.45,Credit Card,8.0,,False,False,374.45,2024-08-01
ORD01136,,C0487,Hyderabad,Home,Bedsheet Set,1.0,1317.0,10.0,1185.0,UPI,,3.0,False,False,1185.0,
ORD00619,2025-03-04,,Mumbai,Books,Textbook,1.0,,5.0,1110.74,UPI,2.0,4.0,False,False,1110.74,2025-03-01
ORD00407,2024-10-03,C0125,Mumbai,Clothing,Running Shoes,4.0,2187.95,10.0,7877.0,Credit Card,5.0,5.0,False,False,7877.0,2024-10-01
ORD01728,2024-07-20,,Hyderabad,Grocery,Coffee 500g,2.0,419.02,0.0,838.03,Net Banking,8.0,5.0,False,False,838.03,2024-07-01
ORD02508,2024-04-25,C0248,Delhi,Grocery,Basmati Rice 5kg,2.0,543.28,10.0,978.0,UPI,,1.0,False,False,978.0,2024-04-01
ORD01362,,C0068,Bengaluru,Grocery,Olive Oil 1L,5.0,801.94,20.0,3208.0,Net Banking,6.0,4.0,False,False,3208.0,
ORD01994,2025-07-03,C0378,Mumbai,Home,Table Lamp,2.0,,0.0,1443.0,Debit Card,5.0,3.0,True,False,1443.0,2025-07-01
ORD00498,,C0012,Delhi,Grocery,Olive Oil 1L,,769.84,15.0,,UPI,6.0,5.0,False,False,,
ORD00343,2024-03-21,C0127,Mumbai,Books,Textbook,2.0,1298.69,0.0,2597.38,Debit Card,1.0,1.0,False,False,2597.38,2024-03-01
ORD01927,2025-04-07,C0427,Chennai,Grocery,Coffee 500g,2.0,,25.0,670.73,Credit Card,7.0,4.0,False,False,670.73,2025-04-01
ORD02314,2024-08-25,C0352,Delhi,Clothing,Cotton Kurta,2.0,893.81,10.0,1609.0,COD,6.0,,False,False,1609.0,2024-08-01
ORD00783,2024-04-19,C0140,Bengaluru,Grocery,Coffee 500g,,422.0,20.0,675.55,COD,2.0,1.0,False,False,675.55,2024-04-01
ORD01537,2025-01-08,C0039,Kolkata,Home,Table Lamp,,764.21,,,Net Banking,3.0,5.0,False,False,,2025-01-01
ORD00304,,C0255,Mumbai,Books,Cookbook,3.0,693.43,0.0,2080.29,Credit Card,5.0,5.0,False,False,2080.29,
ORD01739,2024-08-12,C0341,Mumbai,Books,Textbook,,1135.86,,,UPI,7.0,3.0,False,False,,2024-08-01
ORD00665,2024-11-13,C0414,Kolkata,Books,Cookbook,2.0,657.0,0.0,1314.0,Credit Card,5.0,,False,False,,2024-11-01
ORD02845,2025-01-31,C0495,Mumbai,Grocery,Olive Oil 1L,2.0,836.0,10.0,1505.0,Net Banking,6.0,,False,False,1505.0,2025-01-01
ORD01777,2024-02-19,C0419,Bengaluru,Grocery,Olive Oil 1L,3.0,735.87,10.0,1986.84,Debit Card,,,False,False,1986.84,2024-02-01
ORD01504,2024-06-12,C0235,Mumbai,Electronics,Power Bank,1.0,1290.37,10.0,1161.0,COD,7.0,3.0,False,False,1161.0,2024-06-01
ORD02817,2024-05-15,C0140,Bengaluru,Grocery,Olive Oil 1L,,,0.0,1435.0,Credit Card,3.0,3.0,False,False,1435.0,2024-05-01
ORD00085,,C0311,Mumbai,Books,Textbook,2.0,1168.52,0.0,2337.0,,,5.0,False,False,2337.0,
ORD02259,,C0350,Delhi,Electronics,Smart Watch,1.0,3855.29,0.0,3855.29,Credit Card,4.0,4.0,False,False,3855.29,
ORD00942,2024-11-14,C0316,Hyderabad,Clothing,Running Shoes,3.0,,0.0,7325.0,Debit Card,8.0,4.0,False,False,7325.0,2024-11-01
ORD00962,2024-09-17,C0180,Hyderabad,Electronics,Wireless Earbuds,1.0,2289.21,0.0,2289.21,Credit Card,2.0,5.0,False,False,,2024-09-01
ORD00842,2024-12-04,C0096,Ahmedabad,Clothing,Cotton Kurta,,821.79,10.0,2218.82,COD,8.0,1.0,False,False,2218.82,2024-12-01
ORD01399,2024-03-22,C0335,Ahmedabad,Electronics,Wireless Earbuds,1.0,2480.25,,2480.25,Credit Card,0.0,5.0,False,False,2480.25,2024-03-01
ORD01222,2024-03-16,C0402,Chennai,Books,Cookbook,5.0,604.32,,3022.0,Net Banking,6.0,,False,False,3022.0,2024-03-01
ORD01335,2024-06-03,C0030,Hyderabad,Home,Pressure Cooker,2.0,2916.43,10.0,5249.57,Credit Card,1.0,2.0,False,False,5249.57,2024-06-01
ORD00291,2025-06-16,C0311,Mumbai,Clothing,Running Shoes,1.0,2346.08,0.0,2346.08,COD,1.0,5.0,False,False,2346.08,2025-06-01
ORD01878,2025-03-04,C0414,Kolkata,Grocery,Olive Oil 1L,2.0,764.15,10.0,1375.0,Credit Card,1.0,4.0,False,False,1375.0,2025-03-01
ORD01174,2024-08-15,C0129,Hyderabad,Home,Pressure Cooker,2.0,2652.0,10.0,4773.0,Net Banking,3.0,5.0,False,False,4773.0,2024-08-01
ORD00605,2024-10-28,C0186,Hyderabad,Clothing,Running Shoes,1.0,2245.1,0.0,2245.1,Credit Card,5.0,5.0,False,True,3511.9,2024-10-01
ORD02084,,C0134,Ahmedabad,Clothing,Cotton Kurta,1.0,900.0,0.0,900.0,COD,5.0,,False,False,,
ORD00917,2025-03-06,C0218,Chennai,Electronics,Smart Watch,2.0,4040.45,5.0,7677.0,Credit Card,8.0,4.5,False,False,7677.0,2025-03-01
ORD01308,2024-06-20,C0123,Bengaluru,Electronics,Smart Watch,1.0,3860.0,10.0,3473.89,COD,1.0,5.0,False,False,3473.89,2024-06-01
ORD01715,2025-04-19,C0059,Mumbai,Clothing,Denim Jeans,1.0,1440.92,,1224.78,Debit Card,3.0,4.0,False,False,1224.78,2025-04-01
ORD01089,2024-04-15,C0339,Ahmedabad,Books,Novel,1.0,,25.0,324.0,Debit Card,8.0,,False,False,324.0,2024-04-01
ORD02543,2024-04-06,C0280,Mumbai,Electronics,Smart Watch,4.0,4029.26,10.0,14505.35,Debit Card,7.0,5.0,False,False,14505.35,2024-04-01
ORD02330,2024-03-28,C0192,Mumbai,Home,Bedsheet Set,3.0,,5.0,5988.92,Credit Card,3.0,3.0,False,False,5988.92,2024-03-01
ORD00822,2025-02-11,,Bengaluru,Electronics,Power Bank,4.0,1303.14,5.0,4951.932,COD,7.0,5.0,False,False,,2025-02-01
ORD02518,2024-06-11,C0401,Kolkata,Grocery,Olive Oil 1L,1.0,812.59,0.0,812.59,COD,1.0,4.0,False,False,812.59,2024-06-01
ORD01001,2024-01-25,C0412,Kolkata,Home,Table Lamp,1.0,,0.0,695.03,Credit Card,4.0,1.0,False,False,695.03,2024-01-01
ORD01408,2025-01-17,C0165,Mumbai,Home,Pressure Cooker,2.0,,0.0,,Credit Card,2.0,3.0,False,False,,2025-01-01
ORD00019,2024-11-17,C0495,Mumbai,Electronics,Wireless Earbuds,2.0,2679.93,10.0,4823.874,Net Banking,0.0,,False,True,10472.0,2024-11-01
ORD02081,,C0278,Chennai,Books,Novel,1.0,,10.0,359.0,Credit Card,8.0,4.5,False,False,359.0,
ORD02274,2024-06-03,C0218,Chennai,Home,Pressure Cooker,2.0,2846.0,0.0,5692.79,Credit Card,3.0,5.0,False,False,5692.79,2024-06-01
ORD01721,2024-08-29,C0414,Kolkata,Grocery,Coffee 500g,1.0,420.0,5.0,399.0,Credit Card,1.0,,False,False,,2024-08-01
ORD01317,2025-01-17,C0074,Ahmedabad,Clothing,Denim Jeans,3.0,,25.0,3716.04,UPI,7.0,4.0,False,False,3716.04,2025-01-01
ORD01737,2024-06-05,C0480,Delhi,Grocery,Olive Oil 1L,,729.0,5.0,692.0,Credit Card,2.0,,False,False,692.0,2024-06-01
ORD01503,2024-11-18,C0126,Hyderabad,Books,Novel,5.0,388.0,10.0,1746.0,Credit Card,,3.0,False,False,,2024-11-01
ORD01704,2024-03-17,C0405,Chennai,Grocery,Coffee 500g,2.0,429.0,20.0,687.0,Credit Card,5.0,,False,False,687.0,2024-03-01
ORD01560,2024-11-01,C0163,Mumbai,Home,Bedsheet Set,1.0,1260.44,5.0,1197.42,COD,6.0,4.0,False,False,1197.42,2024-11-01
ORD01430,2024-07-08,C0352,Delhi,Electronics,Smart Watch,1.0,3658.61,0.0,3658.61,COD,2.0,5.0,False,False,,2024-07-01
ORD01993,2024-08-05,C0077,Kolkata,Clothing,Denim Jeans,1.0,1585.0,0.0,1585.0,Debit Card,2.0,5.0,False,False,1585.0,2024-08-01
ORD00361,2025-02-16,C0050,Delhi,Clothing,Cotton Kurta,2.0,925.07,,1850.0,Credit Card,3.0,2.0,False,False,1850.0,2025-02-01
ORD02611,2024-05-15,C0429,Chennai,Clothing,Cotton Kurta,2.0,982.45,5.0,1866.65,Credit Card,1.0,4.0,False,False,1866.65,2024-05-01
ORD02550,2024-09-05,C0355,Delhi,Home,Bedsheet Set,1.0,1190.49,10.0,1071.0,Debit Card,2.0,4.0,False,False,1071.0,2024-09-01
ORD01611,2024-09-11,C0174,Delhi,Electronics,Wireless Earbuds,3.0,2508.0,10.0,6772.45,Net Banking,3.0,3.0,False,False,6772.45,2024-09-01
ORD01318,,,Mumbai,Books,Cookbook,2.0,613.0,5.0,1164.0,COD,2.0,4.0,False,False,1164.0,
ORD01645,2024-04-04,C0386,Bengaluru,Home,Table Lamp,1.0,744.37,0.0,744.37,Credit Card,5.0,3.0,False,False,744.37,2024-04-01
ORD00345,2024-01-30,C0401,Kolkata,Grocery,Olive Oil 1L,5.0,852.5,0.0,4263.0,UPI,4.0,3.0,False,False,4263.0,2024-01-01
ORD00987,2025-05-23,C0337,Mumbai,Books,Novel,1.0,421.0,10.0,379.0,Credit Card,4.0,,False,False,379.0,2025-05-01
ORD02338,2024-08-29,C0013,Mumbai,Electronics,Smart Watch,1.0,3783.15,5.0,3593.99,Credit Card,,,False,False,3593.99,2024-08-01
ORD01798,2025-04-18,C0409,Mumbai,Grocery,Olive Oil 1L,1.0,,0.0,784.0,Net Banking,5.0,4.0,False,False,784.0,2025-04-01
ORD01392,2025-05-18,C0342,Kolkata,Books,Cookbook,2.0,614.0,10.0,1105.32,Credit Card,6.0,,False,False,1105.32,2025-05-01
ORD01988,2024-03-05,C0121,Bengaluru,Books,Novel,,388.3,10.0,349.0,UPI,5.0,3.0,False,False,349.0,2024-03-01
ORD02421,2025-02-15,C0425,Chennai,Grocery,Coffee 500g,2.0,427.0,5.0,811.3,Credit Card,3.0,5.0,False,False,,2025-02-01
ORD01657,2024-11-17,C0014,Mumbai,Electronics,Smart Watch,2.0,3966.0,5.0,7534.87,Debit Card,,,False,False,7534.87,2024-11-01
ORD00086,2025-06-24,C0280,Mumbai,Books,Cookbook,4.0,674.0,25.0,2021.0,UPI,1.0,2.0,False,False,2021.0,2025-06-01
ORD02108,2025-03-20,C0096,Ahmedabad,Grocery,Coffee 500g,3.0,406.57,5.0,1158.7245,Debit Card,4.0,1.0,False,True,2892.0,2025-03-01
ORD00669,2025-03-14,C0073,Delhi,Grocery,Olive Oil 1L,2.0,,0.0,1525.52,UPI,3.0,5.0,False,False,1525.52,2025-03-01
ORD01015,2024-02-21,C0403,Kolkata,Home,Pressure Cooker,2.0,3022.88,20.0,4837.0,Credit Card,2.0,1.0,False,False,4837.0,2024-02-01
ORD00129,2025-11-02,C0454,Hyderabad,Electronics,Wireless Earbuds,2.0,2433.59,0.0,4867.18,Credit Card,,3.0,True,False,4867.18,2025-11-01
ORD01963,2025-03-03,C0435,Ahmedabad,Grocery,Olive Oil 1L,5.0,,0.0,3900.0,UPI,5.0,,False,False,3900.0,2025-03-01
ORD02620,2024-03-26,C0480,Delhi,Electronics,Wireless Earbuds,4.0,2592.0,10.0,9331.2,COD,6.0,5.0,False,False,,2024-03-01
ORD00892,2024-08-23,C0426,Mumbai,Books,Novel,2.0,430.86,10.0,776.0,Credit Card,6.0,5.0,False,False,776.0,2024-08-01
ORD01908,,C0104,Delhi,Electronics,Smart Watch,4.0,4207.0,5.0,15985.0,Debit Card,4.0,3.0,False,False,15985.0,
ORD00308,2025-06-18,C0039,Kolkata,Grocery,Coffee 500g,5.0,423.4,5.0,2011.17,Debit Card,2.0,3.0,False,False,2011.17,2025-06-01
ORD00384,2024-02-11,C0286,Mumbai,Home,Pressure Cooker,4.0,2753.0,25.0,8258.76,Credit Card,1.0,,False,False,8258.76,2024-02-01
ORD01922,2024-04-27,C0310,Mumbai,Electronics,Smart Watch,4.0,3943.0,,,Debit Card,1.0,2.0,False,False,,2024-04-01
ORD01508,2024-12-31,C0204,Mumbai,Clothing,Denim Jeans,2.0,1753.2,15.0,2980.44,COD,1.0,,False,True,6872.69,2024-12-01
ORD00427,2024-08-28,,Mumbai,Electronics,Wireless Earbuds,2.0,2339.0,0.0,4678.0,Net Banking,5.0,4.0,False,False,4678.0,2024-08-01
ORD00495,2025-02-13,C0231,Delhi,Electronics,Wireless Earbuds,2.0,2258.76,0.0,4518.0,Credit Card,3.0,2.0,False,False,4518.0,2025-02-01
ORD02072,2024-05-23,C0341,Mumbai,Books,Novel,2.0,427.58,,769.64,UPI,5.0,,False,False,769.64,2024-05-01
ORD02481,2024-08-25,C0240,Mumbai,Home,Table Lamp,3.0,736.92,0.0,2210.77,UPI,2.0,,False,False,2210.77,2024-08-01
ORD02243,2025-04-12,C0100,Mumbai,Clothing,Cotton Kurta,1.0,985.57,10.0,887.0,Debit Card,1.0,,False,False,887.0,2025-04-01
ORD01321,2024-07-14,C0192,Mumbai,Books,Cookbook,3.0,,0.0,1796.27,COD,2.0,4.0,False,False,1796.27,2024-07-01
ORD01367,2024-11-07,C0202,Bengaluru,Clothing,Denim Jeans,5.0,1635.0,25.0,6131.0,Net Banking,3.0,3.0,False,False,6131.0,2024-11-01
ORD00276,2024-10-08,C0134,Ahmedabad,Electronics,Smart Watch,4.0,4108.0,0.0,16433.23,Credit Card,,,False,False,16433.23,2024-10-01
ORD00490,2024-01-11,C0285,Bengaluru,Books,Novel,2.0,362.75,5.0,689.22,Debit Card,5.0,2.0,False,False,689.22,2024-01-01
ORD01274,2024-02-21,C0016,Mumbai,Grocery,Olive Oil 1L,1.0,792.6,0.0,792.6,Credit Card,4.0,3.0,False,False,,2024-02-01
ORD00691,2024-09-03,C0154,Bengaluru,Books,Novel,5.0,385.0,25.0,1446.0,Credit Card,2.0,5.0,False,False,1446.0,2024-09-01
ORD02021,2024-08-06,C0001,Mumbai,Books,Novel,1.0,433.89,10.0,390.5,Credit Card,0.0,2.0,False,False,390.5,2024-08-01
ORD01211,2024-01-31,C0439,Ahmedabad,Grocery,Basmati Rice 5kg,1.0,564.0,,,Debit Card,1.0,1.0,False,False,,2024-01-01
ORD01753,2024-04-16,C0051,Bengaluru,Books,Textbook,3.0,1354.39,0.0,4063.17,Credit Card,3.0,2.0,False,False,,2024-04-01
ORD02251,2024-07-05,C0369,Delhi,Clothing,Cotton Kurta,1.0,896.0,0.0,896.0,UPI,,,False,False,896.0,2024-07-01
ORD02124,2024-12-12,C0424,Kolkata,Books,Novel,1.0,419.61,,398.63,UPI,4.0,,False,False,398.63,2024-12-01
ORD01059,2024-08-28,C0086,Chennai,Books,Textbook,3.0,1187.23,25.0,2671.27,Credit Card,3.0,5.0,False,False,2671.27,2024-08-01
ORD00119,2024-12-22,C0227,Ahmedabad,Books,Cookbook,2.0,674.1,10.0,1213.38,UPI,3.0,4.0,False,False,1213.38,2024-12-01
ORD01025,,C0235,Mumbai,Books,Cookbook,5.0,676.98,5.0,3216.0,COD,6.0,5.0,False,False,3216.0,
ORD01607,2024-10-23,C0486,Mumbai,Electronics,Power Bank,2.0,1191.0,10.0,2143.0,COD,3.0,2.0,False,False,2143.0,2024-10-01
ORD00282,2024-02-05,C0111,Delhi,Clothing,Denim Jeans,1.0,1758.72,0.0,1758.72,Net Banking,1.0,5.0,False,False,1758.72,2024-02-01
ORD01573,2024-12-17,C0249,Hyderabad,Grocery,Coffee 500g,5.0,391.72,0.0,1958.62,,1.0,3.0,False,False,1958.62,2024-12-01
ORD02383,2025-01-28,C0153,Mumbai,Clothing,Denim Jeans,1.0,1565.0,10.0,1408.5,Debit Card,6.0,3.0,False,False,,2025-01-01
ORD00969,2024-12-15,C0146,Hyderabad,Home,Pressure Cooker,1.0,,25.0,2272.24,Debit Card,8.0,5.0,False,False,2272.24,2024-12-01
ORD02454,2025-01-01,C0204,Mumbai,Home,Bedsheet Set,1.0,1080.93,,1080.93,,6.0,2.0,False,False,1080.93,2025-01-01
ORD01625,2024-08-15,C0003,Chennai,Home,Bedsheet Set,,1307.71,0.0,,UPI,6.0,,False,False,,2024-08-01
ORD02094,2025-02-19,C0357,Mumbai,Books,Cookbook,2.0,638.0,0.0,1276.0,Debit Card,1.0,5.0,False,False,1276.0,2025-02-01
ORD02117,2025-06-01,C0169,Bengaluru,Electronics,Wireless Earbuds,5.0,2639.0,0.0,13195.0,,5.0,4.0,False,False,,2025-06-01
ORD00305,2024-06-29,C0352,Delhi,Grocery,Olive Oil 1L,2.0,806.99,0.0,1613.98,COD,4.0,2.0,False,False,1613.98,2024-06-01
ORD02104,2024-04-22,,Bengaluru,Home,Bedsheet Set,1.0,1186.0,0.0,1186.0,COD,4.0,3.0,False,False,,2024-04-01
ORD02293,2025-02-22,C0225,Ahmedabad,Books,Textbook,4.0,,10.0,4185.78,UPI,3.0,3.0,False,False,4185.78,2025-02-01
ORD01588,2024-07-25,C0197,Chennai,Home,Bedsheet Set,1.0,1293.12,10.0,1163.81,Credit Card,6.0,,False,False,1163.81,2024-07-01
ORD02285,2024-12-19,C0323,Bengaluru,Grocery,Basmati Rice 5kg,1.0,,10.0,515.0,Credit Card,5.0,4.5,False,False,515.0,2024-12-01
ORD01438,2024-05-13,C0308,Ahmedabad,Home,Table Lamp,1.0,736.0,0.0,736.0,Net Banking,1.0,5.0,False,False,736.0,2024-05-01
ORD00576,2024-11-01,C0469,Mumbai,Home,Bedsheet Set,3.0,1264.0,10.0,3413.51,Net Banking,5.0,5.0,False,False,3413.51,2024-11-01
ORD01961,2024-09-18,C0038,Chennai,Books,Novel,1.0,402.0,,,Credit Card,,3.0,False,False,,2024-09-01
ORD02899,2024-12-06,C0256,Delhi,Clothing,Cotton Kurta,4.0,832.81,20.0,2665.0,COD,2.0,5.0,False,False,2665.0,2024-12-01
ORD02678,2024-08-28,,Hyderabad,Books,Textbook,1.0,1366.0,,1161.16,COD,2.0,4.0,False,False,1161.16,2024-08-01
ORD02034,2024-04-09,C0300,Mumbai,Grocery,Olive Oil 1L,1.0,856.53,0.0,856.53,Debit Card,2.0,,False,False,856.53,2024-04-01
ORD01458,2024-01-23,C0352,Delhi,Clothing,Cotton Kurta,2.0,965.0,0.0,1930.0,UPI,5.0,5.0,False,False,,2024-01-01
ORD00844,2024-01-22,C0420,Ahmedabad,Electronics,Power Bank,1.0,1387.0,0.0,1387.0,Net Banking,4.0,4.0,False,False,1387.0,2024-01-01
ORD01327,2024-11-15,C0016,Mumbai,Electronics,Wireless Earbuds,4.0,2529.0,,8599.0,Credit Card,5.0,5.0,False,False,8599.0,2024-11-01
ORD00270,2024-04-30,C0102,Bengaluru,Clothing,Cotton Kurta,1.0,928.0,0.0,928.07,Net Banking,6.0,,False,False,928.07,2024-04-01
ORD00630,2025-01-29,C0131,Delhi,Electronics,Power Bank,2.0,,0.0,2370.0,Debit Card,2.0,1.0,False,False,2370.0,2025-01-01
ORD01034,2024-08-08,C0046,Chennai,Home,Table Lamp,1.0,,0.0,799.06,UPI,3.0,5.0,False,False,799.06,2024-08-01
ORD00287,2024-02-11,C0330,Ahmedabad,Books,Cookbook,5.0,712.91,15.0,3030.0,Debit Card,2.0,,False,False,3030.0,2024-02-01
ORD02257,2025-02-16,C0110,Mumbai,Clothing,Denim Jeans,2.0,1531.26,0.0,3062.52,Net Banking,,5.0,False,False,,2025-02-01
ORD00301,2024-03-15,C0277,Hyderabad,Electronics,Power Bank,10.0,1347.52,5.0,12801.41,Net Banking,2.0,4.0,False,False,12801.41,2024-03-01
ORD01422,2025-01-01,C0215,Mumbai,Electronics,Power Bank,2.0,1426.99,0.0,2854.0,Debit Card,1.0,5.0,False,False,2854.0,2025-01-01
ORD02547,2024-09-06,C0325,Bengaluru,Electronics,Smart Watch,5.0,3877.59,0.0,19388.0,Credit Card,2.0,4.0,False,False,19388.0,2024-09-01
ORD02029,2024-05-11,C0153,Mumbai,Home,Bedsheet Set,2.0,,10.0,2330.72,Debit Card,2.0,4.0,False,False,2330.72,2024-05-01
ORD00066,2025-05-20,C0371,Mumbai,Electronics,Power Bank,1.0,1258.95,0.0,1258.95,UPI,,5.0,False,False,1258.95,2025-05-01
ORD02604,2024-02-04,C0355,Delhi,Electronics,Power Bank,1.0,,0.0,1275.0,Credit Card,2.0,2.0,False,False,1275.0,2024-02-01
ORD00891,2025-02-01,C0186,Hyderabad,Books,Textbook,2.0,1164.0,5.0,2210.89,Debit Card,3.0,,False,False,2210.89,2025-02-01
ORD01567,2024-03-19,C0334,Mumbai,Home,Pressure Cooker,2.0,2539.99,0.0,5080.0,Debit Card,1.0,,False,False,5080.0,2024-03-01
ORD02633,2025-02-05,C0397,Bengaluru,Grocery,Coffee 500g,,391.0,10.0,705.0,Debit Card,,2.0,False,False,705.0,2025-02-01
ORD02706,2024-06-25,C0131,Delhi,Electronics,Smart Watch,1.0,4389.83,,4390.0,UPI,2.0,1.0,False,False,4390.0,2024-06-01
ORD01557,2024-06-28,C0490,Ahmedabad,Clothing,Running Shoes,5.0,,0.0,11307.53,COD,2.0,3.0,False,False,11307.53,2024-06-01
ORD00231,2024-10-02,C0281,Delhi,Home,Bedsheet Set,2.0,,10.0,1983.77,Credit Card,3.0,1.0,False,False,1983.77,2024-10-01
ORD00504,2024-09-14,C0237,Hyderabad,Books,Cookbook,2.0,663.71,0.0,1327.0,Credit Card,,4.0,False,False,1327.0,2024-09-01
ORD02534,2024-10-18,C0405,Chennai,Home,Table Lamp,1.0,751.0,0.0,751.0,Debit Card,1.0,,False,False,751.0,2024-10-01
ORD01423,2025-02-01,C0465,Kolkata,Clothing,Cotton Kurta,2.0,984.15,25.0,1476.23,COD,3.0,4.0,False,False,1476.23,2025-02-01
ORD02488,2024-07-07,C0270,Ahmedabad,Home,Pressure Cooker,4.0,2647.1,0.0,10588.41,Debit Card,7.0,,False,False,10588.41,2024-07-01
ORD01358,2025-02-21,C0027,Hyderabad,Home,Bedsheet Set,,1258.08,20.0,,Debit Card,3.0,4.0,False,False,,2025-02-01
ORD01005,2024-05-19,C0283,Ahmedabad,Electronics,Wireless Earbuds,1.0,,25.0,2045.56,Net Banking,8.0,,False,False,2045.56,2024-05-01
ORD00837,2025-06-22,C0222,Ahmedabad,Grocery,Olive Oil 1L,2.0,751.31,,1127.0,COD,7.0,5.0,False,False,1127.0,2025-06-01
ORD02167,2025-06-02,C0432,Ahmedabad,Books,Textbook,1.0,1282.84,0.0,1283.0,Debit Card,0.0,1.0,False,False,1283.0,2025-06-01
ORD00375,2024-06-02,C0236,Hyderabad,Home,Bedsheet Set,2.0,,0.0,2188.0,Debit Card,4.0,4.0,False,False,2188.0,2024-06-01
ORD01805,2024-03-27,C0356,Chennai,Grocery,Basmati Rice 5kg,1.0,568.0,0.0,568.0,UPI,7.0,2.0,False,False,,2024-03-01
ORD02156,2024-01-24,C0036,Mumbai,Home,Pressure Cooker,1.0,2839.01,10.0,2555.11,,2.0,4.0,False,False,2555.11,2024-01-01
ORD01874,2024-05-26,C0500,Mumbai,Grocery,Basmati Rice 5kg,1.0,523.0,0.0,523.0,UPI,2.0,4.0,False,False,,2024-05-01
ORD01892,2024-11-13,C0164,Bengaluru,Home,Bedsheet Set,4.0,,5.0,,Debit Card,1.0,1.0,False,False,,2024-11-01
ORD02116,2025-03-30,C0177,Mumbai,Home,Bedsheet Set,1.0,1128.55,5.0,1072.12,Debit Card,,3.0,False,False,1072.12,2025-03-01
ORD00752,2025-04-03,C0333,Delhi,Books,Textbook,3.0,1214.0,5.0,3460.0,Credit Card,4.0,,False,False,3460.0,2025-04-01
ORD00100,2024-07-03,,Bengaluru,Electronics,Power Bank,2.0,1297.0,20.0,2075.99,Credit Card,1.0,5.0,False,False,2075.99,2024-07-01
ORD01809,2024-02-26,C0460,Hyderabad,Home,Table Lamp,1.0,776.0,0.0,775.74,UPI,6.0,3.0,False,False,775.74,2024-02-01
ORD00867,2024-09-03,C0131,Delhi,Books,Textbook,1.0,1367.0,25.0,1025.0,Net Banking,7.0,,False,False,1025.0,2024-09-01
ORD00911,2024-01-20,C0015,Delhi,Clothing,Cotton Kurta,4.0,893.19,10.0,3215.48,Debit Card,6.0,5.0,False,False,3215.48,2024-01-01
ORD01393,2024-03-30,C0498,Mumbai,Grocery,Coffee 500g,5.0,419.0,5.0,1990.25,UPI,2.0,3.0,False,False,,2024-03-01
ORD00530,2024-07-10,C0377,Kolkata,Home,Table Lamp,2.0,757.39,5.0,1439.0,Credit Card,2.0,3.0,False,False,1439.0,2024-07-01
ORD00637,2025-02-12,C0297,Delhi,Electronics,Smart Watch,2.0,3900.0,10.0,7020.0,Debit Card,8.0,,False,False,,2025-02-01
ORD00186,2025-05-24,C0056,Kolkata,Grocery,Olive Oil 1L,3.0,,0.0,,Debit Card,3.0,,False,False,,2025-05-01
ORD02115,2024-04-28,C0007,Mumbai,Books,Textbook,1.0,,5.0,,Credit Card,2.0,5.0,False,False,,2024-04-01
ORD01478,2024-02-18,C0377,Kolkata,Books,Cookbook,5.0,,25.0,2604.44,Debit Card,2.0,,False,False,2604.44,2024-02-01
ORD00932,2024-12-02,C0303,Bengaluru,Home,Pressure Cooker,1.0,,10.0,2526.0,UPI,6.0,,False,False,2526.0,2024-12-01
ORD01454,2025-03-27,C0449,Hyderabad,Home,Bedsheet Set,2.0,1089.0,0.0,2179.0,COD,4.0,4.0,False,False,2179.0,2025-03-01
ORD02343,2024-06-19,C0134,Ahmedabad,Electronics,Smart Watch,1.0,4095.0,10.0,3685.5,Debit Card,2.0,2.0,False,False,,2024-06-01
ORD02366,2024-03-31,C0115,Delhi,Grocery,Basmati Rice 5kg,1.0,516.0,25.0,387.0,COD,2.0,4.0,False,False,,2024-03-01
ORD02449,2024-01-13,C0445,Mumbai,Electronics,Smart Watch,4.0,4274.69,5.0,16244.0,Debit Card,0.0,4.0,False,False,16244.0,2024-01-01
ORD02113,2024-08-15,C0190,Bengaluru,Books,Textbook,4.0,,20.0,,COD,0.0,4.0,False,False,,2024-08-01
ORD00608,2025-03-23,C0085,Bengaluru,Books,Novel,3.0,369.57,15.0,942.41,,1.0,5.0,False,False,942.41,2025-03-01
ORD01965,2024-10-28,C0475,Mumbai,Electronics,Smart Watch,,4057.88,5.0,3854.99,Net Banking,7.0,3.0,False,False,3854.99,2024-10-01
ORD00152,2024-09-23,C0154,Bengaluru,Clothing,Running Shoes,2.0,2270.61,0.0,4541.22,Net Banking,2.0,3.0,False,False,4541.22,2024-09-01
ORD01589,2024-08-14,C0344,Hyderabad,Home,Pressure Cooker,1.0,2874.0,,2586.81,Net Banking,1.0,,False,False,2586.81,2024-08-01
ORD02188,2024-11-10,C0037,Kolkata,Books,Novel,2.0,,0.0,738.58,UPI,,5.0,False,False,738.58,2024-11-01
ORD00732,2024-06-19,C0220,Bengaluru,Grocery,Olive Oil 1L,5.0,828.0,10.0,3728.0,Credit Card,6.0,4.0,False,False,3728.0,2024-06-01
ORD02035,2024-07-23,C0105,Ahmedabad,Books,Novel,1.0,378.96,10.0,341.06,Net Banking,1.0,5.0,False,False,341.06,2024-07-01
ORD02704,2024-05-18,C0251,Delhi,Clothing,Running Shoes,1.0,2438.48,10.0,2195.0,COD,3.0,,False,False,2195.0,2024-05-01
ORD02785,2024-06-16,C0456,Chennai,Books,Textbook,,,10.0,,Net Banking,8.0,4.0,False,False,,2024-06-01
ORD00024,2025-03-14,C0362,Bengaluru,Grocery,Olive Oil 1L,2.0,757.22,5.0,1438.718,Credit Card,,4.0,False,False,,2025-03-01
ORD01744,2024-09-11,C0463,Ahmedabad,Electronics,Wireless Earbuds,2.0,2656.0,5.0,5047.0,Debit Card,3.0,4.0,False,False,5047.0,2024-09-01
ORD00159,2024-07-04,C0215,Mumbai,Books,Novel,1.0,436.13,10.0,392.517,Net Banking,7.0,1.0,False,False,,2024-07-01
ORD00862,2024-12-09,C0008,Ahmedabad,Books,Novel,2.0,,10.0,716.33,Net Banking,5.0,4.0,False,False,716.33,2024-12-01
ORD00903,2025-06-23,C0284,Mumbai,Grocery,Basmati Rice 5kg,1.0,522.0,0.0,522.0,Net Banking,3.0,5.0,False,False,522.0,2025-06-01
ORD01506,2025-01-10,C0143,Mumbai,Books,Novel,4.0,,5.0,1580.76,UPI,4.0,1.0,False,False,1580.76,2025-01-01
ORD01231,2025-04-02,C0229,Delhi,Home,Table Lamp,10.0,781.85,15.0,6645.7,COD,3.0,1.0,False,False,6645.7,2025-04-01
ORD02712,2024-06-02,C0070,Hyderabad,Grocery,Coffee 500g,2.0,452.0,20.0,724.0,Net Banking,3.0,5.0,False,False,724.0,2024-06-01
ORD00445,2024-08-27,C0025,Kolkata,Electronics,Wireless Earbuds,2.0,2488.85,10.0,4479.93,Credit Card,5.0,4.0,False,False,4479.93,2024-08-01
ORD02996,,C0486,Mumbai,Books,Novel,3.0,359.63,20.0,863.0,Net Banking,4.0,5.0,False,False,863.0,
ORD00755,2024-10-16,C0416,Kolkata,Home,Pressure Cooker,1.0,2637.0,10.0,2373.5,Credit Card,3.0,4.0,False,False,2373.5,2024-10-01
ORD00924,2025-03-19,C0017,Bengaluru,Clothing,Denim Jeans,1.0,,20.0,1337.07,UPI,3.0,4.0,False,False,1337.07,2025-03-01
ORD02148,2024-02-12,C0463,Ahmedabad,Electronics,Power Bank,2.0,,15.0,2335.87,Credit Card,2.0,2.0,False,False,2335.87,2024-02-01
ORD00312,2024-08-01,C0450,Ahmedabad,Clothing,Running Shoes,4.0,2122.0,0.0,8489.26,Net Banking,3.0,,False,False,8489.26,2024-08-01
ORD00549,,C0478,Chennai,Electronics,Smart Watch,3.0,4345.0,10.0,11731.06,Credit Card,4.0,,False,False,11731.06,
ORD02038,2024-03-04,C0286,Mumbai,Home,Table Lamp,1.0,729.87,10.0,657.0,UPI,3.0,5.0,False,False,657.0,2024-03-01
ORD00307,2025-01-13,C0190,Bengaluru,Grocery,Coffee 500g,1.0,462.36,0.0,462.0,Credit Card,2.0,,False,False,462.0,2025-01-01
ORD00288,2024-03-07,C0354,Mumbai,Home,Pressure Cooker,2.0,2546.0,0.0,5092.0,COD,4.0,5.0,False,False,,2024-03-01
ORD00695,2024-12-28,C0351,Hyderabad,Grocery,Olive Oil 1L,1.0,746.5,5.0,709.0,,1.0,4.0,False,False,709.0,2024-12-01
ORD00309,2024-11-20,C0244,Hyderabad,Clothing,Denim Jeans,3.0,,,3749.12,Net Banking,1.0,,False,False,3749.12,2024-11-01
ORD02368,2025-05-26,C0160,Chennai,Books,Novel,1.0,390.0,10.0,351.0,UPI,2.0,2.0,False,False,351.0,2025-05-01
ORD00750,2024-06-10,C0082,Kolkata,Grocery,Olive Oil 1L,5.0,733.67,15.0,3118.08,Credit Card,2.0,,False,False,3118.08,2024-06-01
ORD01510,2024-08-09,C0460,Hyderabad,Home,Table Lamp,3.0,805.0,5.0,2294.25,COD,7.0,4.0,False,False,,2024-08-01
ORD01411,2024-10-07,C0234,Ahmedabad,Books,Textbook,1.0,1332.0,25.0,999.0,Debit Card,3.0,4.0,False,False,999.0,2024-10-01
ORD01592,2024-08-19,C0196,Mumbai,Grocery,Basmati Rice 5kg,4.0,590.85,15.0,2008.88,UPI,2.0,3.0,False,False,2008.88,2024-08-01
ORD00909,2024-06-17,C0062,Ahmedabad,Grocery,Basmati Rice 5kg,2.0,589.0,5.0,1119.97,Debit Card,,3.0,False,False,1119.97,2024-06-01
ORD02967,2024-09-10,C0195,Ahmedabad,Electronics,Smart Watch,1.0,,15.0,3274.61,Credit Card,7.0,,False,False,3274.61,2024-09-01
ORD02577,2024-12-04,C0126,Hyderabad,Home,Table Lamp,4.0,,25.0,2083.8,Net Banking,3.0,5.0,False,False,2083.8,2024-12-01
ORD01352,2025-02-16,C0288,Mumbai,Clothing,Cotton Kurta,1.0,860.0,5.0,817.0,Debit Card,2.0,5.0,False,False,817.0,2025-02-01
ORD02720,2024-01-29,C0220,Bengaluru,Grocery,Coffee 500g,1.0,,5.0,383.0,COD,5.0,4.0,False,False,383.0,2024-01-01
ORD00971,2024-12-09,C0022,Chennai,Books,Cookbook,5.0,,15.0,,Debit Card,5.0,4.0,False,False,,2024-12-01
ORD00014,2024-02-05,C0349,Mumbai,Clothing,Denim Jeans,2.0,1486.0,10.0,2674.0,Debit Card,5.0,,False,False,2674.0,2024-02-01
ORD00874,2024-06-02,C0477,Kolkata,Books,Cookbook,1.0,641.0,0.0,641.0,Net Banking,2.0,,False,False,641.0,2024-06-01
ORD00809,2024-10-31,C0003,Chennai,Electronics,Smart Watch,2.0,,10.0,6888.05,Debit Card,8.0,3.0,False,False,6888.05,2024-10-01
ORD02632,2025-03-01,C0134,Ahmedabad,Clothing,Running Shoes,2.0,2392.0,0.0,4784.0,Debit Card,,3.0,False,True,8196.73,2025-03-01
ORD00515,2025-02-17,C0132,Hyderabad,Home,Pressure Cooker,4.0,2592.64,20.0,8296.0,UPI,3.0,,False,False,8296.0,2025-02-01
ORD02462,2024-09-04,C0262,Kolkata,Books,Textbook,1.0,1306.38,5.0,1241.0610000000001,UPI,3.0,4.0,False,True,1948.0,2024-09-01
ORD00410,2024-09-24,C0482,Mumbai,Electronics,Smart Watch,1.0,4337.0,10.0,3903.0,Credit Card,2.0,3.0,False,False,3903.0,2024-09-01
ORD01456,2025-02-22,,Mumbai,Clothing,Cotton Kurta,3.0,941.28,15.0,2400.0,COD,6.0,,False,False,2400.0,2025-02-01
ORD02307,2025-06-03,C0356,Chennai,Home,Pressure Cooker,2.0,2831.85,0.0,5664.0,Net Banking,2.0,2.0,False,False,5664.0,2025-06-01
ORD01379,2024-01-19,C0330,Ahmedabad,Home,Table Lamp,2.0,752.39,5.0,1429.54,Net Banking,4.0,4.0,False,False,1429.54,2024-01-01
ORD02741,2024-07-04,C0452,Mumbai,Books,Textbook,1.0,1342.0,5.0,1274.77,Net Banking,6.0,5.0,False,False,1274.77,2024-07-01
ORD01414,2024-03-23,C0040,Mumbai,Clothing,Denim Jeans,2.0,1710.0,20.0,2736.0,UPI,4.0,4.0,False,False,2736.0,2024-03-01
ORD02322,2024-10-22,C0030,Hyderabad,Books,Cookbook,2.0,629.0,10.0,1132.25,UPI,2.0,,False,False,1132.25,2024-10-01
ORD00383,2025-06-27,C0153,Mumbai,Electronics,Power Bank,1.0,1392.68,,1393.0,UPI,2.0,4.0,False,False,1393.0,2025-06-01
ORD01652,2025-01-23,C0050,Delhi,Clothing,Cotton Kurta,3.0,826.29,5.0,2355.0,Credit Card,,,False,False,2355.0,2025-01-01
ORD02233,2025-01-28,C0128,Chennai,Home,Pressure Cooker,1.0,2738.0,20.0,2190.4,Net Banking,6.0,3.0,False,False,,2025-01-01
ORD01398,2024-10-05,C0396,Mumbai,Books,Cookbook,1.0,622.2,0.0,622.2,Debit Card,1.0,2.0,False,False,622.2,2024-10-01
ORD01946,2025-04-28,C0237,Hyderabad,Grocery,Basmati Rice 5kg,1.0,582.26,10.0,524.0,Net Banking,4.0,,False,False,524.0,2025-04-01
ORD01427,2025-06-15,C0326,Hyderabad,Books,Novel,5.0,374.0,0.0,1869.0,Credit Card,,1.0,False,False,1869.0,2025-06-01
ORD00553,2024-08-14,,Mumbai,Books,Novel,5.0,404.46,10.0,1820.0,Credit Card,3.0,,False,False,1820.0,2024-08-01
ORD00223,2024-04-18,C0188,Hyderabad,Books,Textbook,3.0,1302.1,20.0,3125.0,Credit Card,2.0,5.0,False,False,3125.0,2024-04-01
ORD01097,2024-09-06,C0302,Chennai,Home,Bedsheet Set,1.0,1155.0,0.0,1155.27,UPI,4.0,,False,False,1155.27,2024-09-01
ORD02652,2024-03-22,C0272,Mumbai,Clothing,Cotton Kurta,1.0,900.52,10.0,810.47,UPI,4.0,,False,False,810.47,2024-03-01
ORD00009,2024-04-12,C0482,Mumbai,Home,Bedsheet Set,1.0,1225.57,25.0,919.18,COD,3.0,3.0,False,False,919.18,2024-04-01
ORD01553,2024-03-30,C0243,Bengaluru,Grocery,Coffee 500g,4.0,456.51,0.0,1826.04,,7.0,2.0,False,False,1826.04,2024-03-01
ORD00317,2024-11-11,C0494,Bengaluru,Home,Table Lamp,1.0,808.0,0.0,808.1,Net Banking,5.0,4.0,False,False,808.1,2024-11-01
ORD00428,2025-01-29,C0091,Mumbai,Clothing,Cotton Kurta,4.0,846.0,20.0,2708.11,Net Banking,5.0,3.0,False,False,2708.11,2025-01-01
ORD02179,2025-06-16,C0251,Delhi,Clothing,Denim Jeans,2.0,,5.0,3237.48,Debit Card,4.0,,False,False,3237.48,2025-06-01
ORD00106,2024-01-04,C0068,Bengaluru,Books,Textbook,1.0,1362.71,20.0,1090.1680000000001,Net Banking,8.0,5.0,False,False,,2024-01-01
ORD01457,2025-06-23,C0151,Hyderabad,Home,Table Lamp,2.0,708.94,10.0,1276.09,Net Banking,1.0,4.0,False,False,1276.09,2025-06-01
ORD00143,2024-10-26,C0366,Mumbai,Home,Pressure Cooker,1.0,,10.0,2642.0,Net Banking,4.0,,False,False,2642.0,2024-10-01
ORD00122,2024-07-22,C0423,Mumbai,Electronics,Wireless Earbuds,3.0,2382.0,0.0,7147.09,UPI,1.0,3.0,False,False,7147.09,2024-07-01
ORD02419,2025-05-05,C0032,Ahmedabad,Clothing,Denim Jeans,1.0,,10.0,1481.41,Net Banking,3.0,,False,False,1481.41,2025-05-01
ORD02923,2024-08-01,C0116,Mumbai,Electronics,Smart Watch,1.0,4009.0,0.0,4009.0,UPI,5.0,,False,False,,2024-08-01
ORD01190,2025-04-22,C0020,Ahmedabad,Home,Pressure Cooker,2.0,2881.61,10.0,5186.89,Credit Card,5.0,5.0,False,False,5186.89,2025-04-01
ORD01992,2024-04-21,C0014,Mumbai,Electronics,Power Bank,2.0,,0.0,4668.17,Net Banking,3.0,4.0,False,False,4668.17,2024-04-01
ORD02654,2025-03-22,C0415,Delhi,Grocery,Coffee 500g,1.0,427.94,10.0,385.15,UPI,0.0,,False,False,385.15,2025-03-01
ORD01919,2024-03-11,C0372,Hyderabad,Grocery,Coffee 500g,2.0,,0.0,920.85,UPI,3.0,5.0,False,False,920.85,2024-03-01
ORD00116,2025-04-24,C0160,Chennai,Electronics,Wireless Earbuds,3.0,2296.01,5.0,6543.61,Debit Card,4.0,3.0,False,False,6543.61,2025-04-01
ORD02999,2025-04-05,C0482,Mumbai,Clothing,Running Shoes,1.0,2103.0,20.0,1682.78,Debit Card,7.0,5.0,False,False,1682.78,2025-04-01
ORD02830,2024-01-13,C0320,Hyderabad,Grocery,Coffee 500g,5.0,388.0,15.0,1648.39,Debit Card,3.0,3.0,False,False,1648.39,2024-01-01
ORD02189,2025-01-04,C0148,Ahmedabad,Grocery,Basmati Rice 5kg,1.0,598.62,0.0,598.62,COD,7.0,,False,False,598.62,2025-01-01
ORD02855,2025-06-15,C0133,Mumbai,Grocery,Olive Oil 1L,2.0,717.0,0.0,1435.0,Credit Card,2.0,4.0,False,False,1435.0,2025-06-01
ORD01678,,C0453,Chennai,Clothing,Cotton Kurta,5.0,,0.0,4058.57,Credit Card,8.0,3.0,False,False,4058.57,
ORD01884,2024-05-12,C0254,Mumbai,Clothing,Running Shoes,2.0,2228.66,0.0,4457.33,Credit Card,5.0,1.0,False,False,4457.33,2024-05-01
ORD00673,2024-03-06,C0339,Ahmedabad,Grocery,Basmati Rice 5kg,2.0,501.34,0.0,1002.68,,1.0,5.0,False,False,1002.68,2024-03-01
ORD01507,2025-01-10,C0026,Kolkata,Books,Novel,1.0,,15.0,,Credit Card,6.0,3.0,False,False,,2025-01-01
ORD01712,2025-06-01,C0250,Bengaluru,Clothing,Denim Jeans,4.0,,,5596.0,Debit Card,6.0,3.0,False,False,5596.0,2025-06-01
ORD00592,2025-01-14,C0054,Kolkata,Books,Textbook,1.0,1217.37,0.0,1217.37,Debit Card,4.0,4.0,False,False,,2025-01-01
ORD01476,2025-12-01,C0099,Delhi,Grocery,Coffee 500g,2.0,433.0,15.0,736.0,Debit Card,,1.0,True,False,736.0,2025-12-01
ORD00889,2024-12-10,C0060,Chennai,Grocery,Coffee 500g,1.0,449.17,0.0,449.0,COD,8.0,,False,False,449.0,2024-12-01
ORD01841,2024-04-01,C0421,Bengaluru,Home,Table Lamp,2.0,704.0,15.0,1197.0,Credit Card,8.0,4.0,False,False,1197.0,2024-04-01
ORD02803,2025-02-18,C0373,Hyderabad,Clothing,Denim Jeans,10.0,1695.95,15.0,14416.0,Net Banking,,5.0,False,False,14416.0,2025-02-01
ORD01942,2024-01-30,C0400,Delhi,Books,Cookbook,1.0,674.68,0.0,675.0,Credit Card,5.0,4.0,False,False,675.0,2024-01-01
ORD00214,2024-10-06,C0090,Chennai,Electronics,Power Bank,1.0,1230.1,20.0,984.08,Net Banking,0.0,,False,False,984.08,2024-10-01
ORD00779,2024-04-16,C0041,Bengaluru,Clothing,Denim Jeans,1.0,1461.41,0.0,1461.41,Net Banking,,5.0,False,False,,2024-04-01
ORD02743,2025-04-20,C0062,Ahmedabad,Home,Table Lamp,3.0,691.0,0.0,2073.0,Debit Card,4.0,5.0,False,False,,2025-04-01
ORD00801,2024-01-02,C0314,Delhi,Books,Textbook,1.0,1307.0,0.0,1306.72,Credit Card,5.0,2.0,False,False,1306.72,2024-01-01
ORD02531,2025-05-01,C0157,Chennai,Grocery,Basmati Rice 5kg,1.0,,,449.0,COD,,3.0,False,False,449.0,2025-05-01
ORD01703,2025-01-29,C0488,Mumbai,Grocery,Coffee 500g,3.0,443.81,5.0,1265.0,Credit Card,1.0,1.0,False,False,1265.0,2025-01-01
ORD01818,2024-08-12,C0121,Bengaluru,Grocery,Basmati Rice 5kg,1.0,526.5,15.0,448.0,UPI,2.0,1.0,False,False,448.0,2024-08-01
ORD02331,2025-02-20,C0078,Hyderabad,Books,Textbook,5.0,1138.0,15.0,4834.56,Debit Card,3.0,4.0,False,False,4834.56,2025-02-01
ORD02717,2025-03-16,C0063,Mumbai,Electronics,Wireless Earbuds,3.0,2714.83,10.0,7330.04,Credit Card,1.0,2.0,False,False,7330.04,2025-03-01
ORD02767,2024-02-10,C0341,Mumbai,Books,Novel,1.0,435.0,0.0,435.0,UPI,4.0,5.0,False,False,435.0,2024-02-01
ORD00274,2024-02-01,C0017,Bengaluru,Home,Bedsheet Set,3.0,1265.02,10.0,3415.55,UPI,5.0,5.0,False,False,3415.55,2024-02-01
ORD00072,2025-05-03,C0403,Kolkata,Clothing,Cotton Kurta,1.0,936.01,0.0,936.01,,7.0,,False,True,1663.87,2025-05-01
ORD01877,2025-03-21,C0205,Bengaluru,Books,Novel,3.0,411.0,,1233.47,Debit Card,5.0,3.0,False,False,1233.47,2025-03-01
ORD01088,2025-01-25,C0386,Bengaluru,Electronics,Wireless Earbuds,1.0,2336.0,5.0,2219.2,,7.0,5.0,False,False,,2025-01-01
ORD00395,2025-03-29,C0424,Kolkata,Grocery,Olive Oil 1L,4.0,735.26,0.0,2941.04,Debit Card,,,False,False,2941.04,2025-03-01
ORD00584,2024-08-22,C0474,Ahmedabad,Home,Pressure Cooker,2.0,2742.65,0.0,5485.29,Credit Card,2.0,2.0,False,False,5485.29,2024-08-01
ORD02059,2024-09-18,,Mumbai,Clothing,Running Shoes,1.0,2438.87,10.0,2195.0,Credit Card,2.0,,False,False,2195.0,2024-09-01
ORD02064,2024-10-29,C0107,Kolkata,Grocery,Basmati Rice 5kg,1.0,508.0,25.0,381.0,Net Banking,1.0,,False,False,,2024-10-01
ORD00501,,C0083,Kolkata,Home,Bedsheet Set,4.0,1266.0,15.0,4304.4,COD,2.0,3.0,False,False,,
ORD02491,2025-01-11,C0150,Ahmedabad,Home,Pressure Cooker,1.0,2628.91,0.0,2629.0,Credit Card,,,False,False,2629.0,2025-01-01
ORD02269,2025-03-14,C0444,Mumbai,Books,Novel,2.0,367.09,0.0,734.0,Net Banking,2.0,4.0,False,False,734.0,2025-03-01
ORD02796,2025-01-14,C0126,Hyderabad,Home,Pressure Cooker,1.0,2690.96,0.0,2690.96,Credit Card,3.0,3.0,False,False,2690.96,2025-01-01
ORD01546,2024-12-02,C0238,Delhi,Home,Table Lamp,1.0,768.0,0.0,768.48,COD,4.0,5.0,False,False,768.48,2024-12-01
ORD01260,2025-03-14,C0129,Hyderabad,Books,Cookbook,1.0,632.8,5.0,601.0,Credit Card,7.0,1.0,False,False,601.0,2025-03-01
ORD01689,2024-01-03,C0422,Mumbai,Books,Novel,1.0,408.56,15.0,347.0,Net Banking,1.0,2.0,False,False,347.0,2024-01-01
ORD02478,2024-05-01,C0396,Mumbai,Books,Novel,3.0,373.02,0.0,1119.06,Net Banking,,1.0,False,False,1119.06,2024-05-01
ORD00206,,C0490,Ahmedabad,Clothing,Denim Jeans,1.0,1633.0,5.0,1551.35,Credit Card,1.0,,False,False,,
ORD00734,2025-03-15,C0106,Chennai,Clothing,Cotton Kurta,2.0,906.17,,1631.11,Credit Card,,2.0,False,False,1631.11,2025-03-01
ORD01597,2024-05-25,C0228,Kolkata,Electronics,Wireless Earbuds,1.0,2582.48,0.0,2582.0,UPI,1.0,5.0,False,False,2582.0,2024-05-01
ORD00527,2025-06-29,C0181,Mumbai,Home,Bedsheet Set,1.0,1180.99,5.0,1121.94,UPI,5.0,4.0,False,False,1121.94,2025-06-01
ORD02000,2024-03-31,C0483,Chennai,Books,Textbook,1.0,1199.59,0.0,1199.59,Credit Card,2.0,3.0,False,False,,2024-03-01
ORD00899,2024-12-13,,Ahmedabad,Grocery,Olive Oil 1L,1.0,730.04,0.0,730.04,COD,5.0,2.0,False,False,,2024-12-01
ORD00378,2024-05-07,C0408,Bengaluru,Electronics,Smart Watch,2.0,3653.0,20.0,5845.0,Net Banking,4.0,5.0,False,False,5845.0,2024-05-01
ORD01812,2025-03-31,C0258,Mumbai,Clothing,Cotton Kurta,5.0,944.73,25.0,3543.0,Debit Card,5.0,5.0,False,False,3543.0,2025-03-01
ORD02737,2024-01-15,C0191,Mumbai,Home,Bedsheet Set,1.0,1171.47,20.0,937.0,Debit Card,3.0,4.5,False,False,937.0,2024-01-01
ORD01519,2024-08-26,C0099,Delhi,Grocery,Olive Oil 1L,10.0,,15.0,6938.0,Net Banking,2.0,1.0,False,False,6938.0,2024-08-01
ORD00387,2024-09-08,C0499,Hyderabad,Home,Pressure Cooker,5.0,2892.0,0.0,14462.0,Credit Card,3.0,5.0,False,False,14462.0,2024-09-01
ORD00199,2024-07-12,C0227,Ahmedabad,Grocery,Basmati Rice 5kg,,602.16,0.0,,Debit Card,2.0,5.0,False,False,,2024-07-01
ORD01051,2025-05-09,C0227,Ahmedabad,Clothing,Denim Jeans,1.0,1493.82,10.0,1344.44,Credit Card,1.0,4.0,False,False,1344.44,2025-05-01
ORD00591,2024-12-30,C0339,Ahmedabad,Clothing,Denim Jeans,2.0,1554.4,10.0,2797.91,Debit Card,3.0,,False,False,2797.91,2024-12-01
ORD00520,2024-09-25,C0047,Ahmedabad,Clothing,Denim Jeans,2.0,,5.0,2737.98,Credit Card,2.0,,False,False,2737.98,2024-09-01
ORD02707,2025-01-29,C0362,Bengaluru,Home,Bedsheet Set,1.0,1134.0,,907.1,Credit Card,2.0,,False,False,907.1,2025-01-01
ORD02746,2024-02-17,C0327,Hyderabad,Clothing,Denim Jeans,3.0,,0.0,4353.56,Net Banking,3.0,4.0,False,False,4353.56,2024-02-01
ORD00430,2024-06-20,C0253,Ahmedabad,Books,Textbook,1.0,1230.62,10.0,1108.0,Net Banking,3.0,4.0,False,False,1108.0,2024-06-01
ORD01084,2024-04-29,C0209,Chennai,Books,Textbook,2.0,1345.65,0.0,2691.0,COD,4.0,2.0,False,False,2691.0,2024-04-01
ORD00208,2024-05-15,C0429,Chennai,Home,Table Lamp,3.0,722.64,15.0,1842.732,Debit Card,1.0,2.0,False,True,4178.49,2024-05-01
ORD00492,2024-02-29,C0488,Mumbai,Books,Textbook,,1295.45,10.0,,Net Banking,6.0,5.0,False,False,,2024-02-01
ORD01406,2025-04-20,C0034,Bengaluru,Grocery,Olive Oil 1L,1.0,799.85,0.0,799.85,UPI,2.0,5.0,False,False,,2025-04-01
ORD02970,2025-06-22,C0478,Chennai,Home,Bedsheet Set,2.0,,0.0,2562.54,Net Banking,6.0,5.0,False,False,2562.54,2025-06-01
ORD00793,2024-06-18,C0455,Mumbai,Clothing,Denim Jeans,2.0,1522.26,15.0,2587.84,COD,5.0,4.0,False,False,2587.84,2024-06-01
ORD02544,2024-01-26,C0313,Ahmedabad,Clothing,Running Shoes,1.0,,25.0,1712.7,Credit Card,2.0,,False,False,1712.7,2024-01-01
ORD01187,2024-09-10,C0140,Bengaluru,Clothing,Denim Jeans,2.0,1635.0,15.0,2779.5,Net Banking,4.0,,False,False,2779.5,2024-09-01
ORD01186,2025-02-06,C0197,Chennai,Electronics,Smart Watch,1.0,4098.03,0.0,4098.03,Net Banking,,,False,False,4098.03,2025-02-01
ORD01848,2025-04-07,C0003,Chennai,Clothing,Cotton Kurta,1.0,845.93,5.0,803.63,Net Banking,3.0,,False,False,803.63,2025-04-01
ORD01413,2024-12-08,C0019,Chennai,Home,Pressure Cooker,1.0,2637.78,0.0,2637.78,Credit Card,4.0,3.0,False,False,2637.78,2024-12-01
ORD02745,2025-01-03,C0407,Kolkata,Electronics,Power Bank,1.0,1367.0,10.0,1230.0,Credit Card,4.0,5.0,False,False,1230.0,2025-01-01
ORD00084,2024-04-18,C0317,Hyderabad,Home,Table Lamp,4.0,679.0,10.0,2442.68,Debit Card,,,False,False,2442.68,2024-04-01
ORD02417,2024-04-21,C0433,Chennai,Clothing,Running Shoes,1.0,2492.79,0.0,2492.79,Debit Card,5.0,,False,False,2492.79,2024-04-01
ORD02272,2024-01-29,C0064,Chennai,Grocery,Coffee 500g,5.0,451.0,,,Credit Card,7.0,,False,False,,2024-01-01
ORD00021,2024-03-13,C0234,Ahmedabad,Clothing,Denim Jeans,1.0,,10.0,1417.61,Debit Card,,3.0,False,False,1417.61,2024-03-01
ORD01451,2024-05-26,,Mumbai,Electronics,Smart Watch,1.0,4284.0,0.0,4283.93,Net Banking,4.0,2.0,False,False,4283.93,2024-05-01
ORD02902,2024-02-03,C0169,Bengaluru,Electronics,Wireless Earbuds,1.0,2642.7,0.0,2642.7,Debit Card,1.0,4.0,False,False,2642.7,2024-02-01
ORD02031,2024-11-05,C0194,Mumbai,Books,Textbook,1.0,1188.89,10.0,1070.0,Debit Card,1.0,5.0,False,False,1070.0,2024-11-01
ORD02030,2024-04-02,C0158,Mumbai,Home,Pressure Cooker,1.0,2856.95,0.0,2857.0,COD,7.0,4.0,False,False,2857.0,2024-04-01
ORD00974,2024-11-30,C0238,Delhi,Grocery,Basmati Rice 5kg,1.0,,10.0,457.84,,,,False,False,457.84,2024-11-01
ORD02847,2024-12-25,C0286,Mumbai,Books,Novel,1.0,,0.0,403.0,Net Banking,,4.5,False,False,403.0,2024-12-01
ORD00884,2024-01-31,C0452,Mumbai,Books,Cookbook,1.0,701.0,10.0,631.0,Net Banking,0.0,5.0,False,False,631.0,2024-01-01
ORD01099,2024-08-25,C0231,Delhi,Electronics,Wireless Earbuds,1.0,2409.0,0.0,2409.15,UPI,4.0,4.0,False,False,2409.15,2024-08-01
ORD00157,2024-08-02,C0048,Kolkata,Grocery,Basmati Rice 5kg,5.0,558.61,5.0,2653.41,,6.0,5.0,False,False,2653.41,2024-08-01
ORD02324,2024-11-16,C0088,Delhi,Clothing,Running Shoes,3.0,2232.93,,6699.0,Net Banking,2.0,2.0,False,False,6699.0,2024-11-01
ORD00887,2025-02-18,C0060,Chennai,Clothing,Cotton Kurta,3.0,,10.0,,Debit Card,4.0,,False,False,,2025-02-01
ORD01673,2024-11-21,C0008,Ahmedabad,Grocery,Coffee 500g,2.0,413.0,20.0,660.68,UPI,1.0,3.0,False,False,660.68,2024-11-01
ORD02529,2024-08-24,C0455,Mumbai,Grocery,Olive Oil 1L,1.0,,0.0,,UPI,2.0,4.0,False,False,,2024-08-01
ORD02587,2025-03-29,C0045,Mumbai,Home,Pressure Cooker,4.0,,0.0,10137.43,UPI,2.0,5.0,False,False,10137.43,2025-03-01
ORD02012,2024-05-08,C0445,Mumbai,Electronics,Power Bank,1.0,1405.82,0.0,1405.82,UPI,1.0,,False,False,1405.82,2024-05-01
ORD02540,2025-03-26,C0055,Mumbai,Electronics,Smart Watch,3.0,3906.37,0.0,11719.11,Credit Card,2.0,1.0,False,False,,2025-03-01
ORD02703,2024-08-31,C0080,Kolkata,Electronics,Smart Watch,1.0,4010.0,0.0,4010.41,Debit Card,2.0,4.0,False,False,4010.41,2024-08-01
ORD00459,2024-08-07,C0407,Kolkata,Books,Textbook,1.0,1191.0,20.0,952.8000000000001,Debit Card,,,False,False,,2024-08-01
ORD02351,,C0058,Mumbai,Clothing,Denim Jeans,1.0,1503.65,0.0,1504.0,Net Banking,,,False,False,1504.0,
ORD00079,2024-01-07,C0279,Mumbai,Clothing,Running Shoes,4.0,2093.72,15.0,7118.647999999999,COD,,5.0,False,False,,2024-01-01
ORD02972,2024-01-23,C0314,Delhi,Home,Bedsheet Set,2.0,1117.0,0.0,2233.22,Credit Card,6.0,5.0,False,False,2233.22,2024-01-01
ORD01057,2024-10-01,C0077,Kolkata,Clothing,Running Shoes,1.0,2362.0,10.0,2125.43,COD,5.0,,False,False,2125.43,2024-10-01
ORD00907,2024-08-12,C0294,Kolkata,Electronics,Power Bank,2.0,1235.38,5.0,2347.23,Net Banking,,,False,False,2347.23,2024-08-01
ORD02892,2025-05-03,C0279,Mumbai,Clothing,Denim Jeans,1.0,1682.46,0.0,1682.0,Credit Card,1.0,5.0,False,False,1682.0,2025-05-01
ORD02260,2025-04-02,C0163,Mumbai,Clothing,Running Shoes,1.0,2227.0,25.0,1670.26,Credit Card,2.0,2.0,False,False,1670.26,2025-04-01
ORD02751,2024-03-23,C0431,Delhi,Home,Bedsheet Set,1.0,1289.01,20.0,1031.2,Credit Card,6.0,4.0,False,False,1031.2,2024-03-01
ORD00381,2024-05-10,C0309,Kolkata,Home,Table Lamp,3.0,,10.0,2092.0,Credit Card,1.0,3.0,False,False,2092.0,2024-05-01
ORD00948,2024-01-20,C0426,Mumbai,Home,Table Lamp,3.0,763.77,0.0,2291.0,Credit Card,1.0,5.0,False,False,2291.0,2024-01-01
ORD02947,2025-01-20,C0366,Mumbai,Books,Textbook,1.0,,15.0,1131.0,Net Banking,4.0,4.0,False,False,1131.0,2025-01-01
ORD02310,2024-04-21,C0151,Hyderabad,Books,Novel,4.0,409.07,25.0,1227.21,UPI,6.0,2.0,False,False,,2024-04-01
ORD00716,,C0276,Ahmedabad,Books,Textbook,3.0,1147.0,10.0,3096.9,Credit Card,2.0,,False,False,,
ORD02006,2024-03-29,C0338,Chennai,Home,Bedsheet Set,3.0,1285.0,10.0,3470.0,COD,1.0,5.0,False,False,3470.0,2024-03-01
ORD00687,2025-03-08,C0312,Bengaluru,Grocery,Olive Oil 1L,1.0,777.0,10.0,699.3000000000001,UPI,4.0,3.0,False,True,1646.0,2025-03-01
ORD02619,2024-09-17,,Hyderabad,Electronics,Power Bank,1.0,1175.82,5.0,1117.0,Debit Card,1.0,4.0,False,False,1117.0,2024-09-01
ORD01294,2024-09-18,C0219,Hyderabad,Clothing,Cotton Kurta,1.0,981.0,5.0,932.24,COD,6.0,,False,False,932.24,2024-09-01
ORD00306,2024-04-15,C0405,Chennai,Grocery,Olive Oil 1L,1.0,837.0,0.0,837.14,COD,8.0,5.0,False,False,837.14,2024-04-01
ORD00210,2025-05-18,C0343,Ahmedabad,Books,Novel,3.0,,0.0,2016.83,Debit Card,2.0,3.0,False,False,2016.83,2025-05-01
ORD02305,2024-07-22,C0480,Delhi,Home,Pressure Cooker,1.0,,5.0,2527.0,Credit Card,5.0,3.0,False,False,2527.0,2024-07-01
ORD02267,2024-01-27,C0481,Mumbai,Books,Textbook,1.0,1199.21,10.0,1079.29,Credit Card,,2.0,False,False,1079.29,2024-01-01
ORD02407,2025-01-06,C0281,Delhi,Home,Table Lamp,1.0,688.27,0.0,688.27,Net Banking,,,False,False,,2025-01-01
ORD00886,2024-12-04,C0017,Bengaluru,Home,Pressure Cooker,4.0,2554.65,5.0,9708.0,Net Banking,8.0,,False,False,9708.0,2024-12-01
ORD01714,,C0008,Ahmedabad,Electronics,Power Bank,3.0,1316.32,10.0,3554.0,COD,4.0,4.0,False,False,3554.0,
ORD00918,2024-12-25,C0027,Hyderabad,Home,Pressure Cooker,1.0,,15.0,,Net Banking,3.0,5.0,False,False,,2024-12-01
ORD01749,2024-06-02,C0415,Delhi,Electronics,Power Bank,1.0,1327.12,20.0,1061.7,Credit Card,8.0,5.0,False,False,1061.7,2024-06-01
ORD01743,2025-03-10,C0374,Bengaluru,Grocery,Basmati Rice 5kg,3.0,545.0,0.0,1635.0,Net Banking,3.0,5.0,False,False,,2025-03-01
ORD00192,2024-05-13,C0329,Hyderabad,Grocery,Basmati Rice 5kg,1.0,,5.0,490.92,Credit Card,8.0,2.0,False,False,490.92,2024-05-01
ORD01834,2024-02-09,C0206,Mumbai,Grocery,Basmati Rice 5kg,1.0,548.0,20.0,438.40000000000003,COD,3.0,,False,True,1114.55,2024-02-01
ORD02231,2025-11-02,C0245,Mumbai,Clothing,Running Shoes,1.0,2227.52,10.0,2004.77,COD,4.0,3.0,True,False,2004.77,2025-11-01
ORD01266,2024-11-18,C0320,Hyderabad,Books,Textbook,3.0,1241.87,,3353.0,,3.0,1.0,False,False,3353.0,2024-11-01
ORD00484,2025-03-23,C0204,Mumbai,Books,Textbook,2.0,1325.21,10.0,2385.0,Credit Card,,3.0,False,False,2385.0,2025-03-01
ORD00916,2025-01-07,C0459,Mumbai,Books,Novel,1.0,437.64,0.0,437.64,UPI,3.0,,False,False,437.64,2025-01-01
ORD02653,2024-07-31,C0108,Mumbai,Electronics,Wireless Earbuds,4.0,2485.0,5.0,9443.0,COD,6.0,4.0,False,True,17292.8,2024-07-01
ORD00278,2024-03-06,C0451,Ahmedabad,Books,Textbook,5.0,,15.0,,Credit Card,2.0,4.0,False,False,,2024-03-01
ORD00989,2024-07-16,C0321,Kolkata,Electronics,Wireless Earbuds,2.0,,15.0,4568.0,Net Banking,4.0,,False,False,4568.0,2024-07-01
ORD02133,,C0422,Mumbai,Grocery,Olive Oil 1L,1.0,822.0,5.0,781.24,Credit Card,1.0,4.0,False,False,781.24,
ORD02818,2024-01-27,C0410,Chennai,Clothing,Denim Jeans,,,,3570.35,Debit Card,4.0,4.0,False,False,3570.35,2024-01-01
ORD01826,2025-06-11,C0249,Hyderabad,Grocery,Coffee 500g,2.0,459.98,0.0,919.96,Credit Card,8.0,4.0,False,False,,2025-06-01
ORD00572,2024-05-15,C0367,Mumbai,Books,Textbook,3.0,,0.0,3402.0,Debit Card,4.0,1.0,False,False,3402.0,2024-05-01
ORD01436,2025-04-19,C0187,Delhi,Clothing,Cotton Kurta,1.0,881.0,,793.0,UPI,5.0,2.0,False,False,793.0,2025-04-01
ORD00994,2025-05-27,C0409,Mumbai,Electronics,Power Bank,5.0,1195.37,5.0,5677.99,COD,1.0,,False,False,5677.99,2025-05-01
ORD01477,2024-10-07,C0267,Mumbai,Home,Pressure Cooker,1.0,2949.47,0.0,2949.47,Debit Card,5.0,,False,False,2949.47,2024-10-01
ORD01658,2024-06-20,C0220,Bengaluru,Home,Bedsheet Set,1.0,,10.0,,Net Banking,,3.0,False,False,,2024-06-01
ORD00586,2025-02-26,C0299,Mumbai,Home,Bedsheet Set,1.0,1094.67,0.0,1095.0,Debit Card,3.0,1.0,False,False,1095.0,2025-02-01
ORD02404,2024-05-28,C0047,Ahmedabad,Grocery,Coffee 500g,3.0,400.0,20.0,961.0,Credit Card,7.0,3.0,False,False,961.0,2024-05-01
ORD01350,2024-07-07,C0483,Chennai,Grocery,Basmati Rice 5kg,3.0,556.18,0.0,1669.0,Credit Card,,4.0,False,False,1669.0,2024-07-01
ORD01008,2024-07-16,C0240,Mumbai,Clothing,Cotton Kurta,1.0,850.05,25.0,638.0,Debit Card,6.0,4.0,False,False,638.0,2024-07-01
ORD00675,2024-11-16,C0053,Ahmedabad,Grocery,Coffee 500g,10.0,383.3,0.0,3833.0,Debit Card,4.0,3.0,False,False,3833.0,2024-11-01
ORD01776,,C0341,Mumbai,Books,Cookbook,10.0,,0.0,6623.61,COD,3.0,4.0,False,False,6623.61,
ORD00856,2024-08-28,C0489,Kolkata,Electronics,Smart Watch,1.0,3770.87,0.0,3770.87,Credit Card,3.0,4.0,False,False,,2024-08-01
ORD00448,2025-05-18,C0386,Bengaluru,Grocery,Olive Oil 1L,1.0,822.96,10.0,740.66,COD,6.0,4.0,False,False,740.66,2025-05-01
ORD01495,2025-06-12,C0066,Delhi,Grocery,Olive Oil 1L,1.0,732.77,0.0,733.0,Credit Card,5.0,4.0,False,False,733.0,2025-06-01
ORD01750,2024-09-10,C0428,Mumbai,Home,Pressure Cooker,5.0,2703.0,15.0,11485.73,Debit Card,5.0,3.0,False,False,11485.73,2024-09-01
ORD01698,2024-08-31,C0370,Hyderabad,Clothing,Denim Jeans,4.0,1586.0,0.0,6344.0,Credit Card,6.0,,False,False,,2024-08-01
ORD02584,2024-03-19,C0423,Mumbai,Books,Cookbook,2.0,629.69,0.0,1259.39,Debit Card,2.0,5.0,False,False,1259.39,2024-03-01
ORD02898,2024-05-12,C0499,Hyderabad,Electronics,Smart Watch,1.0,4374.15,10.0,3936.73,Credit Card,2.0,5.0,False,False,3936.73,2024-05-01
ORD02849,2025-02-23,C0493,Delhi,Clothing,Denim Jeans,2.0,1514.21,20.0,2422.73,COD,3.0,4.0,False,False,2422.73,2025-02-01
ORD01801,2025-06-19,C0380,Chennai,Grocery,Basmati Rice 5kg,1.0,,0.0,592.0,UPI,8.0,,False,False,592.0,2025-06-01
ORD02726,2024-04-17,C0051,Bengaluru,Clothing,Cotton Kurta,1.0,966.88,5.0,918.536,Credit Card,5.0,4.0,False,False,,2024-04-01
ORD01248,2024-09-06,C0369,Delhi,Clothing,Denim Jeans,2.0,1614.96,15.0,2745.0,Debit Card,6.0,3.0,False,False,2745.0,2024-09-01
ORD00295,2024-05-23,C0226,Mumbai,Electronics,Power Bank,1.0,1211.27,10.0,1090.0,Net Banking,8.0,4.0,False,False,1090.0,2024-05-01
ORD00589,2024-02-17,C0191,Mumbai,Clothing,Cotton Kurta,1.0,826.29,10.0,743.66,Debit Card,1.0,3.0,False,False,743.66,2024-02-01
ORD01282,2025-03-09,C0342,Kolkata,Clothing,Running Shoes,3.0,2132.47,0.0,6397.0,UPI,2.0,5.0,False,False,6397.0,2025-03-01
ORD01498,2025-03-01,C0325,Bengaluru,Clothing,Running Shoes,2.0,2450.52,20.0,3920.8320000000003,COD,5.0,5.0,False,False,,2025-03-01
ORD01913,,C0167,Kolkata,Electronics,Smart Watch,1.0,3932.0,15.0,3342.56,UPI,4.0,5.0,False,False,3342.56,
ORD02222,2024-02-09,C0329,Hyderabad,Grocery,Basmati Rice 5kg,1.0,520.52,0.0,520.52,Credit Card,0.0,4.0,False,False,520.52,2024-02-01
ORD02938,2025-03-24,C0144,Ahmedabad,Home,Table Lamp,1.0,767.81,5.0,729.4195,Credit Card,3.0,,False,True,1498.31,2025-03-01
ORD02300,2025-02-12,C0286,Mumbai,Clothing,Denim Jeans,5.0,1626.0,25.0,6098.72,Net Banking,7.0,4.0,False,False,6098.72,2025-02-01
ORD01418,2025-05-26,C0416,Kolkata,Clothing,Cotton Kurta,1.0,983.0,0.0,983.0,Net Banking,2.0,,False,False,983.0,2025-05-01
ORD00426,2024-06-13,C0302,Chennai,Clothing,Denim Jeans,2.0,1528.0,10.0,2750.4,Debit Card,5.0,3.0,False,False,,2024-06-01
ORD00535,2025-06-12,C0171,Mumbai,Clothing,Running Shoes,4.0,2337.54,10.0,8415.0,UPI,,,False,False,8415.0,2025-06-01
ORD01055,2024-09-09,C0378,Mumbai,Electronics,Power Bank,2.0,1334.0,5.0,2534.6,Debit Card,3.0,,False,False,2534.6,2024-09-01
ORD01954,2024-02-28,C0288,Mumbai,Home,Pressure Cooker,2.0,3034.0,10.0,5461.43,Debit Card,7.0,4.0,False,False,5461.43,2024-02-01
ORD02556,2025-03-22,C0174,Delhi,Electronics,Power Bank,2.0,1368.61,10.0,2463.0,UPI,4.0,,False,False,2463.0,2025-03-01
ORD02438,2024-10-17,C0280,Mumbai,Home,Pressure Cooker,2.0,2528.54,0.0,5057.08,UPI,1.0,5.0,False,False,5057.08,2024-10-01
ORD00133,2024-04-13,C0235,Mumbai,Grocery,Coffee 500g,1.0,386.0,10.0,347.0,UPI,3.0,3.0,False,False,347.0,2024-04-01
ORD01926,2025-06-29,C0217,Ahmedabad,Clothing,Running Shoes,1.0,2351.6,20.0,1881.0,Debit Card,5.0,3.0,False,False,1881.0,2025-06-01
ORD01914,2024-12-15,C0416,Kolkata,Grocery,Olive Oil 1L,1.0,776.75,0.0,777.0,Credit Card,3.0,5.0,False,False,777.0,2024-12-01
ORD00422,2024-10-30,C0224,Kolkata,Books,Novel,1.0,423.93,,,Credit Card,2.0,,False,False,,2024-10-01
ORD02713,2024-11-11,C0275,Ahmedabad,Electronics,Power Bank,1.0,1396.78,0.0,1396.78,UPI,5.0,,False,False,1396.78,2024-11-01
ORD02563,2024-04-30,C0033,Hyderabad,Electronics,Wireless Earbuds,2.0,2719.0,,4893.77,Debit Card,6.0,3.0,False,False,4893.77,2024-04-01
ORD02252,2025-05-22,C0022,Chennai,Books,Textbook,3.0,1360.0,0.0,4081.33,COD,7.0,4.0,False,False,4081.33,2025-05-01
ORD01369,2025-06-27,C0088,Delhi,Books,Textbook,1.0,1132.85,0.0,1132.85,Debit Card,2.0,4.0,False,False,1132.85,2025-06-01
ORD00557,2024-08-09,C0360,Kolkata,Home,Table Lamp,3.0,797.47,15.0,2033.54,UPI,8.0,3.0,False,False,2033.54,2024-08-01
ORD02087,2025-03-24,C0182,Mumbai,Clothing,Denim Jeans,5.0,,5.0,,Credit Card,6.0,3.0,False,False,,2025-03-01
ORD01563,,C0496,Delhi,Grocery,Basmati Rice 5kg,2.0,570.0,5.0,1083.0,Net Banking,5.0,,False,False,,
ORD02734,2024-04-20,C0335,Ahmedabad,Electronics,Power Bank,10.0,1359.0,10.0,12231.0,Credit Card,1.0,1.0,False,True,36020.0,2024-04-01
ORD00571,2024-01-29,C0246,Chennai,Electronics,Smart Watch,1.0,,10.0,3667.0,UPI,1.0,4.0,False,False,3667.0,2024-01-01
ORD00353,2025-06-24,C0131,Delhi,Grocery,Coffee 500g,4.0,450.83,10.0,1623.0,Net Banking,2.0,5.0,False,False,1623.0,2025-06-01
ORD00092,,C0063,Mumbai,Grocery,Basmati Rice 5kg,1.0,511.0,,,Debit Card,2.0,5.0,False,False,,
ORD02168,2024-12-23,C0485,Ahmedabad,Books,Novel,1.0,420.0,,419.85,Net Banking,1.0,,False,False,419.85,2024-12-01
ORD02586,2025-06-05,C0482,Mumbai,Books,Novel,2.0,,0.0,845.0,,3.0,4.5,False,False,845.0,2025-06-01
ORD01171,2024-05-31,C0142,Hyderabad,Books,Textbook,3.0,,25.0,2660.0,COD,2.0,,False,False,2660.0,2024-05-01
ORD01566,2024-01-05,C0157,Chennai,Books,Novel,1.0,426.0,10.0,383.45,Credit Card,4.0,,False,False,383.45,2024-01-01
ORD01286,2024-09-20,C0487,Hyderabad,Home,Bedsheet Set,1.0,1114.52,,1058.79,Net Banking,2.0,,False,False,1058.79,2024-09-01
ORD01787,2024-01-23,C0175,Hyderabad,Electronics,Wireless Earbuds,3.0,2383.0,5.0,6791.48,Net Banking,2.0,2.0,False,False,6791.48,2024-01-01
ORD01544,2024-12-31,C0234,Ahmedabad,Books,Cookbook,1.0,,0.0,640.0,Credit Card,1.0,4.0,False,False,640.0,2024-12-01
ORD02954,2024-03-26,C0106,Chennai,Home,Bedsheet Set,2.0,,0.0,4313.49,Debit Card,1.0,2.0,False,False,4313.49,2024-03-01
ORD01554,2025-06-08,C0123,Bengaluru,Grocery,Olive Oil 1L,1.0,820.0,10.0,738.43,COD,2.0,4.0,False,False,738.43,2025-06-01
ORD00698,2024-11-21,C0377,Kolkata,Grocery,Coffee 500g,1.0,389.33,5.0,369.86,COD,,5.0,False,False,369.86,2024-11-01
ORD02933,2024-02-12,C0218,Chennai,Electronics,Power Bank,,1238.0,10.0,,COD,3.0,3.0,False,False,,2024-02-01
ORD00349,2024-11-08,C0409,Mumbai,Home,Pressure Cooker,3.0,2545.49,10.0,6872.83,Net Banking,4.0,5.0,False,False,6872.83,2024-11-01
ORD01641,2024-08-14,C0185,Hyderabad,Books,Novel,1.0,426.0,,,Debit Card,5.0,4.0,False,False,,2024-08-01
ORD02798,2024-03-15,C0336,Mumbai,Clothing,Cotton Kurta,3.0,854.53,0.0,2563.59,Debit Card,4.0,2.0,False,False,,2024-03-01
ORD02602,2024-09-01,C0010,Ahmedabad,Clothing,Cotton Kurta,10.0,885.0,0.0,8845.76,Credit Card,,5.0,False,False,8845.76,2024-09-01
ORD02214,2024-12-14,C0272,Mumbai,Electronics,Smart Watch,1.0,3643.89,10.0,3279.51,Debit Card,,,False,False,3279.51,2024-12-01
ORD01138,2024-03-16,C0143,Mumbai,Books,Cookbook,1.0,,25.0,455.0,Net Banking,5.0,4.0,False,False,455.0,2024-03-01
ORD02770,2024-06-30,C0351,Hyderabad,Books,Textbook,3.0,1217.09,0.0,3651.2699999999995,Credit Card,6.0,2.0,False,False,,2024-06-01
ORD02759,2024-02-06,C0310,Mumbai,Clothing,Running Shoes,3.0,2405.0,10.0,6494.39,Debit Card,,1.0,False,False,6494.39,2024-02-01
ORD02894,,C0342,Kolkata,Electronics,Wireless Earbuds,1.0,2265.0,0.0,2264.79,Net Banking,2.0,4.0,False,False,2264.79,
ORD02878,2024-03-09,C0378,Mumbai,Home,Bedsheet Set,2.0,1118.0,0.0,2235.0,Credit Card,5.0,2.0,False,False,2235.0,2024-03-01
ORD01340,2024-03-07,C0054,Kolkata,Home,Bedsheet Set,,1190.35,5.0,3392.49,Credit Card,,4.0,False,False,3392.49,2024-03-01
ORD02541,2024-05-27,C0175,Hyderabad,Home,Table Lamp,1.0,691.0,5.0,656.14,COD,0.0,3.0,False,False,656.14,2024-05-01
ORD00454,2024-11-20,C0325,Bengaluru,Electronics,Power Bank,1.0,1199.25,15.0,1019.36,COD,,3.0,False,False,1019.36,2024-11-01
ORD00914,2024-03-17,C0145,Mumbai,Electronics,Power Bank,,1421.58,5.0,1350.5,Net Banking,1.0,4.5,False,False,1350.5,2024-03-01
ORD01200,2025-05-04,C0473,Ahmedabad,Grocery,Olive Oil 1L,2.0,813.0,20.0,1300.19,COD,,,False,False,1300.19,2025-05-01
ORD01275,2025-05-31,C0279,Mumbai,Electronics,Power Bank,5.0,1172.68,15.0,4983.89,Net Banking,3.0,5.0,False,False,,2025-05-01
ORD02097,2024-11-07,C0147,Delhi,Home,Pressure Cooker,1.0,2817.57,10.0,2536.0,UPI,5.0,3.0,False,False,2536.0,2024-11-01
ORD00038,2024-02-14,C0052,Ahmedabad,Electronics,Smart Watch,1.0,,15.0,3621.16,Debit Card,1.0,5.0,False,False,3621.16,2024-02-01
ORD00975,2024-01-13,C0393,Chennai,Books,Cookbook,1.0,623.0,5.0,591.85,Debit Card,6.0,3.0,False,False,,2024-01-01
ORD02827,2024-07-06,C0175,Hyderabad,Grocery,Basmati Rice 5kg,1.0,604.0,,604.39,Debit Card,2.0,5.0,False,False,604.39,2024-07-01
ORD00984,2024-01-28,C0375,Bengaluru,Electronics,Power Bank,3.0,1320.0,0.0,3960.0,Credit Card,2.0,3.0,False,False,,2024-01-01
ORD02376,2024-09-10,C0290,Kolkata,Grocery,Basmati Rice 5kg,1.0,523.25,,471.0,Net Banking,4.0,2.0,False,False,471.0,2024-09-01
ORD02055,2024-07-29,C0318,Kolkata,Books,Cookbook,1.0,690.0,0.0,690.22,Debit Card,3.0,,False,False,690.22,2024-07-01
ORD01419,2025-05-11,C0463,Ahmedabad,Home,Table Lamp,5.0,,0.0,3927.46,Debit Card,1.0,3.0,False,False,3927.46,2025-05-01
ORD01285,2025-02-10,C0477,Kolkata,Books,Cookbook,4.0,686.0,0.0,2742.0,UPI,1.0,3.0,False,False,2742.0,2025-02-01
ORD00040,2024-12-07,C0087,Bengaluru,Electronics,Power Bank,10.0,1417.59,0.0,14176.0,COD,6.0,2.0,False,False,14176.0,2024-12-01
ORD01487,2024-07-15,C0238,Delhi,Books,Cookbook,5.0,656.0,,2953.29,UPI,2.0,5.0,False,False,2953.29,2024-07-01
ORD01873,2024-02-18,C0474,Ahmedabad,Grocery,Basmati Rice 5kg,2.0,532.0,10.0,958.09,Net Banking,6.0,,False,False,958.09,2024-02-01
ORD00170,2025-03-18,,Mumbai,Electronics,Power Bank,3.0,1318.06,5.0,3756.0,Credit Card,5.0,,False,False,3756.0,2025-03-01
ORD01356,2024-04-14,C0263,Kolkata,Grocery,Basmati Rice 5kg,3.0,589.0,0.0,1768.33,UPI,3.0,3.0,False,False,1768.33,2024-04-01
ORD00738,2024-09-09,C0297,Delhi,Grocery,Basmati Rice 5kg,1.0,545.86,0.0,545.86,UPI,4.0,,False,False,545.86,2024-09-01
ORD02495,2024-07-23,C0496,Delhi,Grocery,Olive Oil 1L,4.0,775.9,,3103.59,UPI,5.0,,False,False,3103.59,2024-07-01
ORD02755,2024-08-08,C0339,Ahmedabad,Home,Pressure Cooker,2.0,3058.3,10.0,5505.0,Debit Card,4.0,4.0,False,False,5505.0,2024-08-01
ORD02224,2024-11-14,C0063,Mumbai,Grocery,Basmati Rice 5kg,5.0,,0.0,,Credit Card,7.0,1.0,False,False,,2024-11-01
ORD00635,2024-08-17,C0474,Ahmedabad,Grocery,Coffee 500g,2.0,454.0,10.0,817.0,Debit Card,5.0,,False,False,817.0,2024-08-01
ORD02702,2024-04-25,C0044,Delhi,Books,Cookbook,1.0,,15.0,,Net Banking,3.0,4.0,False,False,,2024-04-01
ORD02011,2025-04-04,C0035,Kolkata,Clothing,Cotton Kurta,1.0,856.25,5.0,813.4375,Net Banking,4.0,,False,False,,2025-04-01
ORD01291,2024-12-25,C0186,Hyderabad,Grocery,Basmati Rice 5kg,3.0,576.77,0.0,1730.0,UPI,1.0,3.0,False,False,1730.0,2024-12-01
ORD01381,2024-01-01,C0350,Delhi,Home,Bedsheet Set,2.0,1216.78,,,Credit Card,1.0,4.5,False,False,,2024-01-01
ORD00580,2024-01-31,C0395,Ahmedabad,Clothing,Cotton Kurta,5.0,885.47,20.0,3541.8800000000006,Debit Card,,5.0,False,False,,2024-01-01
ORD00329,2024-12-29,C0361,Hyderabad,Clothing,Cotton Kurta,1.0,,0.0,887.0,Credit Card,8.0,3.0,False,False,887.0,2024-12-01
ORD02771,2025-02-04,C0131,Delhi,Electronics,Wireless Earbuds,3.0,2413.0,0.0,7239.77,,8.0,,False,False,7239.77,2025-02-01
ORD00893,2024-01-21,C0221,Kolkata,Home,Table Lamp,2.0,779.13,25.0,1168.69,UPI,,4.0,False,False,1168.69,2024-01-01
ORD01939,2025-02-07,C0008,Ahmedabad,Books,Novel,5.0,385.82,0.0,1929.11,UPI,1.0,,False,False,1929.11,2025-02-01
ORD00781,2024-09-09,C0322,Delhi,Home,Table Lamp,2.0,753.0,,1505.57,Net Banking,8.0,4.0,False,False,1505.57,2024-09-01
ORD00160,2024-03-08,C0269,Kolkata,Grocery,Coffee 500g,1.0,,0.0,412.14,Debit Card,3.0,5.0,False,False,412.14,2024-03-01
ORD02060,,C0472,Hyderabad,Books,Textbook,2.0,1294.0,0.0,2587.56,Credit Card,1.0,,False,False,2587.56,
ORD01736,,C0221,Kolkata,Home,Table Lamp,1.0,,0.0,795.0,Debit Card,4.0,5.0,False,False,795.0,
ORD02372,2024-05-30,C0127,Mumbai,Books,Cookbook,1.0,618.67,15.0,526.0,Credit Card,5.0,4.0,False,False,526.0,2024-05-01
ORD00062,2025-03-22,C0489,Kolkata,Books,Novel,1.0,,5.0,390.57,COD,6.0,4.0,False,False,390.57,2025-03-01
ORD00850,,C0115,Delhi,Grocery,Basmati Rice 5kg,1.0,,10.0,530.57,COD,4.0,,False,False,530.57,
ORD02175,2024-05-26,C0042,Mumbai,Clothing,Cotton Kurta,1.0,,20.0,788.0,COD,5.0,5.0,False,False,788.0,2024-05-01
ORD02950,2024-12-31,C0015,Delhi,Clothing,Denim Jeans,1.0,1440.0,0.0,1439.69,UPI,5.0,,False,False,1439.69,2024-12-01
ORD01691,,C0271,Hyderabad,Clothing,Denim Jeans,4.0,,5.0,5802.35,Credit Card,,,False,False,5802.35,
ORD01044,2025-03-13,C0349,Mumbai,Electronics,Wireless Earbuds,5.0,2586.88,10.0,11640.960000000001,Net Banking,1.0,5.0,False,False,,2025-03-01
ORD02565,2024-12-16,C0261,Delhi,Electronics,Smart Watch,3.0,4150.0,5.0,11827.0,Net Banking,5.0,4.0,False,False,11827.0,2024-12-01
ORD01545,2024-06-27,C0440,Chennai,Home,Bedsheet Set,3.0,1086.0,10.0,2931.0,Credit Card,3.0,5.0,False,False,2931.0,2024-06-01
ORD02958,2024-09-20,C0221,Kolkata,Electronics,Power Bank,1.0,1364.32,0.0,1364.0,Net Banking,5.0,1.0,False,False,1364.0,2024-09-01
ORD01845,2024-10-06,C0476,Delhi,Clothing,Cotton Kurta,1.0,,0.0,829.83,Debit Card,5.0,4.0,False,False,829.83,2024-10-01
ORD01071,2024-06-23,C0416,Kolkata,Home,Table Lamp,3.0,,10.0,2114.0,Credit Card,4.0,3.0,False,False,2114.0,2024-06-01
ORD00054,2024-04-09,C0267,Mumbai,Books,Textbook,3.0,1361.0,20.0,3265.99,COD,3.0,3.0,False,False,3265.99,2024-04-01
ORD02658,2024-05-03,C0230,Kolkata,Clothing,Denim Jeans,4.0,,10.0,5352.33,UPI,,2.0,False,False,5352.33,2024-05-01
ORD00259,2024-11-14,C0455,Mumbai,Home,Pressure Cooker,1.0,2845.0,0.0,2845.03,UPI,,2.0,False,False,2845.03,2024-11-01
ORD00506,2025-02-11,C0359,Delhi,Clothing,Denim Jeans,1.0,1482.27,15.0,1259.9295,Credit Card,2.0,,False,True,2849.79,2025-02-01
ORD00753,2024-12-09,C0204,Mumbai,Grocery,Basmati Rice 5kg,2.0,541.89,15.0,921.0,,1.0,4.0,False,False,921.0,2024-12-01
ORD02980,2024-11-09,C0076,Kolkata,Books,Cookbook,1.0,613.0,15.0,521.0,UPI,5.0,,False,False,521.0,2024-11-01
ORD00218,2024-04-18,C0480,Delhi,Home,Table Lamp,1.0,732.94,10.0,659.65,Credit Card,3.0,,False,False,659.65,2024-04-01
ORD00825,2024-08-23,C0091,Mumbai,Electronics,Smart Watch,,3877.44,0.0,,Credit Card,5.0,5.0,False,False,,2024-08-01
ORD02321,2025-06-11,C0232,Kolkata,Home,Pressure Cooker,4.0,2879.97,25.0,8639.91,UPI,1.0,,False,False,8639.91,2025-06-01
ORD01390,2024-11-14,C0426,Mumbai,Books,Cookbook,1.0,700.23,0.0,700.0,COD,3.0,5.0,False,False,700.0,2024-11-01
ORD02554,2024-07-07,C0234,Ahmedabad,Grocery,Olive Oil 1L,2.0,726.83,5.0,1380.97,Debit Card,3.0,2.0,False,False,1380.97,2024-07-01
ORD01267,2025-06-04,C0475,Mumbai,Grocery,Coffee 500g,5.0,410.0,5.0,1949.47,Debit Card,1.0,,False,False,1949.47,2025-06-01
ORD02515,2025-02-20,C0003,Chennai,Books,Cookbook,4.0,617.65,0.0,2471.0,UPI,5.0,4.0,False,False,2471.0,2025-02-01
ORD01796,2025-01-07,C0341,Mumbai,Clothing,Denim Jeans,4.0,1444.93,0.0,5780.0,Net Banking,3.0,4.0,False,False,5780.0,2025-01-01
ORD00772,2024-06-13,C0347,Chennai,Clothing,Cotton Kurta,1.0,932.71,5.0,886.08,Credit Card,,3.0,False,False,886.08,2024-06-01
ORD02860,2024-09-12,C0400,Delhi,Electronics,Wireless Earbuds,2.0,2641.0,0.0,5281.0,Credit Card,2.0,5.0,False,False,5281.0,2024-09-01
ORD02814,2025-06-03,C0407,Kolkata,Home,Table Lamp,4.0,735.86,0.0,2943.0,Credit Card,1.0,1.0,False,False,2943.0,2025-06-01
ORD02740,2024-07-17,C0015,Delhi,Home,Table Lamp,,,5.0,2739.75,Net Banking,3.0,,False,False,2739.75,2024-07-01
ORD01086,2025-02-19,C0041,Bengaluru,Grocery,Coffee 500g,1.0,382.87,0.0,383.0,Credit Card,,4.0,False,False,383.0,2025-02-01
ORD01804,2025-05-21,C0413,Mumbai,Electronics,Power Bank,2.0,1265.62,20.0,2025.0,UPI,1.0,5.0,False,False,2025.0,2025-05-01
ORD01613,2024-07-06,C0470,Mumbai,Clothing,Running Shoes,5.0,2407.39,0.0,12036.949999999999,Debit Card,3.0,5.0,False,False,,2024-07-01
ORD01326,2024-04-15,C0177,Mumbai,Electronics,Power Bank,,1397.0,0.0,1396.9,COD,2.0,2.0,False,False,1396.9,2024-04-01
ORD02165,2024-04-20,C0225,Ahmedabad,Grocery,Basmati Rice 5kg,2.0,561.57,0.0,1123.13,Debit Card,4.0,5.0,False,False,1123.13,2024-04-01
ORD02526,2024-06-27,,Mumbai,Electronics,Smart Watch,4.0,,25.0,,Credit Card,1.0,5.0,False,False,,2024-06-01
ORD01799,2024-12-18,C0205,Bengaluru,Electronics,Wireless Earbuds,2.0,,20.0,4213.35,UPI,6.0,,False,False,4213.35,2024-12-01
ORD01814,2025-02-13,C0434,Kolkata,Books,Textbook,1.0,1313.0,20.0,1050.0,Net Banking,4.0,,False,False,1050.0,2025-02-01
ORD02125,2024-08-21,C0228,Kolkata,Home,Table Lamp,2.0,718.3,10.0,1293.0,Net Banking,5.0,5.0,False,False,1293.0,2024-08-01
ORD01781,2024-08-30,C0174,Delhi,Grocery,Olive Oil 1L,1.0,781.0,5.0,742.0,UPI,2.0,,False,False,742.0,2024-08-01
ORD02742,2024-11-08,C0310,Mumbai,Home,Table Lamp,4.0,757.51,0.0,3030.02,COD,6.0,4.0,False,False,3030.02,2024-11-01
ORD01164,2024-09-22,C0075,Kolkata,Clothing,Denim Jeans,3.0,1756.0,0.0,5268.0,Credit Card,5.0,4.0,False,False,5268.0,2024-09-01
ORD00964,2024-05-20,C0149,Kolkata,Grocery,Basmati Rice 5kg,3.0,520.38,25.0,1170.855,Net Banking,5.0,3.0,False,False,,2024-05-01
ORD02960,2024-08-08,C0020,Ahmedabad,Grocery,Olive Oil 1L,3.0,820.0,0.0,2459.0,Credit Card,3.0,1.0,False,False,2459.0,2024-08-01
ORD01745,2024-08-03,C0431,Delhi,Home,Pressure Cooker,1.0,2942.0,0.0,2942.0,Credit Card,6.0,4.0,False,False,2942.0,2024-08-01
ORD00399,2024-03-14,C0439,Ahmedabad,Home,Bedsheet Set,2.0,1108.36,10.0,1995.0,UPI,2.0,4.0,False,False,1995.0,2024-03-01
ORD00585,2024-01-09,C0270,Ahmedabad,Grocery,Olive Oil 1L,2.0,,0.0,,Net Banking,1.0,4.0,False,False,,2024-01-01
ORD00949,2024-05-23,C0114,Mumbai,Home,Bedsheet Set,1.0,1221.86,0.0,1222.0,Credit Card,2.0,4.0,False,False,1222.0,2024-05-01
ORD00705,,C0206,Mumbai,Home,Table Lamp,1.0,723.88,10.0,651.0,COD,5.0,4.0,False,False,651.0,
ORD00432,2024-01-24,C0326,Hyderabad,Books,Cookbook,1.0,623.72,0.0,623.72,Net Banking,3.0,4.0,False,False,,2024-01-01
ORD00293,2024-02-11,C0077,Kolkata,Books,Cookbook,1.0,625.4,5.0,594.0,UPI,1.0,,False,False,594.0,2024-02-01
ORD00146,2024-02-22,C0156,Delhi,Clothing,Running Shoes,1.0,2338.39,10.0,2104.551,UPI,7.0,5.0,False,False,,2024-02-01
ORD00324,2024-05-11,C0377,Kolkata,Electronics,Smart Watch,2.0,3771.0,10.0,6787.0,Debit Card,5.0,5.0,False,False,6787.0,2024-05-01
ORD02154,2024-05-03,C0103,Mumbai,Grocery,Olive Oil 1L,2.0,744.74,20.0,1191.58,UPI,6.0,5.0,False,False,1191.58,2024-05-01
ORD01166,2024-09-10,C0361,Hyderabad,Home,Pressure Cooker,2.0,3046.0,0.0,6091.0,Credit Card,4.0,2.0,False,False,6091.0,2024-09-01
ORD01453,2025-02-26,C0371,Mumbai,Electronics,Wireless Earbuds,1.0,,10.0,2105.19,COD,2.0,4.0,False,False,2105.19,2025-02-01
ORD00003,2025-05-08,C0242,Chennai,Books,Novel,1.0,417.75,15.0,355.09,Net Banking,1.0,,False,False,355.09,2025-05-01
ORD00577,2024-03-31,C0054,Kolkata,Books,Novel,2.0,420.87,0.0,841.74,Net Banking,5.0,4.0,False,True,1975.89,2024-03-01
ORD02348,2024-03-12,C0488,Mumbai,Home,Table Lamp,5.0,758.41,10.0,3412.845,COD,2.0,2.0,False,False,,2024-03-01
ORD00340,2024-09-11,C0209,Chennai,Clothing,Running Shoes,1.0,,20.0,1920.02,Credit Card,4.0,5.0,False,False,1920.02,2024-09-01
ORD01869,2025-02-03,C0330,Ahmedabad,Clothing,Running Shoes,4.0,2214.03,0.0,8856.0,Debit Card,3.0,3.0,False,False,8856.0,2025-02-01
ORD02247,2024-06-11,C0455,Mumbai,Grocery,Olive Oil 1L,3.0,767.48,5.0,2187.0,Debit Card,8.0,4.0,False,False,2187.0,2024-06-01
ORD00926,2024-12-25,C0272,Mumbai,Home,Pressure Cooker,3.0,2628.98,0.0,7887.0,,7.0,5.0,False,False,7887.0,2024-12-01
ORD00266,,C0295,Chennai,Grocery,Coffee 500g,,398.05,5.0,1134.44,COD,3.0,4.0,False,False,1134.44,
ORD00377,2025-01-13,C0215,Mumbai,Clothing,Cotton Kurta,2.0,952.46,,1523.94,Credit Card,,4.0,False,False,1523.94,2025-01-01
ORD01953,2024-11-08,C0400,Delhi,Electronics,Smart Watch,1.0,3775.39,20.0,3020.0,Credit Card,6.0,,False,False,3020.0,2024-11-01
ORD01464,2024-11-08,C0233,Chennai,Books,Novel,1.0,413.0,0.0,412.9,UPI,,5.0,False,False,412.9,2024-11-01
ORD00272,2024-09-05,C0208,Delhi,Electronics,Wireless Earbuds,1.0,2481.0,0.0,2481.44,Net Banking,6.0,1.0,False,False,2481.44,2024-09-01
ORD00697,,C0126,Hyderabad,Books,Textbook,1.0,1175.07,,1058.0,COD,3.0,5.0,False,False,1058.0,
ORD00245,2024-02-01,C0475,Mumbai,Electronics,Power Bank,4.0,1380.85,0.0,5523.0,Credit Card,6.0,4.0,False,False,5523.0,2024-02-01
ORD02871,2024-10-19,C0079,Bengaluru,Grocery,Basmati Rice 5kg,1.0,547.89,10.0,493.1,Credit Card,8.0,,False,False,493.1,2024-10-01
ORD00477,2024-10-16,C0183,Chennai,Home,Bedsheet Set,1.0,,0.0,1083.0,UPI,3.0,3.0,False,False,1083.0,2024-10-01
ORD01778,2025-03-07,C0388,Chennai,Home,Pressure Cooker,1.0,2827.0,5.0,2685.99,COD,2.0,2.0,False,False,2685.99,2025-03-01
ORD01808,2024-01-21,C0119,Kolkata,Home,Pressure Cooker,2.0,,0.0,6016.88,Net Banking,3.0,4.0,False,False,6016.88,2024-01-01
ORD01938,2024-11-29,C0050,Delhi,Clothing,Cotton Kurta,,824.98,,701.0,UPI,2.0,5.0,False,False,701.0,2024-11-01
ORD02705,2024-01-31,C0322,Delhi,Home,Pressure Cooker,2.0,2971.0,0.0,5943.0,COD,1.0,4.0,False,False,5943.0,2024-01-01
ORD02590,2024-07-13,C0035,Kolkata,Books,Textbook,3.0,1215.01,0.0,3645.0299999999997,Credit Card,5.0,4.0,False,False,,2024-07-01
ORD02841,2024-03-08,C0423,Mumbai,Electronics,Wireless Earbuds,2.0,2554.94,25.0,3832.41,COD,,,False,False,3832.41,2024-03-01
ORD02016,2025-02-17,C0140,Bengaluru,Books,Novel,2.0,421.0,0.0,841.84,Credit Card,2.0,,False,False,841.84,2025-02-01
ORD02822,2025-05-06,C0420,Ahmedabad,Grocery,Coffee 500g,5.0,457.13,0.0,2286.0,Credit Card,2.0,,False,False,2286.0,2025-05-01
ORD00251,2025-06-01,C0054,Kolkata,Home,Bedsheet Set,2.0,,0.0,2398.52,Credit Card,3.0,5.0,False,False,2398.52,2025-06-01
ORD00414,2024-12-21,C0478,Chennai,Books,Textbook,3.0,1232.0,15.0,3141.0,Credit Card,,5.0,False,False,3141.0,2024-12-01
ORD00546,2024-10-16,C0281,Delhi,Electronics,Smart Watch,2.0,,0.0,,Debit Card,2.0,2.0,False,False,,2024-10-01
ORD01194,2025-03-25,C0032,Ahmedabad,Grocery,Coffee 500g,2.0,457.03,20.0,731.0,Credit Card,3.0,3.0,False,False,731.0,2025-03-01
ORD00739,2024-03-25,C0396,Mumbai,Clothing,Cotton Kurta,10.0,945.0,15.0,8032.75,Debit Card,7.0,3.0,False,False,8032.75,2024-03-01
ORD00311,2024-10-21,C0324,Mumbai,Home,Table Lamp,1.0,819.0,,695.8,Credit Card,2.0,3.0,False,False,695.8,2024-10-01
ORD01772,2025-01-19,C0289,Mumbai,Electronics,Power Bank,3.0,,5.0,6386.0,Debit Card,3.0,4.0,False,False,6386.0,2025-01-01
ORD00894,2024-03-18,C0456,Chennai,Electronics,Smart Watch,,4197.0,15.0,,,1.0,5.0,False,False,,2024-03-01
ORD01132,2024-07-30,C0288,Mumbai,Clothing,Running Shoes,2.0,2414.0,0.0,4827.13,Net Banking,6.0,5.0,False,False,4827.13,2024-07-01
ORD01450,2025-02-09,C0031,Kolkata,Clothing,Running Shoes,1.0,2324.39,5.0,2208.17,COD,3.0,3.0,False,False,2208.17,2025-02-01
ORD02965,2024-12-04,C0327,Hyderabad,Home,Bedsheet Set,2.0,1265.0,25.0,1898.0,Net Banking,8.0,4.0,False,False,1898.0,2024-12-01
ORD00016,2024-08-11,C0336,Mumbai,Home,Pressure Cooker,1.0,,0.0,2908.7,Credit Card,1.0,,False,False,2908.7,2024-08-01
ORD02043,2025-04-26,C0101,Bengaluru,Clothing,Denim Jeans,2.0,1637.44,10.0,2947.0,COD,4.0,4.0,False,False,2947.0,2025-04-01
ORD00722,2024-06-18,C0079,Bengaluru,Home,Bedsheet Set,2.0,1150.78,15.0,1956.3259999999998,Net Banking,3.0,5.0,False,False,,2024-06-01
ORD01421,2025-01-03,C0148,Ahmedabad,Clothing,Denim Jeans,2.0,1492.97,,2986.0,COD,3.0,,False,False,2986.0,2025-01-01
ORD02688,2024-04-24,C0356,Chennai,Books,Cookbook,1.0,624.16,15.0,531.0,Credit Card,3.0,5.0,False,False,531.0,2024-04-01
ORD00982,2025-04-22,C0122,Mumbai,Clothing,Cotton Kurta,1.0,935.0,15.0,795.03,Net Banking,5.0,3.0,False,False,795.03,2025-04-01
ORD01964,2025-03-01,C0312,Bengaluru,Home,Table Lamp,2.0,775.0,10.0,1395.0,UPI,1.0,1.0,False,False,,2025-03-01
ORD01540,2024-03-10,C0004,Mumbai,Clothing,Cotton Kurta,2.0,818.49,10.0,1473.29,Debit Card,,4.0,False,False,1473.29,2024-03-01
ORD02583,2024-07-21,C0417,Chennai,Grocery,Basmati Rice 5kg,1.0,,20.0,,Debit Card,,4.0,False,False,,2024-07-01
ORD01551,2024-05-14,C0497,Kolkata,Home,Table Lamp,1.0,,,649.16,Net Banking,1.0,3.0,False,False,649.16,2024-05-01
ORD02471,2025-03-18,C0473,Ahmedabad,Home,Pressure Cooker,1.0,2855.83,0.0,2856.0,COD,0.0,,False,False,2856.0,2025-03-01
ORD00364,2025-04-19,C0358,Bengaluru,Grocery,Coffee 500g,3.0,392.37,0.0,1177.1100000000001,Net Banking,4.0,,False,True,2079.98,2025-04-01
ORD00983,2024-03-13,C0227,Ahmedabad,Home,Table Lamp,3.0,722.06,,,Credit Card,,,False,False,,2024-03-01
ORD00183,2024-07-01,C0494,Bengaluru,Clothing,Denim Jeans,2.0,1657.9,5.0,3150.0,COD,1.0,3.0,False,False,3150.0,2024-07-01
ORD00986,2024-03-08,C0211,Hyderabad,Electronics,Wireless Earbuds,1.0,2651.0,0.0,2651.33,Credit Card,1.0,,False,False,2651.33,2024-03-01
ORD02068,2024-01-15,C0154,Bengaluru,Home,Bedsheet Set,5.0,1162.15,0.0,5810.73,Credit Card,5.0,5.0,False,False,5810.73,2024-01-01
ORD01195,2025-06-02,C0229,Delhi,Clothing,Denim Jeans,5.0,1532.0,20.0,6129.18,COD,4.0,2.0,False,False,6129.18,2025-06-01
ORD02150,2025-05-26,C0049,Ahmedabad,Clothing,Cotton Kurta,10.0,834.54,0.0,8345.0,Debit Card,4.0,3.0,False,False,8345.0,2025-05-01
ORD02701,2024-12-25,C0347,Chennai,Books,Textbook,1.0,,20.0,944.58,UPI,5.0,4.0,False,False,944.58,2024-12-01
ORD01122,2024-09-16,C0065,Delhi,Electronics,Smart Watch,5.0,3735.0,0.0,18676.91,Credit Card,4.0,5.0,False,False,18676.91,2024-09-01
ORD00188,2024-11-25,C0494,Bengaluru,Clothing,Running Shoes,,,5.0,5146.21,COD,1.0,4.0,False,False,5146.21,2024-11-01
ORD00620,2024-07-22,C0198,Kolkata,Books,Novel,2.0,393.22,0.0,786.44,Credit Card,1.0,3.0,False,False,,2024-07-01
ORD02644,2025-04-12,C0193,Bengaluru,Home,Pressure Cooker,2.0,2974.23,25.0,4461.0,COD,7.0,1.0,False,False,4461.0,2025-04-01
ORD01176,2025-02-20,C0069,Ahmedabad,Books,Novel,1.0,434.0,20.0,347.15,Credit Card,5.0,,False,False,347.15,2025-02-01
ORD01183,2024-11-30,C0247,Bengaluru,Books,Textbook,1.0,,5.0,1202.73,Net Banking,5.0,1.0,False,False,1202.73,2024-11-01
ORD02432,2024-01-29,C0227,Ahmedabad,Electronics,Smart Watch,5.0,4306.0,20.0,17222.0,COD,4.0,3.0,False,False,17222.0,2024-01-01
ORD02246,2025-05-29,C0449,Hyderabad,Grocery,Olive Oil 1L,,743.53,10.0,,Debit Card,2.0,4.0,False,False,,2025-05-01
ORD00615,2024-04-02,C0467,Ahmedabad,Home,Bedsheet Set,4.0,,20.0,3754.16,UPI,2.0,4.0,False,False,3754.16,2024-04-01
ORD01514,2024-05-17,C0425,Chennai,Home,Pressure Cooker,1.0,2856.26,0.0,2856.26,Debit Card,4.0,3.0,False,False,2856.26,2024-05-01
ORD01467,2024-09-18,C0491,Kolkata,Grocery,Coffee 500g,2.0,428.0,5.0,813.84,Net Banking,7.0,,False,False,813.84,2024-09-01
ORD00402,2024-01-29,C0119,Kolkata,Books,Textbook,1.0,1318.0,0.0,1317.62,Credit Card,4.0,4.0,False,False,1317.62,2024-01-01
ORD00995,2024-05-07,C0417,Chennai,Clothing,Cotton Kurta,1.0,877.24,0.0,877.0,Debit Card,,,False,False,877.0,2024-05-01
ORD00935,2025-03-07,C0433,Chennai,Home,Table Lamp,4.0,693.96,10.0,2498.0,UPI,1.0,,False,False,2498.0,2025-03-01
ORD00372,2024-09-05,C0396,Mumbai,Clothing,Denim Jeans,3.0,,,,Credit Card,3.0,5.0,False,False,,2024-09-01
ORD02015,2024-11-12,C0336,Mumbai,Home,Bedsheet Set,2.0,1151.0,0.0,2301.56,UPI,5.0,4.0,False,False,2301.56,2024-11-01
ORD02211,2024-05-28,C0408,Bengaluru,Clothing,Denim Jeans,2.0,1500.79,0.0,3001.58,Credit Card,6.0,3.0,False,False,,2024-05-01
ORD00594,2025-04-26,C0343,Ahmedabad,Books,Novel,2.0,367.18,10.0,661.0,COD,,,False,False,661.0,2025-04-01
ORD02003,2024-04-01,C0157,Chennai,Clothing,Denim Jeans,1.0,1683.0,0.0,1682.85,Credit Card,,,False,False,1682.85,2024-04-01
ORD00727,,C0374,Bengaluru,Electronics,Power Bank,10.0,1296.0,15.0,11016.0,UPI,6.0,2.0,False,False,,
ORD00827,2025-04-03,C0445,Mumbai,Grocery,Basmati Rice 5kg,1.0,577.68,10.0,520.0,UPI,4.0,4.0,False,False,520.0,2025-04-01
ORD01757,2025-01-30,C0273,Mumbai,Grocery,Basmati Rice 5kg,2.0,503.53,10.0,906.35,COD,3.0,,False,False,906.35,2025-01-01
ORD00688,,C0479,Hyderabad,Books,Novel,,417.0,,,Credit Card,7.0,,False,False,,
ORD02261,2024-09-09,C0362,Bengaluru,Grocery,Basmati Rice 5kg,1.0,586.79,25.0,440.09,COD,4.0,5.0,False,False,440.09,2024-09-01
ORD00137,2025-02-14,C0203,Ahmedabad,Electronics,Wireless Earbuds,1.0,2534.36,0.0,2534.36,COD,4.0,5.0,False,False,2534.36,2025-02-01
ORD02499,2024-02-19,C0358,Bengaluru,Home,Pressure Cooker,1.0,2782.65,,2782.65,Credit Card,5.0,,False,False,2782.65,2024-02-01
ORD00629,2024-08-08,C0444,Mumbai,Electronics,Wireless Earbuds,1.0,2433.82,20.0,1947.06,COD,7.0,4.0,False,False,1947.06,2024-08-01
ORD00335,2024-08-26,C0071,Delhi,Home,Table Lamp,1.0,815.93,20.0,652.74,Net Banking,6.0,3.0,False,False,652.74,2024-08-01
ORD00391,2024-06-20,C0274,Chennai,Electronics,Wireless Earbuds,2.0,2496.84,5.0,4744.0,Credit Card,7.0,3.0,False,False,4744.0,2024-06-01
ORD02357,2024-12-15,C0223,Chennai,Home,Table Lamp,5.0,797.81,0.0,3989.0499999999997,UPI,2.0,5.0,False,True,6121.0,2024-12-01
ORD01110,2024-08-16,C0371,Mumbai,Clothing,Cotton Kurta,2.0,947.89,10.0,1706.0,Debit Card,6.0,3.0,False,False,1706.0,2024-08-01
ORD01823,2024-05-03,C0399,Mumbai,Clothing,Denim Jeans,5.0,1723.94,0.0,8620.0,Net Banking,3.0,4.0,False,False,8620.0,2024-05-01
ORD02754,2025-02-18,C0329,Hyderabad,Electronics,Smart Watch,2.0,4147.19,0.0,8294.39,Debit Card,4.0,,False,False,8294.39,2025-02-01
ORD00711,2025-01-25,C0413,Mumbai,Home,Pressure Cooker,1.0,2795.0,5.0,2654.87,,,5.0,False,False,2654.87,2025-01-01
ORD01040,2024-09-23,C0367,Mumbai,Electronics,Wireless Earbuds,10.0,2716.56,10.0,24449.04,Net Banking,,4.0,False,False,,2024-09-01
ORD02637,2025-03-05,C0208,Delhi,Clothing,Cotton Kurta,4.0,,20.0,2639.95,UPI,4.0,3.0,False,False,2639.95,2025-03-01
ORD01940,2024-01-17,C0388,Chennai,Clothing,Running Shoes,1.0,2195.0,0.0,2195.0,Net Banking,2.0,,False,True,3807.0,2024-01-01
ORD02649,2025-06-18,C0178,Mumbai,Grocery,Basmati Rice 5kg,3.0,508.0,0.0,1524.0,Net Banking,5.0,3.0,False,False,1524.0,2025-06-01
ORD01562,2024-02-20,C0023,Chennai,Books,Novel,1.0,,0.0,,Net Banking,8.0,4.5,False,False,,2024-02-01
ORD02813,2024-12-13,C0302,Chennai,Home,Pressure Cooker,10.0,2526.28,0.0,25263.0,COD,6.0,3.0,False,False,25263.0,2024-12-01
ORD01595,2024-10-13,C0205,Bengaluru,Grocery,Coffee 500g,1.0,,5.0,431.0,Credit Card,3.0,5.0,False,False,431.0,2024-10-01
ORD02906,2025-06-14,C0096,Ahmedabad,Grocery,Basmati Rice 5kg,1.0,525.35,10.0,472.81,Credit Card,5.0,5.0,False,False,472.81,2025-06-01
ORD02903,2024-09-17,C0161,Mumbai,Home,Table Lamp,1.0,814.0,,813.98,Net Banking,0.0,4.0,False,False,813.98,2024-09-01
ORD01113,2024-01-17,C0240,Mumbai,Home,Pressure Cooker,5.0,2739.0,0.0,13695.32,Debit Card,1.0,3.0,False,False,13695.32,2024-01-01
ORD00466,2024-07-10,C0259,Chennai,Books,Novel,1.0,436.14,5.0,414.33299999999997,UPI,,1.0,False,False,,2024-07-01
ORD01561,2025-03-27,C0113,Delhi,Home,Table Lamp,2.0,746.56,25.0,1119.84,Credit Card,2.0,3.0,False,False,1119.84,2025-03-01
ORD01224,2024-07-09,C0087,Bengaluru,Books,Cookbook,1.0,600.0,15.0,510.0,Net Banking,2.0,4.0,False,False,,2024-07-01
ORD02046,2024-01-30,C0135,Mumbai,Home,Table Lamp,5.0,740.34,0.0,3701.69,Net Banking,5.0,3.0,False,False,3701.69,2024-01-01
ORD02457,2024-03-26,C0086,Chennai,Clothing,Denim Jeans,1.0,1582.11,10.0,1423.9,Credit Card,,5.0,False,False,1423.9,2024-03-01
ORD01509,2024-05-22,C0088,Delhi,Grocery,Coffee 500g,2.0,464.74,0.0,929.0,Debit Card,3.0,3.0,False,False,929.0,2024-05-01
ORD01105,2024-11-19,C0431,Delhi,Home,Table Lamp,1.0,778.66,0.0,779.0,Debit Card,3.0,4.0,False,False,779.0,2024-11-01
ORD00661,2024-06-04,C0491,Kolkata,Grocery,Coffee 500g,1.0,454.77,0.0,455.0,Credit Card,3.0,,False,False,455.0,2024-06-01
ORD00339,2024-09-21,C0274,Chennai,Clothing,Denim Jeans,1.0,,,,Credit Card,5.0,5.0,False,False,,2024-09-01
ORD00216,2024-12-21,C0075,Kolkata,Grocery,Coffee 500g,1.0,417.0,10.0,375.0,Net Banking,,5.0,False,False,375.0,2024-12-01
ORD01616,2024-10-06,C0329,Hyderabad,Home,Bedsheet Set,1.0,1155.08,0.0,1155.0,Debit Card,1.0,4.0,False,False,1155.0,2024-10-01
ORD02009,2024-06-26,C0101,Bengaluru,Electronics,Wireless Earbuds,1.0,,5.0,5973.0,Credit Card,1.0,4.0,False,False,5973.0,2024-06-01
ORD02567,2024-12-08,C0145,Mumbai,Electronics,Wireless Earbuds,2.0,2491.58,0.0,4983.16,UPI,1.0,5.0,False,False,,2024-12-01
ORD02862,2024-04-10,C0071,Delhi,Electronics,Smart Watch,2.0,,15.0,6191.93,Debit Card,3.0,3.0,False,False,6191.93,2024-04-01
ORD01593,2024-04-24,C0304,Bengaluru,Home,Bedsheet Set,1.0,1239.83,15.0,1053.8555,Credit Card,3.0,4.0,False,False,,2024-04-01
ORD01925,2024-10-23,C0154,Bengaluru,Books,Novel,1.0,,0.0,399.03,Net Banking,2.0,4.0,False,False,399.03,2024-10-01
ORD01767,2024-08-16,C0330,Ahmedabad,Electronics,Smart Watch,3.0,3784.8,0.0,11354.39,Net Banking,3.0,5.0,False,False,11354.39,2024-08-01
ORD02575,2024-03-26,C0323,Bengaluru,Home,Pressure Cooker,1.0,2930.76,15.0,2491.146,Debit Card,4.0,5.0,False,False,,2024-03-01
ORD00817,2025-04-18,C0486,Mumbai,Books,Textbook,1.0,1151.05,15.0,978.3924999999999,COD,2.0,,False,False,,2025-04-01
ORD01068,2024-08-11,C0228,Kolkata,Clothing,Denim Jeans,,1669.0,0.0,1669.32,UPI,4.0,4.0,False,False,1669.32,2024-08-01
ORD02548,2024-01-01,C0043,Delhi,Clothing,Cotton Kurta,4.0,945.0,0.0,3778.02,Credit Card,1.0,3.0,False,False,3778.02,2024-01-01
ORD00275,2024-03-28,C0345,Hyderabad,Home,Pressure Cooker,1.0,2880.51,15.0,2448.43,UPI,3.0,,False,False,2448.43,2024-03-01
ORD02291,2025-01-15,C0216,Bengaluru,Electronics,Smart Watch,10.0,3640.29,10.0,32762.64,UPI,1.0,4.0,False,False,32762.64,2025-01-01
ORD00866,2024-05-13,C0141,Ahmedabad,Home,Pressure Cooker,2.0,,15.0,4731.99,Net Banking,1.0,2.0,False,False,4731.99,2024-05-01
ORD00102,2025-03-25,C0078,Hyderabad,Grocery,Basmati Rice 5kg,4.0,,10.0,1928.0,Debit Card,5.0,1.0,False,False,1928.0,2025-03-01
ORD01502,2024-09-12,C0178,Mumbai,Books,Cookbook,1.0,635.0,,572.0,COD,4.0,,False,False,572.0,2024-09-01
ORD02195,2025-01-22,C0075,Kolkata,Clothing,Cotton Kurta,4.0,871.37,0.0,3485.48,Credit Card,6.0,,False,False,,2025-01-01
ORD00172,,,Delhi,Clothing,Denim Jeans,1.0,1551.0,15.0,1319.0,Credit Card,5.0,5.0,False,False,1319.0,
ORD00108,2025-02-25,C0456,Chennai,Grocery,Basmati Rice 5kg,4.0,556.85,0.0,2227.39,Credit Card,2.0,4.0,False,False,2227.39,2025-02-01
ORD01952,2024-09-20,C0419,Bengaluru,Electronics,Wireless Earbuds,2.0,,5.0,4938.54,Debit Card,5.0,3.0,False,False,4938.54,2024-09-01
ORD01522,2024-11-25,C0381,Chennai,Electronics,Power Bank,1.0,1324.0,0.0,1324.0,UPI,,3.0,False,False,,2024-11-01
ORD02248,,C0220,Bengaluru,Clothing,Denim Jeans,3.0,1512.11,15.0,3855.87,COD,2.0,4.5,False,False,3855.87,
ORD02185,2024-06-26,C0159,Bengaluru,Home,Pressure Cooker,1.0,,0.0,2624.0,Net Banking,,,False,False,2624.0,2024-06-01
ORD01851,2024-08-06,C0486,Mumbai,Electronics,Smart Watch,1.0,4299.16,20.0,3439.33,Credit Card,2.0,5.0,False,False,3439.33,2024-08-01
ORD02085,2025-03-03,C0445,Mumbai,Electronics,Power Bank,1.0,1340.23,15.0,1139.1955,Credit Card,3.0,3.0,False,False,,2025-03-01
ORD02277,2025-03-31,C0224,Kolkata,Electronics,Wireless Earbuds,1.0,2575.0,0.0,2575.48,Net Banking,1.0,4.0,False,False,2575.48,2025-03-01
ORD02298,2025-01-20,C0455,Mumbai,Books,Textbook,2.0,1151.8,0.0,2303.61,,2.0,4.0,False,False,2303.61,2025-01-01
ORD02388,2024-03-30,C0266,Kolkata,Home,Bedsheet Set,1.0,1092.0,20.0,873.6,COD,1.0,2.0,False,False,,2024-03-01
ORD02629,2025-02-04,C0016,Mumbai,Electronics,Smart Watch,1.0,,,3682.0,UPI,2.0,5.0,False,False,3682.0,2025-02-01
ORD01846,2024-05-13,C0471,Delhi,Grocery,Basmati Rice 5kg,5.0,544.93,20.0,2180.0,COD,1.0,5.0,False,False,2180.0,2024-05-01
ORD00296,2024-07-26,C0012,Delhi,Electronics,Power Bank,1.0,1307.71,0.0,1308.0,UPI,,,False,False,1308.0,2024-07-01
ORD00713,,C0025,Kolkata,Grocery,Coffee 500g,5.0,419.94,,1889.74,Net Banking,4.0,4.0,False,False,1889.74,
ORD00073,2024-10-24,C0001,Mumbai,Books,Cookbook,2.0,599.22,15.0,1019.0,Credit Card,2.0,5.0,False,False,1019.0,2024-10-01
ORD02045,2024-10-17,C0153,Mumbai,Clothing,Denim Jeans,1.0,,0.0,,Net Banking,3.0,2.0,False,False,,2024-10-01
ORD02317,2024-11-06,C0493,Delhi,Electronics,Power Bank,1.0,1254.53,10.0,1129.08,UPI,5.0,3.0,False,False,1129.08,2024-11-01
ORD02615,2024-06-11,C0149,Kolkata,Grocery,Olive Oil 1L,3.0,855.45,0.0,2566.0,Net Banking,1.0,3.0,False,False,2566.0,2024-06-01
ORD02943,,C0340,Bengaluru,Grocery,Olive Oil 1L,4.0,849.0,0.0,3398.0,Net Banking,3.0,2.0,False,False,3398.0,
ORD00482,,C0058,Mumbai,Clothing,Denim Jeans,5.0,1448.0,10.0,6516.0,Debit Card,1.0,3.0,False,False,6516.0,
ORD02264,2024-10-09,C0013,Mumbai,Home,Bedsheet Set,2.0,,,2272.73,COD,1.0,3.0,False,False,2272.73,2024-10-01
ORD01531,2025-06-09,C0053,Ahmedabad,Home,Pressure Cooker,1.0,2585.35,,,UPI,1.0,5.0,False,False,,2025-06-01
ORD02607,2025-02-13,C0391,Delhi,Books,Novel,2.0,374.43,15.0,637.0,Debit Card,3.0,,False,False,637.0,2025-02-01
ORD01515,2024-03-11,C0186,Hyderabad,Books,Textbook,1.0,1224.0,15.0,1040.0,UPI,8.0,,False,False,1040.0,2024-03-01
ORD02739,,C0249,Hyderabad,Clothing,Denim Jeans,1.0,1446.04,0.0,1446.04,UPI,1.0,5.0,False,False,1446.04,
ORD01763,2025-06-22,C0433,Chennai,Grocery,Basmati Rice 5kg,1.0,602.0,10.0,541.8000000000001,Net Banking,1.0,,False,False,,2025-06-01
ORD01491,2024-08-03,C0031,Kolkata,Electronics,Wireless Earbuds,4.0,2281.76,0.0,9127.04,Debit Card,7.0,2.0,False,False,,2024-08-01
ORD01172,2025-03-13,C0164,Bengaluru,Home,Bedsheet Set,,1110.41,5.0,,COD,4.0,3.0,False,False,,2025-03-01
ORD02501,,C0281,Delhi,Grocery,Basmati Rice 5kg,1.0,,,564.0,Credit Card,1.0,2.0,False,False,564.0,
ORD01916,2025-04-18,C0169,Bengaluru,Books,Novel,3.0,362.92,15.0,925.45,COD,2.0,5.0,False,False,925.45,2025-04-01
ORD02594,2025-05-23,C0431,Delhi,Grocery,Coffee 500g,1.0,384.6,0.0,384.6,Credit Card,2.0,5.0,False,False,384.6,2025-05-01
ORD02118,2025-03-17,C0105,Ahmedabad,Books,Novel,4.0,375.28,0.0,1501.0,COD,8.0,1.0,False,False,1501.0,2025-03-01
ORD02284,2024-01-29,C0321,Kolkata,Grocery,Basmati Rice 5kg,1.0,534.0,0.0,533.64,Credit Card,2.0,2.0,False,False,533.64,2024-01-01
ORD02319,2025-03-29,C0316,Hyderabad,Electronics,Smart Watch,1.0,4275.76,5.0,4061.97,,3.0,4.0,False,False,4061.97,2025-03-01
ORD00406,2024-12-23,C0470,Mumbai,Grocery,Olive Oil 1L,2.0,833.12,15.0,1416.3,UPI,2.0,4.0,False,False,1416.3,2024-12-01
ORD00758,2024-05-21,C0182,Mumbai,Books,Cookbook,2.0,602.0,20.0,963.0,COD,8.0,2.0,False,False,963.0,2024-05-01
ORD02794,2024-04-03,C0381,Chennai,Books,Cookbook,3.0,,25.0,,UPI,5.0,3.0,False,False,,2024-04-01
ORD02230,2024-04-28,C0283,Ahmedabad,Clothing,Denim Jeans,5.0,1541.95,10.0,6939.0,Net Banking,3.0,5.0,False,False,6939.0,2024-04-01
ORD02290,2025-05-23,C0124,Ahmedabad,Clothing,Denim Jeans,,1456.38,5.0,,Net Banking,4.0,,False,False,,2025-05-01
ORD00098,,C0391,Delhi,Clothing,Denim Jeans,10.0,,20.0,11711.0,Credit Card,6.0,3.0,False,False,11711.0,
ORD01334,,C0187,Delhi,Electronics,Power Bank,2.0,1417.78,25.0,2126.67,COD,8.0,4.0,False,False,,
ORD02437,2025-03-21,C0309,Kolkata,Home,Pressure Cooker,4.0,2609.58,0.0,10438.32,Net Banking,3.0,,False,False,,2025-03-01
ORD00744,2024-08-03,C0175,Hyderabad,Home,Pressure Cooker,2.0,,0.0,5922.96,UPI,3.0,4.0,False,False,5922.96,2024-08-01
ORD00807,2025-06-12,C0235,Mumbai,Clothing,Denim Jeans,1.0,1480.64,5.0,1407.0,COD,7.0,,False,False,1407.0,2025-06-01
ORD02826,2024-09-11,C0121,Bengaluru,Clothing,Denim Jeans,1.0,,5.0,4199.19,COD,3.0,2.0,False,False,4199.19,2024-09-01
ORD01989,2025-05-01,C0122,Mumbai,Books,Cookbook,2.0,667.0,15.0,1134.1,Credit Card,4.0,4.0,False,False,1134.1,2025-05-01
ORD02551,2025-02-17,C0297,Delhi,Home,Table Lamp,2.0,776.2,0.0,1552.4,Net Banking,4.0,,False,False,1552.4,2025-02-01
ORD01536,2024-07-12,C0401,Kolkata,Home,Bedsheet Set,1.0,1237.21,20.0,989.768,Credit Card,2.0,,False,False,,2024-07-01
ORD02093,2024-02-03,C0111,Delhi,Books,Novel,1.0,379.0,10.0,340.68,Credit Card,6.0,5.0,False,False,340.68,2024-02-01
ORD02340,2024-04-02,C0331,Delhi,Books,Novel,1.0,,0.0,391.77,COD,2.0,3.0,False,False,391.77,2024-04-01
ORD02391,2024-10-01,C0370,Hyderabad,Clothing,Denim Jeans,2.0,1559.54,,,Debit Card,6.0,,False,False,,2024-10-01
ORD00149,2025-03-02,C0313,Ahmedabad,Clothing,Cotton Kurta,2.0,902.0,5.0,1714.0,Net Banking,4.0,1.0,False,False,1714.0,2025-03-01
ORD01860,2025-04-07,C0362,Bengaluru,Clothing,Denim Jeans,1.0,1662.04,15.0,1412.734,UPI,5.0,3.0,False,False,,2025-04-01
ORD02096,2024-07-01,C0147,Delhi,Books,Textbook,4.0,,20.0,3929.0,Net Banking,6.0,5.0,False,False,3929.0,2024-07-01
ORD02163,2024-04-07,C0397,Bengaluru,Clothing,Running Shoes,3.0,2260.06,,5424.15,COD,3.0,1.0,False,False,5424.15,2024-04-01
ORD01316,2025-03-27,C0440,Chennai,Electronics,Power Bank,2.0,1267.58,0.0,2535.0,Credit Card,4.0,4.0,False,False,2535.0,2025-03-01
ORD00693,2024-08-08,C0457,Kolkata,Books,Novel,1.0,371.0,20.0,296.64,COD,2.0,,False,False,296.64,2024-08-01
ORD00819,2025-03-31,C0233,Chennai,Home,Bedsheet Set,3.0,1227.88,0.0,3683.6400000000003,Credit Card,,3.0,False,False,,2025-03-01
ORD01729,2024-11-17,C0339,Ahmedabad,Home,Bedsheet Set,10.0,1274.0,15.0,10831.0,UPI,5.0,1.0,False,False,10831.0,2024-11-01
ORD01387,2024-01-04,C0229,Delhi,Home,Pressure Cooker,1.0,2953.0,5.0,2805.73,Net Banking,3.0,4.5,False,False,2805.73,2024-01-01
ORD02329,2025-03-13,C0485,Ahmedabad,Electronics,Wireless Earbuds,2.0,2609.0,10.0,4697.06,UPI,1.0,4.0,False,False,4697.06,2025-03-01
ORD02099,2024-03-27,C0077,Kolkata,Clothing,Cotton Kurta,1.0,850.62,10.0,765.558,Credit Card,2.0,4.0,False,False,,2024-03-01
ORD01600,2025-03-06,C0495,Mumbai,Grocery,Olive Oil 1L,4.0,753.42,20.0,2410.95,Credit Card,6.0,1.0,False,False,2410.95,2025-03-01
ORD02409,2025-05-03,C0048,Kolkata,Home,Table Lamp,4.0,759.1,,2885.0,Net Banking,2.0,5.0,False,False,2885.0,2025-05-01
ORD02506,2024-04-08,C0472,Hyderabad,Home,Table Lamp,1.0,,10.0,648.98,Debit Card,4.0,4.0,False,False,648.98,2024-04-01
ORD00702,2025-03-04,C0097,Chennai,Grocery,Coffee 500g,1.0,,0.0,414.28,Net Banking,3.0,4.0,False,False,414.28,2025-03-01
ORD01968,2025-03-25,C0188,Hyderabad,Electronics,Smart Watch,2.0,3727.13,0.0,7454.26,Net Banking,1.0,4.0,False,False,,2025-03-01
ORD02711,2025-04-09,C0162,Kolkata,Home,Table Lamp,2.0,717.0,0.0,1433.22,COD,2.0,5.0,False,False,1433.22,2025-04-01
ORD00922,2025-04-30,C0112,Hyderabad,Electronics,Wireless Earbuds,4.0,2701.0,,10802.54,Debit Card,6.0,5.0,False,False,10802.54,2025-04-01
ORD01425,,C0041,Bengaluru,Home,Table Lamp,3.0,687.72,0.0,2063.16,UPI,1.0,,False,False,2063.16,
ORD01709,2024-04-10,C0332,Mumbai,Clothing,Cotton Kurta,2.0,973.9,5.0,1850.41,Net Banking,0.0,5.0,False,False,1850.41,2024-04-01
ORD00906,2024-10-28,C0015,Delhi,Grocery,Olive Oil 1L,1.0,818.0,15.0,696.0,Net Banking,1.0,,False,False,696.0,2024-10-01
ORD00455,2024-08-30,C0261,Delhi,Home,Table Lamp,2.0,722.0,,1083.0,UPI,5.0,5.0,False,False,1083.0,2024-08-01
ORD02697,,C0182,Mumbai,Electronics,Power Bank,1.0,1271.26,20.0,1017.008,Credit Card,8.0,4.0,False,False,,
ORD02139,2024-09-08,C0006,Chennai,Grocery,Olive Oil 1L,10.0,,5.0,7692.0,UPI,3.0,5.0,False,False,7692.0,2024-09-01
ORD02352,2024-08-31,C0389,Mumbai,Clothing,Running Shoes,1.0,,25.0,1794.62,Debit Card,6.0,5.0,False,False,1794.62,2024-08-01
ORD02109,2024-02-21,C0233,Chennai,Books,Cookbook,2.0,612.22,0.0,1224.43,Debit Card,5.0,2.0,False,False,1224.43,2024-02-01
ORD00168,,C0449,Hyderabad,Grocery,Basmati Rice 5kg,3.0,,0.0,1646.0,COD,3.0,,False,False,1646.0,
ORD00731,2025-01-08,C0027,Hyderabad,Electronics,Smart Watch,5.0,3781.72,0.0,18908.58,COD,5.0,2.0,False,False,18908.58,2025-01-01
ORD02204,2024-11-12,C0117,Mumbai,Clothing,Cotton Kurta,3.0,891.51,25.0,2005.8974999999998,Credit Card,1.0,4.0,False,True,5001.0,2024-11-01
ORD01311,,C0286,Mumbai,Books,Novel,5.0,,25.0,,UPI,3.0,4.0,False,False,,
ORD00027,2024-12-28,C0457,Kolkata,Electronics,Power Bank,2.0,1261.52,10.0,2270.74,,2.0,4.0,False,False,2270.74,2024-12-01
ORD02025,2024-02-08,C0223,Chennai,Electronics,Power Bank,3.0,1239.22,0.0,3717.65,COD,3.0,5.0,False,False,3717.65,2024-02-01
ORD01653,2024-10-13,C0053,Ahmedabad,Books,Cookbook,2.0,629.83,0.0,1259.65,Credit Card,3.0,,False,False,1259.65,2024-10-01
ORD01623,2024-01-11,C0094,Chennai,Home,Pressure Cooker,1.0,2681.57,0.0,2681.57,COD,4.0,5.0,False,False,2681.57,2024-01-01
ORD00588,2024-02-07,C0148,Ahmedabad,Clothing,Cotton Kurta,,951.0,0.0,2852.49,Credit Card,,,False,False,2852.49,2024-02-01
ORD01402,2024-06-06,C0007,Mumbai,Grocery,Coffee 500g,1.0,383.0,20.0,306.03,UPI,1.0,2.0,False,False,306.03,2024-06-01
ORD00998,2024-04-19,C0275,Ahmedabad,Books,Textbook,10.0,1156.81,10.0,10411.32,UPI,8.0,4.0,False,False,10411.32,2024-04-01
ORD01177,,C0392,Mumbai,Grocery,Olive Oil 1L,2.0,780.66,20.0,1249.0,Debit Card,3.0,5.0,False,False,1249.0,
ORD01701,2024-07-17,C0097,Chennai,Grocery,Coffee 500g,1.0,460.0,5.0,436.81,Credit Card,6.0,4.0,False,False,436.81,2024-07-01
ORD01041,2024-01-05,C0201,Ahmedabad,Books,Textbook,1.0,1266.0,5.0,1202.0,Debit Card,3.0,3.0,False,False,1202.0,2024-01-01
ORD00034,2024-06-18,C0098,Mumbai,Electronics,Smart Watch,3.0,4146.72,20.0,9952.128,Net Banking,5.0,5.0,False,False,,2024-06-01
ORD01898,2024-06-20,C0280,Mumbai,Home,Bedsheet Set,1.0,1304.0,,1304.0,COD,1.0,4.0,False,False,1304.0,2024-06-01
ORD02416,2024-08-15,C0109,Bengaluru,Books,Cookbook,1.0,652.46,0.0,652.46,Net Banking,,3.0,False,False,652.46,2024-08-01
ORD01380,2024-05-09,C0407,Kolkata,Home,Bedsheet Set,2.0,,0.0,2476.91,Credit Card,1.0,5.0,False,False,2476.91,2024-05-01
ORD00042,2025-05-19,C0411,Mumbai,Home,Bedsheet Set,5.0,1171.0,5.0,5562.19,,3.0,,False,False,5562.19,2025-05-01
ORD01879,2025-06-14,C0139,Mumbai,Clothing,Denim Jeans,3.0,1561.12,0.0,4683.0,Credit Card,,1.0,False,False,4683.0,2025-06-01
ORD02235,2024-03-05,C0435,Ahmedabad,Books,Textbook,5.0,1236.12,0.0,6180.6,UPI,5.0,4.0,False,False,6180.6,2024-03-01
ORD02660,2024-08-04,C0269,Kolkata,Clothing,Cotton Kurta,,869.0,0.0,,COD,8.0,5.0,False,False,,2024-08-01
ORD02207,2024-06-03,C0387,Mumbai,Books,Textbook,1.0,1307.0,5.0,1242.0,COD,5.0,,False,False,1242.0,2024-06-01
ORD01899,2024-07-26,C0438,Ahmedabad,Clothing,Cotton Kurta,5.0,865.0,10.0,3891.0,Net Banking,6.0,3.0,False,False,3891.0,2024-07-01
ORD02044,2024-06-29,C0299,Mumbai,Books,Textbook,1.0,1274.28,0.0,1274.0,UPI,1.0,3.0,False,False,1274.0,2024-06-01
ORD00610,2024-05-29,C0364,Ahmedabad,Grocery,Coffee 500g,5.0,401.82,10.0,1808.21,Net Banking,3.0,4.0,False,False,1808.21,2024-05-01
ORD01133,,C0376,Mumbai,Home,Pressure Cooker,5.0,,15.0,,Net Banking,4.0,4.0,False,False,,
ORD00029,2025-02-02,C0385,Ahmedabad,Clothing,Denim Jeans,3.0,1600.0,,3839.0,UPI,2.0,5.0,False,False,3839.0,2025-02-01
ORD00442,2025-06-06,C0103,Mumbai,Grocery,Olive Oil 1L,1.0,796.07,0.0,796.07,Credit Card,1.0,,False,False,,2025-06-01
ORD02411,2024-10-30,C0338,Chennai,Clothing,Denim Jeans,1.0,1593.0,5.0,1513.0,Debit Card,5.0,3.0,False,False,1513.0,2024-10-01
ORD02728,2024-07-03,C0495,Mumbai,Electronics,Wireless Earbuds,1.0,,20.0,2181.0,Credit Card,1.0,2.0,False,False,2181.0,2024-07-01
ORD00494,2024-07-31,C0120,Delhi,Grocery,Coffee 500g,1.0,391.0,5.0,371.74,Credit Card,3.0,2.0,False,False,371.74,2024-07-01
ORD01259,2025-04-23,C0462,Delhi,Grocery,Basmati Rice 5kg,1.0,558.45,,558.0,Net Banking,,,False,False,558.0,2025-04-01
ORD01302,2025-02-08,C0201,Ahmedabad,Electronics,Wireless Earbuds,2.0,2438.0,0.0,4876.54,Debit Card,6.0,3.0,False,False,4876.54,2025-02-01
ORD02592,2024-04-15,C0391,Delhi,Grocery,Basmati Rice 5kg,1.0,,20.0,419.0,Credit Card,4.0,4.0,False,False,419.0,2024-04-01
ORD02413,2024-04-11,C0463,Ahmedabad,Grocery,Coffee 500g,2.0,448.0,,851.67,Credit Card,,2.0,False,False,851.67,2024-04-01
ORD01383,2024-10-01,C0430,Kolkata,Electronics,Wireless Earbuds,5.0,2652.61,0.0,13263.0,Credit Card,5.0,,False,False,13263.0,2024-10-01
ORD01305,2024-02-03,C0312,Bengaluru,Books,Textbook,1.0,1274.0,25.0,955.2,UPI,5.0,3.0,False,False,955.2,2024-02-01
ORD00237,2024-02-28,C0167,Kolkata,Clothing,Cotton Kurta,4.0,901.38,0.0,3605.53,Credit Card,5.0,,False,False,3605.53,2024-02-01
ORD00552,2024-06-28,C0295,Chennai,Clothing,Cotton Kurta,1.0,809.12,5.0,768.67,Debit Card,7.0,3.0,False,False,768.67,2024-06-01
ORD00521,2024-12-14,C0313,Ahmedabad,Home,Table Lamp,10.0,,10.0,7406.85,Credit Card,,5.0,False,False,7406.85,2024-12-01
ORD02263,2024-12-10,C0262,Kolkata,Home,Pressure Cooker,3.0,2911.0,,6549.0,Debit Card,1.0,,False,False,6549.0,2024-12-01
ORD01233,2024-09-14,C0021,Delhi,Electronics,Wireless Earbuds,4.0,2395.0,5.0,9102.85,Net Banking,2.0,4.0,False,False,9102.85,2024-09-01
ORD01139,,C0069,Ahmedabad,Home,Pressure Cooker,1.0,2536.0,0.0,2535.99,COD,6.0,4.0,False,False,2535.99,
ORD00721,2025-01-14,C0282,Mumbai,Home,Pressure Cooker,1.0,2735.34,5.0,2599.0,COD,8.0,2.0,False,False,2599.0,2025-01-01
ORD00736,2024-11-02,C0256,Delhi,Clothing,Cotton Kurta,1.0,903.23,5.0,858.0685,Credit Card,3.0,4.0,False,False,,2024-11-01
ORD02708,2024-05-12,C0256,Delhi,Electronics,Power Bank,,1182.75,15.0,3016.0,Net Banking,5.0,,False,False,3016.0,2024-05-01
ORD01751,2024-11-20,,Bengaluru,Home,Table Lamp,1.0,814.0,0.0,814.0,COD,3.0,2.0,False,False,,2024-11-01
ORD00059,2025-04-09,C0363,Ahmedabad,Electronics,Smart Watch,2.0,4056.42,0.0,8113.0,Credit Card,2.0,4.0,False,False,8113.0,2025-04-01
ORD00632,2025-06-17,C0044,Delhi,Books,Novel,2.0,425.46,5.0,808.38,Credit Card,,4.0,False,False,808.38,2025-06-01
ORD01182,2025-06-25,C0124,Ahmedabad,Electronics,Power Bank,1.0,1348.0,10.0,1213.0,Debit Card,2.0,3.0,False,False,1213.0,2025-06-01
ORD02249,2024-11-10,,Chennai,Books,Novel,3.0,379.8,5.0,1082.0,Credit Card,7.0,,False,False,1082.0,2024-11-01
ORD00593,2024-06-03,C0149,Kolkata,Clothing,Cotton Kurta,1.0,944.85,0.0,945.0,Credit Card,2.0,4.0,False,False,945.0,2024-06-01
ORD01304,2024-02-27,C0297,Delhi,Books,Novel,1.0,423.0,0.0,423.0,UPI,1.0,4.0,False,False,423.0,2024-02-01
ORD01388,2024-01-14,C0279,Mumbai,Clothing,Cotton Kurta,3.0,979.0,20.0,2350.06,Debit Card,6.0,,False,False,2350.06,2024-01-01
ORD02670,2024-09-17,C0029,Kolkata,Books,Cookbook,1.0,,10.0,618.82,UPI,2.0,3.0,False,False,618.82,2024-09-01
ORD02685,2024-08-08,C0487,Hyderabad,Electronics,Smart Watch,2.0,4015.37,0.0,8031.0,Credit Card,6.0,5.0,False,False,8031.0,2024-08-01
ORD01934,2024-05-30,C0228,Kolkata,Home,Table Lamp,3.0,684.98,25.0,1541.21,Debit Card,6.0,4.0,False,False,1541.21,2024-05-01
ORD02275,2025-05-27,C0200,Ahmedabad,Books,Novel,1.0,399.26,0.0,399.26,Net Banking,5.0,,False,False,,2025-05-01
ORD00940,2025-04-08,C0153,Mumbai,Clothing,Running Shoes,1.0,2308.0,15.0,1961.86,Debit Card,3.0,5.0,False,False,1961.86,2025-04-01
ORD02846,2024-06-09,C0240,Mumbai,Electronics,Smart Watch,2.0,3992.08,0.0,7984.0,COD,4.0,4.0,False,False,7984.0,2024-06-01
ORD01250,2024-06-18,C0255,Mumbai,Books,Textbook,3.0,1279.0,0.0,3837.0,,2.0,1.0,False,True,7940.03,2024-06-01
ORD00905,2024-12-26,C0473,Ahmedabad,Electronics,Power Bank,1.0,1374.0,10.0,1236.6000000000001,Credit Card,7.0,,False,False,,2024-12-01
ORD02597,2024-07-08,C0274,Chennai,Clothing,Cotton Kurta,5.0,974.05,20.0,3896.0,Credit Card,1.0,3.0,False,False,3896.0,2024-07-01
ORD01280,2025-03-28,C0267,Mumbai,Electronics,Power Bank,1.0,,0.0,1235.0,Debit Card,5.0,3.0,False,False,1235.0,2025-03-01
ORD02987,2024-03-10,C0189,Bengaluru,Books,Textbook,,,5.0,,COD,2.0,3.0,False,False,,2024-03-01
ORD02937,2025-03-09,C0448,Bengaluru,Clothing,Running Shoes,3.0,,10.0,,Debit Card,4.0,,False,False,,2025-03-01
ORD02172,2025-03-02,,Mumbai,Grocery,Olive Oil 1L,3.0,702.58,20.0,1686.0,UPI,1.0,,False,False,1686.0,2025-03-01
ORD02459,2024-07-04,C0044,Delhi,Home,Table Lamp,1.0,786.63,5.0,747.2985,UPI,7.0,,False,False,,2024-07-01
ORD02514,2024-09-29,C0469,Mumbai,Grocery,Olive Oil 1L,2.0,858.0,15.0,1457.89,,7.0,2.0,False,False,1457.89,2024-09-01
ORD01143,2025-02-15,C0392,Mumbai,Grocery,Coffee 500g,,,20.0,,Net Banking,,3.0,False,False,,2025-02-01
ORD02429,2024-02-17,C0334,Mumbai,Home,Bedsheet Set,1.0,1298.3,15.0,1104.0,Credit Card,4.0,,False,False,1104.0,2024-02-01
ORD00707,2025-06-23,C0384,Mumbai,Electronics,Smart Watch,1.0,4150.98,0.0,4150.98,UPI,3.0,4.0,False,False,4150.98,2025-06-01
ORD02957,2025-06-23,C0407,Kolkata,Clothing,Denim Jeans,1.0,,5.0,1616.45,COD,4.0,3.0,False,False,1616.45,2025-06-01
ORD01023,2025-04-23,C0352,Delhi,Books,Novel,2.0,362.34,20.0,580.0,Credit Card,2.0,2.0,False,False,580.0,2025-04-01
ORD00746,2024-06-25,C0485,Ahmedabad,Electronics,Wireless Earbuds,1.0,2427.82,,2427.82,Credit Card,3.0,5.0,False,False,2427.82,2024-06-01
ORD01547,2024-12-13,C0303,Bengaluru,Electronics,Power Bank,1.0,1408.7,,1268.0,COD,5.0,3.0,False,False,1268.0,2024-12-01
ORD02405,2025-05-30,C0193,Bengaluru,Grocery,Olive Oil 1L,1.0,722.0,0.0,722.0,UPI,3.0,3.0,False,True,1449.0,2025-05-01
ORD02945,2024-10-16,C0289,Mumbai,Books,Cookbook,1.0,711.09,10.0,639.981,Net Banking,5.0,4.0,False,False,,2024-10-01
ORD00514,2025-05-03,C0165,Mumbai,Home,Bedsheet Set,3.0,1279.0,0.0,3838.16,Net Banking,,2.0,False,False,3838.16,2025-05-01
ORD00082,2025-02-02,C0198,Kolkata,Home,Pressure Cooker,2.0,2752.0,5.0,5228.8,Net Banking,4.0,5.0,False,True,11430.18,2025-02-01
ORD02716,2024-05-05,C0494,Bengaluru,Home,Table Lamp,10.0,794.56,0.0,7945.59,Credit Card,1.0,5.0,False,False,7945.59,2024-05-01
ORD01309,2024-09-25,C0014,Mumbai,Grocery,Basmati Rice 5kg,1.0,,5.0,475.0,UPI,5.0,4.0,False,False,475.0,2024-09-01
ORD02546,2024-06-17,C0203,Ahmedabad,Electronics,Wireless Earbuds,1.0,2458.0,25.0,1844.0,Credit Card,4.0,1.0,False,False,1844.0,2024-06-01
ORD00915,2025-01-25,C0176,Kolkata,Grocery,Basmati Rice 5kg,10.0,,20.0,4427.0,Debit Card,,5.0,False,False,4427.0,2025-01-01
ORD01405,2025-03-21,C0333,Delhi,Clothing,Running Shoes,1.0,,5.0,2059.8,Credit Card,4.0,4.5,False,False,2059.8,2025-03-01
ORD01648,2024-07-30,C0265,Mumbai,Clothing,Running Shoes,1.0,2223.2,20.0,1778.56,Credit Card,2.0,3.0,False,False,1778.56,2024-07-01
ORD02816,2024-05-24,,Ahmedabad,Books,Novel,3.0,418.54,15.0,1067.277,Debit Card,,4.0,False,False,,2024-05-01
ORD01109,,C0194,Mumbai,Grocery,Coffee 500g,2.0,445.05,5.0,846.0,Credit Card,1.0,,False,False,846.0,
ORD00151,2025-05-13,C0488,Mumbai,Grocery,Olive Oil 1L,10.0,804.87,10.0,7243.82,Credit Card,1.0,5.0,False,False,7243.82,2025-05-01
ORD02782,2024-05-30,C0110,Mumbai,Clothing,Denim Jeans,2.0,1695.41,5.0,3221.0,COD,3.0,3.0,False,False,3221.0,2024-05-01
ORD00775,2025-01-16,C0003,Chennai,Books,Novel,1.0,,,295.56,COD,7.0,,False,False,295.56,2025-01-01
ORD00330,2025-05-01,C0422,Mumbai,Books,Textbook,1.0,1141.02,0.0,1141.0,UPI,3.0,,False,False,1141.0,2025-05-01
ORD00007,2024-07-05,C0148,Ahmedabad,Books,Cookbook,3.0,634.0,10.0,1711.0,COD,1.0,,False,False,1711.0,2024-07-01
ORD00944,2024-09-28,C0362,Bengaluru,Books,Textbook,4.0,1207.0,5.0,4585.44,Net Banking,,3.0,False,False,4585.44,2024-09-01
ORD00823,2024-01-19,C0351,Hyderabad,Clothing,Running Shoes,1.0,2378.2,,2378.0,Net Banking,1.0,4.0,False,False,2378.0,2024-01-01
ORD00735,2024-10-25,C0467,Ahmedabad,Grocery,Basmati Rice 5kg,1.0,551.0,20.0,441.0,COD,3.0,,False,False,441.0,2024-10-01
ORD00910,2024-07-05,C0338,Chennai,Books,Textbook,5.0,1193.0,0.0,5965.0,Net Banking,0.0,,False,False,,2024-07-01
ORD00469,2025-01-13,C0043,Delhi,Clothing,Denim Jeans,5.0,1466.34,,7331.68,Credit Card,1.0,,False,False,7331.68,2025-01-01
ORD00182,2025-02-02,C0223,Chennai,Books,Textbook,1.0,1247.81,0.0,1248.0,Credit Card,5.0,1.0,False,False,1248.0,2025-02-01
ORD00165,2024-06-04,C0192,Mumbai,Grocery,Basmati Rice 5kg,1.0,564.84,20.0,452.0,Net Banking,1.0,1.0,False,False,452.0,2024-06-01
ORD01524,2024-04-18,C0140,Bengaluru,Clothing,Cotton Kurta,1.0,,0.0,,COD,4.0,5.0,False,False,,2024-04-01
ORD00452,2024-02-13,C0096,Ahmedabad,Books,Cookbook,1.0,600.0,0.0,600.04,,2.0,4.0,False,False,600.04,2024-02-01
ORD02308,2024-07-09,C0213,Kolkata,Electronics,Smart Watch,5.0,3796.17,0.0,18980.85,Net Banking,6.0,4.0,False,False,,2024-07-01
ORD00491,,C0259,Chennai,Books,Cookbook,4.0,637.84,10.0,2296.224,Credit Card,4.0,,False,True,4351.02,
ORD00814,2024-06-12,C0480,Delhi,Home,Pressure Cooker,5.0,2672.54,5.0,12694.56,Debit Card,2.0,5.0,False,False,12694.56,2024-06-01
ORD01144,2024-08-14,C0284,Mumbai,Home,Bedsheet Set,4.0,1252.17,0.0,5009.0,,,5.0,False,False,5009.0,2024-08-01
ORD01312,2025-04-24,C0302,Chennai,Books,Textbook,2.0,1318.0,10.0,2373.0,UPI,1.0,,False,False,2373.0,2025-04-01
ORD02289,2024-10-31,C0131,Delhi,Grocery,Coffee 500g,1.0,412.91,0.0,412.91,COD,1.0,,False,False,412.91,2024-10-01
ORD01112,2025-02-21,C0076,Kolkata,Electronics,Wireless Earbuds,3.0,2279.0,5.0,6494.95,UPI,7.0,3.0,False,False,6494.95,2025-02-01
ORD02912,2024-02-05,,Bengaluru,Grocery,Olive Oil 1L,1.0,,0.0,781.97,Debit Card,5.0,5.0,False,False,781.97,2024-02-01
ORD01827,2024-03-18,,Kolkata,Grocery,Basmati Rice 5kg,1.0,,10.0,513.0,Debit Card,4.0,,False,False,513.0,2024-03-01
ORD01442,2025-07-04,C0416,Kolkata,Electronics,Wireless Earbuds,2.0,2306.0,,3920.56,Credit Card,2.0,5.0,True,False,3920.56,2025-07-01
ORD01981,2025-05-23,C0069,Ahmedabad,Home,Bedsheet Set,1.0,1215.06,0.0,1215.06,Net Banking,5.0,5.0,False,False,1215.06,2025-05-01
ORD01007,2024-12-17,C0268,Chennai,Home,Table Lamp,1.0,,0.0,,Net Banking,5.0,4.0,False,False,,2024-12-01
ORD01628,2024-05-25,C0446,Chennai,Clothing,Running Shoes,3.0,2116.0,25.0,4761.0,Debit Card,2.0,4.0,False,False,,2024-05-01
ORD01633,2024-12-19,C0034,Bengaluru,Electronics,Power Bank,4.0,1249.76,15.0,4249.184,UPI,5.0,4.0,False,False,,2024-12-01
ORD01075,2024-02-25,C0145,Mumbai,Home,Pressure Cooker,1.0,2659.0,10.0,2393.1,COD,3.0,5.0,False,False,,2024-02-01
ORD00579,2024-11-03,C0290,Kolkata,Electronics,Power Bank,2.0,1414.04,20.0,2262.464,COD,7.0,3.0,False,False,,2024-11-01
ORD02724,2024-10-26,C0068,Bengaluru,Electronics,Power Bank,3.0,1409.48,10.0,3805.6,COD,5.0,2.0,False,False,3805.6,2024-10-01
ORD02393,2025-03-25,C0161,Mumbai,Electronics,Power Bank,1.0,1197.63,0.0,1198.0,Credit Card,2.0,5.0,False,False,1198.0,2025-03-01
ORD02311,2025-05-19,C0221,Kolkata,Clothing,Denim Jeans,4.0,1628.0,,5862.0,UPI,8.0,5.0,False,False,5862.0,2025-05-01
ORD02350,2024-06-27,C0068,Bengaluru,Books,Textbook,2.0,1177.71,20.0,1884.0,,2.0,4.0,False,False,1884.0,2024-06-01
ORD00328,,C0416,Kolkata,Grocery,Basmati Rice 5kg,3.0,506.81,10.0,1368.4,Credit Card,4.0,3.0,False,False,1368.4,
ORD01791,2024-06-13,C0014,Mumbai,Books,Cookbook,1.0,679.23,0.0,679.23,Net Banking,4.0,,False,False,679.23,2024-06-01
ORD00443,2024-07-07,C0407,Kolkata,Electronics,Power Bank,1.0,1220.1,0.0,1220.1,Net Banking,4.0,4.0,False,False,1220.1,2024-07-01
ORD01859,2025-05-08,,Kolkata,Home,Bedsheet Set,1.0,1289.25,0.0,1289.0,Credit Card,1.0,5.0,False,False,1289.0,2025-05-01
ORD02216,2024-07-10,C0314,Delhi,Home,Pressure Cooker,3.0,2883.45,0.0,8650.0,UPI,2.0,4.0,False,False,8650.0,2024-07-01
ORD00313,2024-01-07,C0461,Mumbai,Books,Textbook,2.0,1362.36,10.0,2452.26,UPI,,4.0,False,False,2452.26,2024-01-01
ORD00833,2024-12-06,C0456,Chennai,Clothing,Denim Jeans,5.0,1746.93,5.0,8297.9,Credit Card,3.0,5.0,False,False,8297.9,2024-12-01
ORD02422,2024-11-12,C0180,Hyderabad,Clothing,Running Shoes,1.0,2417.0,10.0,2175.0,Credit Card,1.0,2.0,False,False,2175.0,2024-11-01
ORD02149,2024-08-30,C0112,Hyderabad,Home,Bedsheet Set,,1125.64,25.0,1688.47,Credit Card,1.0,3.0,False,False,1688.47,2024-08-01
ORD01415,2024-11-09,C0213,Kolkata,Clothing,Running Shoes,2.0,,10.0,3934.0,Debit Card,1.0,2.0,False,False,3934.0,2024-11-01
ORD01202,2024-07-31,C0119,Kolkata,Clothing,Cotton Kurta,1.0,830.17,0.0,830.17,Credit Card,7.0,4.0,False,False,,2024-07-01
ORD02665,2024-10-29,C0359,Delhi,Books,Cookbook,3.0,690.72,10.0,1864.944,Debit Card,5.0,3.0,False,False,,2024-10-01
ORD01500,2024-08-06,C0436,Bengaluru,Clothing,Denim Jeans,4.0,1531.43,5.0,5819.44,Credit Card,3.0,4.0,False,False,5819.44,2024-08-01
ORD01979,2025-01-24,C0307,Ahmedabad,Home,Bedsheet Set,2.0,1217.21,0.0,2434.41,Debit Card,8.0,3.0,False,False,2434.41,2025-01-01
ORD00087,2025-01-01,C0277,Hyderabad,Electronics,Smart Watch,1.0,4351.41,20.0,3481.0,UPI,8.0,,False,False,3481.0,2025-01-01
ORD01404,2024-06-20,C0340,Bengaluru,Home,Bedsheet Set,2.0,1208.1,20.0,1932.96,Credit Card,3.0,4.0,False,False,,2024-06-01
ORD02984,2025-02-26,C0190,Bengaluru,Grocery,Coffee 500g,3.0,404.22,20.0,970.1280000000002,Debit Card,7.0,,False,False,,2025-02-01
ORD02371,2024-01-12,C0177,Mumbai,Grocery,Olive Oil 1L,2.0,812.67,10.0,1462.8,UPI,6.0,2.0,False,False,1462.8,2024-01-01
ORD01482,2025-06-11,C0022,Chennai,Grocery,Coffee 500g,1.0,434.0,0.0,434.0,Net Banking,3.0,4.0,False,True,1300.0,2025-06-01
ORD00778,2025-05-28,C0004,Mumbai,Grocery,Olive Oil 1L,1.0,773.0,15.0,656.93,Net Banking,4.0,3.0,False,False,656.93,2025-05-01
ORD00800,2024-10-05,C0067,Mumbai,Books,Novel,1.0,418.62,5.0,397.68899999999996,Net Banking,4.0,5.0,False,True,1136.0,2024-10-01
ORD01667,2025-04-08,C0435,Ahmedabad,Electronics,Power Bank,5.0,1272.0,0.0,6360.49,Net Banking,4.0,,False,False,6360.49,2025-04-01
ORD01895,2024-12-20,C0466,Delhi,Home,Table Lamp,1.0,780.0,,701.77,COD,8.0,5.0,False,False,701.77,2024-12-01
ORD00055,,C0256,Delhi,Electronics,Smart Watch,2.0,3927.33,0.0,7854.65,COD,2.0,5.0,False,False,7854.65,
ORD02410,2024-03-12,C0376,Mumbai,Electronics,Wireless Earbuds,3.0,2519.32,0.0,7557.96,Debit Card,5.0,2.0,False,False,7557.96,2024-03-01
ORD01288,2024-05-17,C0473,Ahmedabad,Electronics,Power Bank,5.0,1174.42,10.0,5284.89,COD,3.0,4.0,False,False,,2024-05-01
ORD01921,,,Mumbai,Books,Textbook,4.0,1177.0,0.0,4710.0,Credit Card,3.0,5.0,False,False,4710.0,
ORD01668,2024-09-16,C0365,Mumbai,Electronics,Wireless Earbuds,2.0,,,4557.0,COD,,5.0,False,False,4557.0,2024-09-01
ORD02640,2025-01-04,C0456,Chennai,Electronics,Smart Watch,2.0,3644.07,0.0,7288.14,UPI,,,False,False,7288.14,2025-01-01
ORD02784,2024-10-20,C0259,Chennai,Electronics,Wireless Earbuds,1.0,2722.33,15.0,2314.0,Credit Card,6.0,3.0,False,False,2314.0,2024-10-01
ORD01702,2024-09-28,C0277,Hyderabad,Home,Table Lamp,2.0,755.0,,1359.0,Debit Card,3.0,5.0,False,False,1359.0,2024-09-01
ORD01246,2024-04-30,C0145,Mumbai,Home,Table Lamp,,730.92,10.0,,UPI,8.0,,False,False,,2024-04-01
ORD00114,2024-05-10,C0440,Chennai,Grocery,Coffee 500g,3.0,460.8,5.0,1313.28,Credit Card,4.0,3.0,False,False,,2024-05-01
ORD02864,2024-05-20,C0331,Delhi,Home,Bedsheet Set,1.0,1114.0,,1003.0,Credit Card,3.0,3.0,False,False,1003.0,2024-05-01
ORD00988,2024-04-29,C0326,Hyderabad,Books,Cookbook,3.0,651.0,0.0,1953.0,UPI,0.0,5.0,False,False,1953.0,2024-04-01
ORD00502,2024-08-25,C0301,Chennai,Grocery,Basmati Rice 5kg,1.0,503.36,0.0,503.36,Credit Card,7.0,4.0,False,False,503.36,2024-08-01
ORD02666,2024-05-30,C0240,Mumbai,Grocery,Coffee 500g,1.0,413.53,0.0,413.53,COD,3.0,4.0,False,False,413.53,2024-05-01
ORD01010,2025-06-22,C0059,Mumbai,Books,Textbook,2.0,,0.0,2560.53,Net Banking,3.0,4.0,False,False,2560.53,2025-06-01
ORD01199,2024-12-10,C0160,Chennai,Clothing,Cotton Kurta,4.0,924.01,0.0,3696.04,UPI,1.0,4.0,False,False,3696.04,2024-12-01
ORD01395,2025-03-06,C0248,Delhi,Home,Table Lamp,1.0,769.73,10.0,693.0,Credit Card,8.0,2.0,False,False,693.0,2025-03-01
ORD00590,2024-11-01,C0348,Ahmedabad,Home,Pressure Cooker,1.0,2689.0,5.0,2554.96,Debit Card,5.0,4.0,False,False,2554.96,2024-11-01
ORD00769,2024-04-24,C0018,Bengaluru,Clothing,Running Shoes,1.0,2397.64,0.0,2397.64,UPI,2.0,4.0,False,True,5892.0,2024-04-01
ORD00018,2024-07-04,C0012,Delhi,Grocery,Basmati Rice 5kg,2.0,547.74,10.0,985.932,Net Banking,,4.0,False,False,,2024-07-01
ORD01043,2025-01-30,C0214,Kolkata,Home,Pressure Cooker,1.0,2575.0,25.0,1931.25,COD,2.0,5.0,False,False,,2025-01-01
ORD01448,2024-02-13,C0191,Mumbai,Books,Novel,1.0,409.83,25.0,307.0,UPI,6.0,4.0,False,False,307.0,2024-02-01
ORD00286,2024-01-28,C0267,Mumbai,Clothing,Cotton Kurta,4.0,880.63,10.0,3170.27,Debit Card,2.0,4.0,False,False,3170.27,2024-01-01
ORD02693,2024-06-12,C0046,Chennai,Clothing,Running Shoes,1.0,2304.0,20.0,1842.88,Credit Card,5.0,,False,False,1842.88,2024-06-01
ORD00429,2025-06-01,C0283,Ahmedabad,Clothing,Denim Jeans,1.0,1439.0,0.0,1439.36,UPI,3.0,5.0,False,False,1439.36,2025-06-01
ORD01329,2024-06-02,,Bengaluru,Clothing,Cotton Kurta,1.0,,20.0,,Debit Card,0.0,4.0,False,False,,2024-06-01
ORD02041,2025-06-08,C0098,Mumbai,Grocery,Coffee 500g,4.0,404.56,20.0,1295.0,Credit Card,3.0,,False,False,1295.0,2025-06-01
ORD00670,2025-05-04,C0191,Mumbai,Clothing,Cotton Kurta,1.0,826.8,5.0,785.46,UPI,6.0,3.0,False,False,785.46,2025-05-01
ORD00032,2025-01-04,C0156,Delhi,Home,Pressure Cooker,1.0,2901.42,15.0,2466.21,UPI,,,False,False,2466.21,2025-01-01
ORD01342,2025-02-22,C0098,Mumbai,Books,Novel,2.0,365.39,10.0,657.702,COD,3.0,4.0,False,False,,2025-02-01
ORD00723,2024-11-09,C0010,Ahmedabad,Electronics,Power Bank,1.0,1328.29,10.0,1195.0,Credit Card,,,False,False,1195.0,2024-11-01
ORD00952,2025-06-26,C0412,Kolkata,Clothing,Running Shoes,1.0,2175.0,10.0,1957.5,UPI,2.0,3.0,False,False,,2025-06-01
ORD01915,2024-03-19,C0302,Chennai,Electronics,Power Bank,2.0,1223.08,0.0,2446.0,UPI,2.0,5.0,False,False,2446.0,2024-03-01
ORD02341,2024-01-11,C0426,Mumbai,Grocery,Olive Oil 1L,1.0,818.54,5.0,777.61,Credit Card,8.0,4.0,False,False,777.61,2024-01-01
ORD00215,2025-04-03,C0246,Chennai,Home,Table Lamp,1.0,775.0,25.0,580.99,COD,6.0,4.0,False,False,580.99,2025-04-01
ORD00990,2024-12-29,C0459,Mumbai,Home,Pressure Cooker,2.0,2549.63,5.0,4844.3,Debit Card,8.0,4.0,False,False,4844.3,2024-12-01
ORD01165,2024-11-20,C0213,Kolkata,Clothing,Running Shoes,1.0,2493.0,20.0,1994.4,Credit Card,8.0,5.0,False,False,,2024-11-01
ORD02850,2024-08-04,C0401,Kolkata,Grocery,Olive Oil 1L,1.0,831.0,0.0,831.0,Net Banking,8.0,3.0,False,False,,2024-08-01
ORD02074,2024-06-01,C0178,Mumbai,Electronics,Smart Watch,3.0,4233.31,0.0,12699.93,Net Banking,,5.0,False,False,,2024-06-01
ORD00327,2024-09-14,,Hyderabad,Home,Pressure Cooker,1.0,,5.0,,Debit Card,8.0,,False,False,,2024-09-01
ORD00561,2025-05-20,C0256,Delhi,Home,Pressure Cooker,2.0,,0.0,5484.0,Net Banking,,4.0,False,False,5484.0,2025-05-01
ORD01384,2024-06-17,C0221,Kolkata,Books,Novel,2.0,398.32,5.0,757.0,Net Banking,5.0,4.0,False,False,757.0,2024-06-01
ORD01725,2025-02-28,C0476,Delhi,Books,Novel,4.0,,5.0,1530.56,COD,6.0,5.0,False,False,1530.56,2025-02-01
ORD01087,2024-07-30,C0216,Bengaluru,Books,Novel,3.0,360.0,0.0,1080.0,UPI,5.0,5.0,False,False,,2024-07-01
ORD02379,2024-06-28,C0037,Kolkata,Home,Pressure Cooker,1.0,,20.0,,COD,4.0,5.0,False,False,,2024-06-01
ORD00342,2024-09-11,C0095,Hyderabad,Home,Table Lamp,5.0,816.0,5.0,3876.0,COD,1.0,,False,False,,2024-09-01
ORD01654,,C0266,Kolkata,Clothing,Running Shoes,4.0,2318.0,5.0,8807.63,,1.0,5.0,False,False,8807.63,
ORD00148,2024-12-16,C0084,Delhi,Books,Textbook,1.0,1293.0,0.0,1293.0,COD,4.0,,False,False,1293.0,2024-12-01
ORD02489,2024-04-06,C0374,Bengaluru,Books,Novel,1.0,430.56,15.0,365.98,Credit Card,7.0,3.0,False,False,365.98,2024-04-01
ORD02461,2024-02-24,C0077,Kolkata,Books,Cookbook,2.0,606.0,10.0,1091.0,Credit Card,3.0,4.5,False,False,1091.0,2024-02-01
ORD01108,2024-05-16,C0174,Delhi,Books,Novel,1.0,428.83,10.0,385.95,UPI,5.0,3.0,False,False,385.95,2024-05-01
ORD00849,2024-03-11,C0380,Chennai,Clothing,Denim Jeans,5.0,1523.0,5.0,7233.7,UPI,6.0,5.0,False,False,7233.7,2024-03-01
ORD00967,2024-07-16,C0035,Kolkata,Electronics,Smart Watch,1.0,3988.43,10.0,3589.59,COD,4.0,,False,False,3589.59,2024-07-01
ORD01073,2024-09-10,C0036,Mumbai,Grocery,Olive Oil 1L,3.0,849.0,20.0,2037.0,Debit Card,2.0,2.0,False,False,2037.0,2024-09-01
ORD02513,2025-01-19,C0126,Hyderabad,Home,Table Lamp,,733.0,0.0,,Net Banking,2.0,5.0,False,False,,2025-01-01
ORD01906,2025-05-08,C0108,Mumbai,Clothing,Cotton Kurta,5.0,,15.0,3840.06,Debit Card,1.0,,False,False,3840.06,2025-05-01
ORD00156,2024-07-25,C0277,Hyderabad,Electronics,Wireless Earbuds,1.0,2684.2,20.0,2147.36,,3.0,,False,False,2147.36,2024-07-01
ORD00666,2025-04-02,C0278,Chennai,Clothing,Denim Jeans,2.0,1723.3,15.0,2929.6,Net Banking,2.0,3.0,False,False,2929.6,2025-04-01
ORD00662,2024-03-28,C0368,Mumbai,Electronics,Wireless Earbuds,1.0,,10.0,,COD,3.0,4.0,False,False,,2024-03-01
ORD01003,2024-09-27,C0080,Kolkata,Grocery,Olive Oil 1L,2.0,716.0,20.0,1146.0,UPI,5.0,4.0,False,False,1146.0,2024-09-01
ORD02601,2024-05-23,C0302,Chennai,Electronics,Smart Watch,1.0,3986.0,10.0,3587.4,UPI,2.0,5.0,False,False,,2024-05-01
ORD02961,2025-06-29,C0469,Mumbai,Grocery,Basmati Rice 5kg,3.0,512.0,5.0,1460.0,Debit Card,1.0,,False,False,1460.0,2025-06-01
ORD00177,2024-03-13,C0301,Chennai,Grocery,Coffee 500g,,,15.0,,UPI,1.0,5.0,False,False,,2024-03-01
ORD02709,2024-11-28,C0023,Chennai,Clothing,Denim Jeans,2.0,,0.0,2898.16,COD,3.0,,False,False,2898.16,2024-11-01
ORD01880,2024-12-26,C0137,Mumbai,Books,Novel,1.0,,25.0,300.0,Credit Card,2.0,,False,False,300.0,2024-12-01
ORD01525,2024-10-05,C0410,Chennai,Home,Pressure Cooker,1.0,2577.0,0.0,2577.0,Credit Card,1.0,5.0,False,False,,2024-10-01
ORD02875,2024-02-21,C0438,Ahmedabad,Home,Pressure Cooker,1.0,2900.06,5.0,2755.06,Debit Card,2.0,3.0,False,False,2755.06,2024-02-01
ORD01204,2024-02-25,C0020,Ahmedabad,Books,Textbook,1.0,1311.92,25.0,983.94,Credit Card,6.0,4.0,False,False,,2024-02-01
ORD01991,2025-01-21,C0283,Ahmedabad,Books,Novel,1.0,381.0,0.0,380.71,UPI,3.0,1.0,False,False,380.71,2025-01-01
ORD00025,2025-06-29,C0347,Chennai,Electronics,Power Bank,2.0,1294.0,5.0,2458.6,Net Banking,1.0,3.0,False,False,,2025-06-01
ORD02868,2025-02-25,C0148,Ahmedabad,Grocery,Coffee 500g,2.0,,0.0,853.42,Credit Card,3.0,3.0,False,False,853.42,2025-02-01
ORD02090,2025-05-30,C0290,Kolkata,Electronics,Power Bank,1.0,1357.0,0.0,1357.0,Net Banking,2.0,,False,False,,2025-05-01
ORD02122,2025-01-02,C0033,Hyderabad,Grocery,Basmati Rice 5kg,1.0,598.82,,,UPI,1.0,3.0,False,False,,2025-01-01
ORD02347,,C0477,Kolkata,Home,Bedsheet Set,2.0,1192.0,10.0,2145.85,Credit Card,3.0,3.0,False,False,2145.85,
ORD00876,2025-01-15,C0321,Kolkata,Books,Cookbook,5.0,,0.0,,Debit Card,3.0,,False,False,,2025-01-01
ORD02750,2025-02-12,C0152,Delhi,Books,Cookbook,2.0,628.0,10.0,1130.4,COD,3.0,,False,False,,2025-02-01
ORD00939,2024-08-31,C0190,Bengaluru,Electronics,Wireless Earbuds,4.0,2329.95,0.0,9319.8,Net Banking,8.0,2.0,False,True,23879.59,2024-08-01
ORD00386,2024-04-10,C0454,Hyderabad,Grocery,Coffee 500g,5.0,424.4,25.0,1591.5,Credit Card,6.0,5.0,False,False,,2024-04-01
ORD02680,2025-05-06,C0038,Chennai,Books,Cookbook,1.0,635.7,10.0,572.0,Debit Card,3.0,3.0,False,False,572.0,2025-05-01
ORD02242,2024-03-15,C0286,Mumbai,Grocery,Olive Oil 1L,1.0,856.0,5.0,813.0,Credit Card,2.0,5.0,False,False,813.0,2024-03-01
ORD02131,2024-07-31,,Mumbai,Home,Pressure Cooker,,2758.97,10.0,12415.0,Net Banking,1.0,3.0,False,False,12415.0,2024-07-01
ORD00937,2025-02-28,C0191,Mumbai,Clothing,Cotton Kurta,3.0,896.06,25.0,2016.0,UPI,1.0,5.0,False,False,2016.0,2025-02-01
ORD02634,2024-04-02,C0119,Kolkata,Grocery,Basmati Rice 5kg,1.0,601.0,0.0,601.0,UPI,,,False,True,1127.51,2024-04-01
ORD02983,2025-05-12,C0275,Ahmedabad,Books,Textbook,1.0,1175.32,0.0,1175.32,Debit Card,1.0,5.0,False,False,1175.32,2025-05-01
ORD01333,2025-05-12,,Delhi,Grocery,Coffee 500g,3.0,395.0,0.0,1184.0,Net Banking,7.0,,False,False,1184.0,2025-05-01
ORD01935,2024-02-14,C0134,Ahmedabad,Home,Pressure Cooker,2.0,2855.0,20.0,4568.0,Credit Card,6.0,2.0,False,False,,2024-02-01
ORD00936,2024-07-25,C0185,Hyderabad,Books,Textbook,1.0,1195.76,0.0,1196.0,Debit Card,3.0,,False,False,1196.0,2024-07-01
ORD00567,2024-10-26,C0281,Delhi,Home,Table Lamp,1.0,716.0,5.0,680.23,UPI,0.0,5.0,False,False,680.23,2024-10-01
ORD01855,2025-05-25,C0148,Ahmedabad,Electronics,Smart Watch,1.0,,0.0,4331.0,UPI,3.0,3.0,False,False,4331.0,2025-05-01
ORD02476,2025-01-17,C0217,Ahmedabad,Grocery,Olive Oil 1L,1.0,,10.0,641.47,Credit Card,2.0,3.0,False,False,641.47,2025-01-01
ORD01646,2024-10-04,C0178,Mumbai,Grocery,Basmati Rice 5kg,2.0,,15.0,1025.25,Debit Card,3.0,3.0,False,False,1025.25,2024-10-01
ORD02164,2024-04-19,C0498,Mumbai,Electronics,Wireless Earbuds,2.0,2675.04,20.0,4280.064,Net Banking,,1.0,False,True,10915.0,2024-04-01
ORD01793,2025-02-23,C0118,Bengaluru,Clothing,Denim Jeans,3.0,1746.0,,5237.0,Net Banking,3.0,,False,False,5237.0,2025-02-01
ORD01431,2024-08-27,C0330,Ahmedabad,Clothing,Cotton Kurta,5.0,872.0,0.0,4362.32,Credit Card,3.0,1.0,False,False,4362.32,2024-08-01
ORD01014,2025-03-17,C0243,Bengaluru,Clothing,Denim Jeans,1.0,1528.24,0.0,1528.24,Net Banking,2.0,5.0,False,False,,2025-03-01
ORD01929,2024-03-27,C0145,Mumbai,Books,Cookbook,1.0,701.7,0.0,701.7,Net Banking,2.0,5.0,False,False,701.7,2024-03-01
ORD02616,2024-02-20,C0005,Delhi,Electronics,Wireless Earbuds,2.0,,0.0,4510.05,Credit Card,4.0,4.0,False,False,4510.05,2024-02-01
ORD00127,2024-04-02,C0488,Mumbai,Grocery,Basmati Rice 5kg,10.0,509.0,0.0,5092.88,Credit Card,3.0,3.0,False,False,5092.88,2024-04-01
ORD01348,2024-03-17,C0068,Bengaluru,Books,Cookbook,4.0,648.0,10.0,2334.0,UPI,2.0,5.0,False,False,2334.0,2024-03-01
ORD00356,2024-10-23,C0097,Chennai,Electronics,Power Bank,1.0,1244.12,20.0,995.3,COD,5.0,1.0,False,False,995.3,2024-10-01
ORD00828,2025-02-14,C0302,Chennai,Home,Pressure Cooker,2.0,2637.46,15.0,4483.69,Credit Card,0.0,2.0,False,False,4483.69,2025-02-01
ORD01640,2024-02-22,C0181,Mumbai,Grocery,Olive Oil 1L,10.0,799.0,0.0,7990.64,UPI,,4.5,False,False,7990.64,2024-02-01
ORD00985,2025-04-01,C0069,Ahmedabad,Books,Novel,2.0,,10.0,,COD,3.0,3.0,False,False,,2025-04-01
ORD00363,2024-02-29,C0084,Delhi,Clothing,Running Shoes,5.0,2477.14,20.0,9909.0,Net Banking,6.0,,False,False,9909.0,2024-02-01
ORD00346,2025-04-07,C0478,Chennai,Electronics,Smart Watch,2.0,3748.0,,7496.91,UPI,8.0,5.0,False,False,7496.91,2025-04-01
ORD02103,2024-05-03,C0277,Hyderabad,Clothing,Running Shoes,1.0,,0.0,2369.0,COD,6.0,,False,False,2369.0,2024-05-01
ORD02595,2024-06-18,C0202,Bengaluru,Electronics,Wireless Earbuds,1.0,2686.09,0.0,2686.09,UPI,1.0,,False,False,2686.09,2024-06-01
ORD00712,2024-01-16,,Bengaluru,Electronics,Power Bank,4.0,1365.0,20.0,4368.0,COD,1.0,2.0,False,False,,2024-01-01
ORD02447,2024-10-24,C0201,Ahmedabad,Grocery,Coffee 500g,4.0,397.81,,1352.54,Credit Card,7.0,5.0,False,False,1352.54,2024-10-01
ORD00011,2025-04-23,C0066,Delhi,Grocery,Basmati Rice 5kg,2.0,586.56,25.0,879.84,UPI,8.0,5.0,False,False,879.84,2025-04-01
ORD02465,2024-12-15,C0013,Mumbai,Grocery,Olive Oil 1L,4.0,748.52,25.0,2246.0,Credit Card,5.0,,False,False,2246.0,2024-12-01
ORD01835,,C0196,Mumbai,Grocery,Olive Oil 1L,1.0,,5.0,715.05,UPI,3.0,,False,False,715.05,
ORD00794,2025-06-16,C0159,Bengaluru,Electronics,Wireless Earbuds,3.0,2272.26,0.0,6816.780000000001,Debit Card,2.0,4.0,False,False,,2025-06-01
ORD02821,2025-05-18,C0023,Chennai,Home,Pressure Cooker,1.0,2676.75,0.0,2676.75,,,,False,False,2676.75,2025-05-01
ORD00095,2025-05-06,C0434,Kolkata,Home,Pressure Cooker,1.0,2765.36,5.0,2627.09,Credit Card,3.0,3.0,False,False,2627.09,2025-05-01
ORD00130,2024-01-13,C0239,Kolkata,Grocery,Basmati Rice 5kg,,575.59,10.0,1554.1,COD,7.0,5.0,False,False,1554.1,2024-01-01
ORD02286,2024-03-07,C0222,Ahmedabad,Home,Bedsheet Set,5.0,,10.0,5493.06,Credit Card,3.0,1.0,False,False,5493.06,2024-03-01
ORD02963,,C0041,Bengaluru,Electronics,Smart Watch,1.0,4216.18,5.0,4005.37,UPI,8.0,4.0,False,False,4005.37,
ORD01901,2024-07-04,C0322,Delhi,Home,Bedsheet Set,2.0,1249.0,0.0,2497.55,COD,3.0,4.0,False,False,2497.55,2024-07-01
ORD02443,2024-04-22,C0072,Chennai,Grocery,Basmati Rice 5kg,5.0,572.7,5.0,2720.0,UPI,5.0,4.0,False,False,2720.0,2024-04-01
ORD01933,,C0399,Mumbai,Books,Textbook,4.0,1369.2,10.0,4929.12,UPI,1.0,4.0,False,False,,
ORD02799,2024-05-31,C0341,Mumbai,Books,Textbook,2.0,1210.0,0.0,2421.0,Credit Card,6.0,4.0,False,False,2421.0,2024-05-01
ORD01866,2024-07-17,C0160,Chennai,Books,Novel,10.0,408.47,5.0,3880.0,Credit Card,2.0,3.0,False,False,3880.0,2024-07-01
ORD01659,2025-06-09,C0139,Mumbai,Clothing,Running Shoes,2.0,2252.17,0.0,4504.0,UPI,1.0,3.0,False,False,4504.0,2025-06-01
ORD00517,2024-10-14,C0478,Chennai,Electronics,Smart Watch,1.0,3936.0,20.0,3148.42,Credit Card,2.0,3.0,False,False,3148.42,2024-10-01
ORD01858,2024-04-16,C0280,Mumbai,Grocery,Coffee 500g,1.0,450.09,10.0,405.09,Credit Card,4.0,4.0,False,False,405.09,2024-04-01
ORD01278,2024-12-08,C0372,Hyderabad,Grocery,Olive Oil 1L,2.0,735.0,5.0,1396.53,Debit Card,3.0,4.0,False,False,1396.53,2024-12-01
ORD00951,2025-03-23,C0004,Mumbai,Electronics,Wireless Earbuds,4.0,2623.11,15.0,8919.0,Net Banking,4.0,,False,False,8919.0,2025-03-01
ORD01121,2024-04-08,C0269,Kolkata,Home,Table Lamp,1.0,678.04,5.0,644.14,COD,3.0,4.0,False,False,644.14,2024-04-01
ORD00420,2025-06-03,C0238,Delhi,Electronics,Power Bank,1.0,1393.0,10.0,1253.0,Credit Card,7.0,4.0,False,False,1253.0,2025-06-01
ORD00923,,C0266,Kolkata,Books,Textbook,1.0,1243.94,10.0,1119.55,Credit Card,1.0,3.0,False,False,1119.55,
ORD02245,,C0432,Ahmedabad,Electronics,Smart Watch,1.0,3774.0,15.0,3208.09,Net Banking,0.0,,False,False,3208.09,
ORD00478,2025-03-05,C0448,Bengaluru,Home,Table Lamp,4.0,782.56,5.0,2973.72,Debit Card,5.0,,False,False,2973.72,2025-03-01
ORD02036,2024-08-01,C0256,Delhi,Books,Cookbook,5.0,600.37,0.0,3001.85,Credit Card,2.0,5.0,False,True,5052.62,2024-08-01
ORD02223,2024-08-03,C0299,Mumbai,Home,Bedsheet Set,10.0,1231.0,10.0,11078.54,Credit Card,4.0,,False,False,11078.54,2024-08-01
ORD01693,2024-03-03,C0232,Kolkata,Electronics,Smart Watch,1.0,,,4086.0,Debit Card,3.0,5.0,False,False,4086.0,2024-03-01
ORD02258,2024-09-17,C0184,Mumbai,Electronics,Wireless Earbuds,1.0,2687.72,20.0,2150.0,Credit Card,4.0,5.0,False,False,2150.0,2024-09-01
ORD01472,2024-09-07,C0456,Chennai,Clothing,Denim Jeans,1.0,1754.97,20.0,1403.98,UPI,4.0,5.0,False,False,1403.98,2024-09-01
ORD01203,2024-06-26,C0185,Hyderabad,Books,Textbook,2.0,1138.03,5.0,2162.0,COD,1.0,3.0,False,False,2162.0,2024-06-01
ORD01670,2024-04-28,C0459,Mumbai,Electronics,Smart Watch,2.0,4145.0,,8289.0,Net Banking,5.0,5.0,False,False,8289.0,2024-04-01
ORD02832,2024-10-24,C0408,Bengaluru,Electronics,Power Bank,1.0,1414.0,10.0,1272.6000000000001,,4.0,2.0,False,False,,2024-10-01
ORD01971,2024-09-28,C0175,Hyderabad,Electronics,Wireless Earbuds,1.0,2402.5,20.0,1922.0,Net Banking,5.0,1.0,False,False,,2024-09-01
ORD00821,2024-05-25,C0214,Kolkata,Grocery,Olive Oil 1L,1.0,822.97,0.0,823.0,Debit Card,1.0,,False,False,823.0,2024-05-01
ORD01998,2025-01-19,C0217,Ahmedabad,Electronics,Smart Watch,1.0,4338.74,0.0,4338.74,Debit Card,6.0,4.0,False,False,4338.74,2025-01-01
ORD02926,2024-05-01,C0281,Delhi,Grocery,Olive Oil 1L,10.0,743.77,25.0,5578.0,Credit Card,6.0,4.0,False,False,5578.0,2024-05-01
ORD01249,2025-04-22,C0143,Mumbai,Grocery,Basmati Rice 5kg,4.0,528.58,15.0,1797.0,UPI,7.0,4.0,False,False,1797.0,2025-04-01
ORD02715,2024-06-21,C0107,Kolkata,Grocery,Basmati Rice 5kg,2.0,,0.0,1023.0,Net Banking,,4.0,False,False,1023.0,2024-06-01
ORD02668,2024-05-10,C0294,Kolkata,Books,Novel,2.0,385.25,0.0,770.49,COD,5.0,3.0,False,False,770.49,2024-05-01
ORD01047,2024-04-17,C0326,Hyderabad,Books,Textbook,1.0,1299.37,0.0,1299.37,Credit Card,2.0,5.0,False,False,1299.37,2024-04-01
ORD01889,2025-01-18,C0111,Delhi,Electronics,Wireless Earbuds,2.0,2569.06,0.0,5138.12,Credit Card,1.0,3.0,False,False,5138.12,2025-01-01
ORD00616,2024-08-24,C0203,Ahmedabad,Books,Novel,,387.43,,387.43,Debit Card,3.0,,False,False,387.43,2024-08-01
ORD01319,2024-10-03,C0353,Mumbai,Home,Pressure Cooker,3.0,2944.25,5.0,8391.11,Credit Card,6.0,,False,False,8391.11,2024-10-01
ORD02942,2024-11-24,C0089,Bengaluru,Books,Novel,5.0,374.07,20.0,1496.0,Credit Card,2.0,4.0,False,False,1496.0,2024-11-01
ORD02137,2024-12-14,C0211,Hyderabad,Clothing,Cotton Kurta,5.0,885.13,20.0,3540.52,UPI,2.0,4.0,False,True,10297.0,2024-12-01
ORD02509,2025-05-03,C0455,Mumbai,Home,Bedsheet Set,,1227.04,0.0,,Debit Card,5.0,,False,False,,2025-05-01
ORD01773,2024-12-06,C0305,Mumbai,Grocery,Basmati Rice 5kg,1.0,590.45,10.0,531.0,,8.0,4.0,False,False,531.0,2024-12-01
ORD00132,2024-02-06,C0278,Chennai,Home,Bedsheet Set,1.0,1179.11,5.0,1120.0,Debit Card,5.0,5.0,False,False,1120.0,2024-02-01
ORD00078,2025-03-23,C0157,Chennai,Clothing,Denim Jeans,1.0,1640.0,5.0,1558.0,UPI,4.0,3.0,False,False,,2025-03-01
ORD02053,2024-10-02,C0089,Bengaluru,Grocery,Coffee 500g,3.0,454.0,0.0,1362.0,Credit Card,,4.5,False,False,1362.0,2024-10-01
ORD00725,2024-11-12,C0206,Mumbai,Grocery,Olive Oil 1L,1.0,,25.0,558.13,UPI,5.0,,False,False,558.13,2024-11-01
ORD01315,2024-11-29,C0379,Ahmedabad,Clothing,Cotton Kurta,1.0,,15.0,,Net Banking,7.0,3.0,False,False,,2024-11-01
ORD01852,2024-01-31,C0037,Kolkata,Clothing,Cotton Kurta,1.0,855.24,,812.0,UPI,1.0,,False,False,812.0,2024-01-01
ORD02975,2024-10-27,,Mumbai,Grocery,Coffee 500g,5.0,,0.0,2337.0,UPI,3.0,4.0,False,False,2337.0,2024-10-01
ORD02537,2024-02-23,C0221,Kolkata,Books,Cookbook,1.0,687.17,10.0,618.46,Net Banking,1.0,5.0,False,False,618.46,2024-02-01
ORD01373,2024-03-18,C0378,Mumbai,Grocery,Olive Oil 1L,10.0,729.0,0.0,7291.0,Debit Card,4.0,3.0,False,False,7291.0,2024-03-01
ORD01856,2024-12-30,C0240,Mumbai,Home,Pressure Cooker,2.0,3008.0,10.0,5414.33,Net Banking,,5.0,False,False,5414.33,2024-12-01
ORD01320,2025-03-18,C0108,Mumbai,Books,Novel,2.0,403.71,20.0,646.0,UPI,0.0,,False,False,646.0,2025-03-01
ORD02932,2024-09-30,C0330,Ahmedabad,Grocery,Coffee 500g,2.0,465.46,5.0,884.37,Debit Card,1.0,5.0,False,False,884.37,2024-09-01
ORD02217,2024-03-31,C0488,Mumbai,Grocery,Coffee 500g,2.0,384.63,5.0,730.79,Credit Card,2.0,3.0,False,False,730.79,2024-03-01
ORD00376,2024-05-19,,Ahmedabad,Home,Bedsheet Set,1.0,1100.3,0.0,1100.3,UPI,5.0,3.0,False,False,1100.3,2024-05-01
ORD01909,2024-05-18,C0233,Chennai,Home,Pressure Cooker,2.0,2550.74,5.0,4846.4,Net Banking,8.0,4.0,False,False,4846.4,2024-05-01
ORD00334,2025-04-04,C0121,Bengaluru,Grocery,Basmati Rice 5kg,1.0,563.0,5.0,534.54,UPI,7.0,5.0,False,False,534.54,2025-04-01
ORD02299,2024-01-21,C0027,Hyderabad,Home,Bedsheet Set,2.0,1083.77,0.0,2168.0,Credit Card,5.0,,False,False,2168.0,2024-01-01
ORD02349,2025-03-23,C0465,Kolkata,Clothing,Denim Jeans,4.0,1546.39,0.0,6185.56,Debit Card,0.0,4.0,False,False,,2025-03-01
ORD01605,2024-05-04,C0352,Delhi,Grocery,Coffee 500g,1.0,,0.0,,COD,7.0,,False,False,,2024-05-01
ORD01119,2025-02-05,C0261,Delhi,Clothing,Cotton Kurta,2.0,872.79,0.0,1746.0,Credit Card,,,False,False,1746.0,2025-02-01
ORD02886,2025-03-28,C0380,Chennai,Books,Textbook,1.0,1331.5,0.0,1331.0,UPI,,,False,False,1331.0,2025-03-01
ORD01944,2024-04-07,C0184,Mumbai,Books,Cookbook,2.0,595.85,20.0,953.0,Net Banking,3.0,3.0,False,False,953.0,2024-04-01
ORD02309,2024-01-13,C0309,Kolkata,Grocery,Coffee 500g,2.0,425.0,0.0,850.64,UPI,2.0,1.0,False,False,850.64,2024-01-01
ORD02574,2024-11-09,C0498,Mumbai,Books,Textbook,1.0,,0.0,,COD,4.0,3.0,False,False,,2024-11-01
ORD01343,2024-06-12,C0478,Chennai,Books,Novel,1.0,366.0,0.0,366.0,UPI,2.0,3.0,False,False,366.0,2024-06-01
ORD00321,2024-08-03,C0030,Hyderabad,Grocery,Basmati Rice 5kg,2.0,,5.0,941.53,Net Banking,5.0,2.0,False,False,941.53,2024-08-01
ORD01620,2024-05-19,C0073,Delhi,Home,Table Lamp,5.0,700.71,0.0,3504.0,COD,1.0,5.0,False,False,3504.0,2024-05-01
ORD02496,2024-01-05,C0121,Bengaluru,Home,Pressure Cooker,2.0,2822.0,5.0,5361.8,Net Banking,7.0,2.0,False,True,8501.15,2024-01-01
ORD02061,2024-05-17,C0358,Bengaluru,Home,Pressure Cooker,3.0,2999.0,,8997.0,Credit Card,7.0,,False,False,8997.0,2024-05-01
ORD01674,2024-08-23,,Hyderabad,Home,Table Lamp,1.0,,5.0,1182.11,Credit Card,2.0,4.0,False,False,1182.11,2024-08-01
ORD01943,2024-03-29,C0081,Delhi,Clothing,Denim Jeans,1.0,1667.0,0.0,1667.0,Credit Card,2.0,5.0,False,False,1667.0,2024-03-01
ORD00261,2024-07-11,C0209,Chennai,Grocery,Basmati Rice 5kg,1.0,525.0,15.0,446.0,COD,2.0,2.0,False,False,446.0,2024-07-01
ORD02402,2024-09-03,C0349,Mumbai,Home,Pressure Cooker,5.0,2650.64,15.0,11265.21,COD,7.0,,False,False,11265.21,2024-09-01
ORD02040,2025-02-17,C0490,Ahmedabad,Grocery,Olive Oil 1L,2.0,,15.0,1296.0,UPI,1.0,3.0,False,False,1296.0,2025-02-01
ORD00690,2024-12-09,C0168,Chennai,Grocery,Coffee 500g,1.0,461.24,0.0,461.24,Debit Card,6.0,3.0,False,False,461.24,2024-12-01
ORD00902,2024-05-10,C0171,Mumbai,Clothing,Running Shoes,1.0,2516.0,15.0,2138.78,Credit Card,2.0,5.0,False,False,2138.78,2024-05-01
ORD02027,2024-05-20,C0474,Ahmedabad,Electronics,Smart Watch,2.0,4232.0,15.0,7194.41,Credit Card,3.0,2.0,False,False,7194.41,2024-05-01
ORD00139,2025-02-02,C0292,Chennai,Clothing,Cotton Kurta,2.0,980.24,0.0,1960.48,UPI,3.0,4.0,False,False,1960.48,2025-02-01
ORD01918,2024-08-24,C0006,Chennai,Home,Pressure Cooker,1.0,2673.44,10.0,2406.0,Net Banking,0.0,4.0,False,False,2406.0,2024-08-01
ORD01829,2024-05-13,C0364,Ahmedabad,Clothing,Cotton Kurta,1.0,,0.0,,Credit Card,,,False,False,,2024-05-01
ORD01574,2025-06-23,C0361,Hyderabad,Grocery,Basmati Rice 5kg,2.0,497.94,15.0,846.4979999999999,Net Banking,3.0,3.0,False,False,,2025-06-01
ORD00320,2025-04-16,C0473,Ahmedabad,Home,Bedsheet Set,1.0,,,,COD,5.0,3.0,False,False,,2025-04-01
ORD00654,2024-12-11,C0337,Mumbai,Grocery,Basmati Rice 5kg,4.0,521.82,25.0,1565.0,Credit Card,1.0,3.0,False,False,1565.0,2024-12-01
ORD02138,2024-01-11,C0288,Mumbai,Home,Pressure Cooker,1.0,,10.0,2406.0,Net Banking,1.0,,False,False,2406.0,2024-01-01
ORD02370,2024-07-14,C0307,Ahmedabad,Home,Bedsheet Set,1.0,1317.0,5.0,1251.1499999999999,Debit Card,3.0,4.0,False,False,,2024-07-01
ORD00559,2024-10-24,C0270,Ahmedabad,Clothing,Denim Jeans,2.0,1457.59,10.0,2624.0,COD,0.0,4.0,False,False,2624.0,2024-10-01
ORD00113,2025-05-20,C0316,Hyderabad,Clothing,Denim Jeans,4.0,,15.0,5805.91,Net Banking,2.0,3.0,False,False,5805.91,2025-05-01
ORD00532,2025-01-27,C0432,Ahmedabad,Clothing,Running Shoes,2.0,2341.04,5.0,4448.0,Credit Card,8.0,4.0,False,False,4448.0,2025-01-01
ORD00225,2024-05-29,C0110,Mumbai,Books,Textbook,1.0,1283.35,5.0,1219.0,Debit Card,6.0,,False,False,1219.0,2024-05-01
ORD00724,2024-04-22,C0178,Mumbai,Home,Bedsheet Set,1.0,1191.0,25.0,893.25,Credit Card,3.0,,False,False,893.25,2024-04-01
ORD02477,2024-12-30,C0237,Hyderabad,Electronics,Wireless Earbuds,1.0,2555.59,5.0,2427.81,UPI,2.0,4.0,False,False,2427.81,2024-12-01
ORD02624,2024-11-25,,Mumbai,Grocery,Basmati Rice 5kg,2.0,513.0,0.0,1025.56,Credit Card,5.0,4.0,False,False,1025.56,2024-11-01
ORD01434,2024-02-20,C0216,Bengaluru,Books,Textbook,4.0,1321.49,20.0,4229.0,Credit Card,2.0,3.0,False,False,4229.0,2024-02-01
ORD02377,2024-10-14,C0373,Hyderabad,Electronics,Smart Watch,1.0,4170.0,15.0,3545.0,Credit Card,1.0,5.0,False,False,3545.0,2024-10-01
ORD01459,2024-10-06,C0037,Kolkata,Home,Pressure Cooker,1.0,2856.6,10.0,2570.94,Credit Card,1.0,4.0,False,False,,2024-10-01
ORD02757,2024-04-21,C0138,Mumbai,Clothing,Cotton Kurta,2.0,966.63,5.0,1836.59,COD,5.0,1.0,False,False,1836.59,2024-04-01
ORD00847,2025-01-06,C0104,Delhi,Home,Pressure Cooker,1.0,2825.27,0.0,2825.27,Debit Card,4.0,1.0,False,False,2825.27,2025-01-01
ORD00194,2025-03-27,C0243,Bengaluru,Clothing,Denim Jeans,1.0,,10.0,1300.93,Credit Card,8.0,,False,False,1300.93,2025-03-01
ORD01465,2024-01-12,C0259,Chennai,Books,Textbook,4.0,1277.58,,3833.0,Credit Card,,5.0,False,False,3833.0,2024-01-01
ORD00947,2024-10-12,C0364,Ahmedabad,Books,Textbook,10.0,1247.49,10.0,11227.43,UPI,2.0,4.0,False,False,11227.43,2024-10-01
ORD02022,2024-09-27,C0294,Kolkata,Clothing,Running Shoes,1.0,,,2079.0,Net Banking,,3.0,False,False,2079.0,2024-09-01
ORD01630,2025-05-28,C0035,Kolkata,Electronics,Smart Watch,10.0,4120.62,5.0,39145.88,Debit Card,5.0,3.0,False,False,39145.88,2025-05-01
ORD00118,2024-11-05,C0459,Mumbai,Home,Bedsheet Set,5.0,1273.0,5.0,6045.21,COD,8.0,5.0,False,False,6045.21,2024-11-01
ORD00646,2025-01-01,C0272,Mumbai,Clothing,Running Shoes,2.0,2257.0,0.0,4514.0,,3.0,,False,False,4514.0,2025-01-01
ORD01871,2024-09-23,C0457,Kolkata,Home,Table Lamp,1.0,,0.0,,Credit Card,4.0,,False,False,,2024-09-01
ORD00004,2025-01-17,C0442,Chennai,Electronics,Wireless Earbuds,2.0,2494.73,20.0,3992.0,Debit Card,3.0,5.0,False,False,3992.0,2025-01-01
ORD00075,2025-03-03,C0491,Kolkata,Grocery,Olive Oil 1L,4.0,844.0,0.0,3376.0,Debit Card,,5.0,False,False,3376.0,2025-03-01
ORD01756,2025-03-18,C0063,Mumbai,Home,Table Lamp,1.0,705.0,,564.0,UPI,1.0,,False,False,564.0,2025-03-01
ORD00468,2024-11-03,C0236,Hyderabad,Grocery,Coffee 500g,3.0,415.5,,1184.0,Net Banking,2.0,5.0,False,False,1184.0,2024-11-01
ORD00006,2025-02-25,C0130,Delhi,Clothing,Denim Jeans,2.0,1610.0,20.0,2575.39,,,5.0,False,False,2575.39,2025-02-01
ORD01247,,C0424,Kolkata,Electronics,Wireless Earbuds,1.0,2623.62,0.0,2623.62,COD,,4.0,False,False,2623.62,
ORD00920,2024-07-12,C0004,Mumbai,Books,Cookbook,1.0,610.83,5.0,580.29,Net Banking,2.0,,False,False,580.29,2024-07-01
ORD00229,2025-06-16,C0352,Delhi,Home,Bedsheet Set,2.0,1212.0,0.0,2423.0,Debit Card,2.0,,False,False,2423.0,2025-06-01
ORD01064,2024-01-28,C0324,Mumbai,Electronics,Power Bank,1.0,1360.41,10.0,1224.0,Net Banking,,,False,False,1224.0,2024-01-01
ORD00243,,C0041,Bengaluru,Books,Novel,2.0,386.45,10.0,695.61,COD,2.0,4.0,False,False,,
ORD02539,2025-03-29,C0352,Delhi,Clothing,Running Shoes,1.0,2103.57,5.0,1998.3915,Credit Card,6.0,4.0,False,False,,2025-03-01
ORD01161,2024-04-02,C0391,Delhi,Books,Cookbook,2.0,647.0,15.0,1099.0,Credit Card,5.0,4.5,False,False,1099.0,2024-04-01
ORD02725,2024-06-23,C0003,Chennai,Books,Novel,2.0,365.57,10.0,658.03,COD,7.0,,False,False,658.03,2024-06-01
ORD01527,2024-05-31,C0210,Mumbai,Books,Textbook,1.0,1358.0,10.0,1222.01,UPI,3.0,,False,False,1222.01,2024-05-01
ORD01606,2025-03-17,C0378,Mumbai,Electronics,Power Bank,1.0,1171.17,5.0,1112.6115,Credit Card,7.0,4.0,False,False,,2025-03-01
ORD02842,2024-04-13,C0194,Mumbai,Books,Novel,2.0,433.65,0.0,867.3,Net Banking,1.0,4.0,False,False,867.3,2024-04-01
ORD02375,2024-08-09,C0406,Kolkata,Home,Table Lamp,2.0,725.0,10.0,1305.0,Net Banking,,2.0,False,True,3219.36,2024-08-01
ORD02598,2025-01-16,C0282,Mumbai,Clothing,Running Shoes,2.0,2239.0,15.0,3806.2999999999997,Debit Card,3.0,,False,False,,2025-01-01
ORD01990,2024-04-03,C0029,Kolkata,Books,Novel,2.0,431.0,15.0,732.6999999999999,Credit Card,2.0,4.0,False,True,2145.0,2024-04-01
ORD02400,2024-01-14,C0370,Hyderabad,Grocery,Coffee 500g,2.0,385.0,10.0,693.19,Credit Card,3.0,,False,False,693.19,2024-01-01
ORD01976,,C0144,Ahmedabad,Home,Pressure Cooker,5.0,2633.96,0.0,13169.8,Debit Card,3.0,5.0,False,False,,
ORD01762,2024-10-07,C0019,Chennai,Clothing,Cotton Kurta,2.0,,0.0,,,,,False,False,,2024-10-01
ORD01306,2025-06-27,C0261,Delhi,Grocery,Coffee 500g,5.0,448.6,5.0,2130.86,COD,1.0,4.0,False,False,2130.86,2025-06-01
ORD01542,2024-11-07,C0297,Delhi,Clothing,Cotton Kurta,5.0,939.52,15.0,3992.96,Credit Card,3.0,4.0,False,True,11357.0,2024-11-01
ORD00623,2025-01-09,C0144,Ahmedabad,Books,Novel,1.0,435.89,20.0,348.71,COD,3.0,3.0,False,False,348.71,2025-01-01
ORD02361,2024-03-06,C0169,Bengaluru,Grocery,Coffee 500g,2.0,388.51,0.0,777.0,Credit Card,2.0,3.0,False,False,777.0,2024-03-01
ORD01494,2024-03-17,C0392,Mumbai,Clothing,Cotton Kurta,2.0,850.87,0.0,1702.0,Net Banking,4.0,,False,False,1702.0,2024-03-01
ORD00111,2024-07-17,C0381,Chennai,Electronics,Wireless Earbuds,4.0,2324.99,10.0,8369.98,Debit Card,1.0,4.0,False,False,8369.98,2024-07-01
ORD02657,2024-02-04,C0122,Mumbai,Clothing,Cotton Kurta,1.0,,5.0,,Net Banking,8.0,,False,False,,2024-02-01
ORD01170,2025-05-18,C0001,Mumbai,Electronics,Wireless Earbuds,2.0,2693.75,15.0,4579.0,Debit Card,2.0,,False,False,4579.0,2025-05-01
ORD02510,2024-11-28,C0008,Ahmedabad,Home,Bedsheet Set,3.0,,0.0,,Credit Card,3.0,4.0,False,False,,2024-11-01
ORD00233,2024-01-24,C0365,Mumbai,Electronics,Power Bank,1.0,1400.0,20.0,1120.0,Credit Card,5.0,5.0,False,False,1120.0,2024-01-01
ORD00067,2024-02-23,C0371,Mumbai,Electronics,Wireless Earbuds,5.0,2700.36,25.0,10126.0,Credit Card,1.0,2.0,False,False,10126.0,2024-02-01
ORD02763,2024-11-26,C0307,Ahmedabad,Electronics,Smart Watch,1.0,3970.0,5.0,3771.89,Net Banking,2.0,,False,False,3771.89,2024-11-01
ORD02073,2025-02-04,C0349,Mumbai,Electronics,Power Bank,,1269.0,0.0,6344.0,UPI,3.0,,False,False,6344.0,2025-02-01
ORD02193,2024-01-28,C0016,Mumbai,Clothing,Cotton Kurta,3.0,897.0,0.0,2691.65,COD,2.0,5.0,False,False,2691.65,2024-01-01
ORD00537,2025-04-07,C0178,Mumbai,Electronics,Power Bank,2.0,1360.47,,,UPI,7.0,5.0,False,False,,2025-04-01
ORD00126,2025-01-17,C0234,Ahmedabad,Books,Cookbook,2.0,680.02,5.0,1292.0,COD,1.0,5.0,False,False,1292.0,2025-01-01
ORD02134,2024-07-20,C0378,Mumbai,Home,Pressure Cooker,4.0,2871.0,20.0,9187.0,UPI,5.0,1.0,False,False,9187.0,2024-07-01
ORD01255,2024-10-07,C0426,Mumbai,Books,Novel,5.0,407.0,0.0,2035.0,Credit Card,3.0,3.0,False,False,2035.0,2024-10-01
ORD02535,2024-05-26,C0156,Delhi,Books,Cookbook,3.0,589.0,5.0,1680.0,COD,5.0,5.0,False,False,1680.0,2024-05-01
ORD01977,2024-12-12,C0148,Ahmedabad,Grocery,Olive Oil 1L,2.0,704.0,10.0,1267.0,Debit Card,2.0,5.0,False,False,1267.0,2024-12-01
ORD02511,2024-10-28,C0442,Chennai,Clothing,Cotton Kurta,,960.02,0.0,,Credit Card,7.0,,False,False,,2024-10-01
ORD02374,2024-10-03,C0500,Mumbai,Grocery,Coffee 500g,2.0,423.0,10.0,761.66,COD,2.0,,False,False,761.66,2024-10-01
ORD02076,2025-02-01,C0333,Delhi,Electronics,Wireless Earbuds,1.0,2502.0,5.0,2376.9,Credit Card,1.0,5.0,False,False,,2025-02-01
ORD00485,2024-08-15,C0458,Chennai,Grocery,Olive Oil 1L,3.0,735.05,10.0,1985.0,UPI,2.0,,False,False,1985.0,2024-08-01
ORD01655,2025-01-21,C0262,Kolkata,Grocery,Basmati Rice 5kg,1.0,520.0,0.0,520.38,Credit Card,4.0,,False,False,520.38,2025-01-01
ORD02731,2024-01-14,C0451,Ahmedabad,Clothing,Cotton Kurta,1.0,824.0,20.0,659.0,Debit Card,8.0,,False,False,659.0,2024-01-01
ORD02313,2024-12-24,C0046,Chennai,Clothing,Denim Jeans,5.0,1676.38,25.0,6286.44,Net Banking,4.0,4.0,False,False,6286.44,2024-12-01
ORD02453,2025-02-26,C0046,Chennai,Books,Novel,1.0,420.0,5.0,398.91,Credit Card,6.0,4.0,False,False,398.91,2025-02-01
ORD01775,2025-03-21,C0016,Mumbai,Electronics,Smart Watch,1.0,,0.0,3811.92,UPI,2.0,4.0,False,False,3811.92,2025-03-01
ORD00919,2024-09-04,C0443,Ahmedabad,Books,Textbook,1.0,1285.0,0.0,1285.0,UPI,6.0,4.0,False,False,,2024-09-01
ORD01647,2024-02-16,C0255,Mumbai,Books,Novel,5.0,394.0,10.0,1772.0,Net Banking,4.0,,False,False,1772.0,2024-02-01
ORD01027,2024-07-14,C0071,Delhi,Grocery,Olive Oil 1L,1.0,832.5,5.0,790.875,COD,5.0,,False,False,,2024-07-01
ORD01031,2025-03-24,C0323,Bengaluru,Books,Textbook,2.0,,0.0,2427.3,Debit Card,7.0,3.0,False,False,2427.3,2025-03-01
ORD00883,2024-10-26,C0403,Kolkata,Books,Novel,,407.0,5.0,1160.0,Credit Card,3.0,,False,False,1160.0,2024-10-01
ORD01336,2024-02-02,C0015,Delhi,Clothing,Running Shoes,5.0,2495.0,5.0,11850.88,COD,4.0,1.0,False,False,11850.88,2024-02-01
ORD02853,2024-08-08,C0430,Kolkata,Electronics,Wireless Earbuds,4.0,2730.0,5.0,10374.0,COD,3.0,,False,False,,2024-08-01
ORD00365,2024-03-29,C0349,Mumbai,Grocery,Olive Oil 1L,1.0,742.0,10.0,668.0,Credit Card,3.0,3.0,False,False,668.0,2024-03-01
ORD02126,2024-03-02,C0323,Bengaluru,Books,Cookbook,1.0,667.47,5.0,634.09,Credit Card,2.0,3.0,False,False,634.09,2024-03-01
ORD00028,2025-03-20,C0416,Kolkata,Clothing,Running Shoes,1.0,2370.86,5.0,2252.31,Net Banking,0.0,4.0,False,False,2252.31,2025-03-01
ORD00474,,C0423,Mumbai,Home,Pressure Cooker,5.0,,0.0,12842.0,Debit Card,5.0,4.0,False,False,12842.0,
ORD00526,,C0084,Delhi,Clothing,Denim Jeans,2.0,1569.52,,3139.0,UPI,5.0,3.0,False,False,3139.0,
ORD00726,2025-06-27,C0427,Chennai,Grocery,Olive Oil 1L,2.0,717.24,5.0,1362.7559999999999,,2.0,4.5,False,False,,2025-06-01
ORD00056,2024-04-12,C0046,Chennai,Electronics,Wireless Earbuds,2.0,2454.66,5.0,4663.85,UPI,6.0,5.0,False,False,4663.85,2024-04-01
ORD00639,2024-08-01,C0204,Mumbai,Electronics,Wireless Earbuds,3.0,2458.55,0.0,7375.650000000001,Net Banking,4.0,4.0,False,True,15504.0,2024-08-01
ORD00303,2025-02-03,C0336,Mumbai,Electronics,Smart Watch,1.0,3742.0,20.0,2993.84,Net Banking,4.0,2.0,False,False,2993.84,2025-02-01
ORD02662,2024-08-12,C0050,Delhi,Clothing,Running Shoes,1.0,2496.0,,2495.6,UPI,,5.0,False,False,2495.6,2024-08-01
ORD01277,2024-05-18,C0099,Delhi,Grocery,Basmati Rice 5kg,1.0,,0.0,530.02,COD,4.0,3.0,False,False,530.02,2024-05-01
ORD02690,2025-06-06,C0281,Delhi,Home,Table Lamp,3.0,707.31,10.0,1909.73,UPI,3.0,5.0,False,False,1909.73,2025-06-01
ORD00625,2024-01-05,C0038,Chennai,Home,Bedsheet Set,1.0,1183.91,15.0,1006.3235000000001,Debit Card,5.0,5.0,False,False,,2024-01-01
ORD02056,2024-03-31,C0476,Delhi,Books,Novel,1.0,416.0,0.0,416.0,Net Banking,7.0,,False,False,,2024-03-01
ORD01281,2025-03-06,C0233,Chennai,Books,Textbook,1.0,1276.78,25.0,958.0,Credit Card,5.0,4.5,False,False,958.0,2025-03-01
ORD01050,2024-04-13,C0271,Hyderabad,Home,Bedsheet Set,5.0,1119.0,0.0,5596.0,UPI,1.0,4.0,False,False,5596.0,2024-04-01
ORD00337,2024-10-17,C0058,Mumbai,Grocery,Olive Oil 1L,1.0,842.0,10.0,758.1,COD,,5.0,False,False,758.1,2024-10-01
ORD00048,2025-06-19,C0335,Ahmedabad,Clothing,Running Shoes,1.0,,5.0,2400.0,Credit Card,4.0,4.0,False,False,2400.0,2025-06-01
ORD00107,2024-10-21,C0408,Bengaluru,Books,Textbook,2.0,1261.0,0.0,2522.0,Net Banking,7.0,,False,False,2522.0,2024-10-01
ORD01080,2024-01-07,C0151,Hyderabad,Books,Cookbook,10.0,684.77,0.0,6848.0,Credit Card,,4.0,False,False,6848.0,2024-01-01
ORD02262,2025-04-22,C0476,Delhi,Grocery,Olive Oil 1L,2.0,762.27,0.0,1524.54,Credit Card,6.0,2.0,False,False,,2025-04-01
ORD01145,2024-12-21,C0425,Chennai,Books,Textbook,1.0,1251.0,0.0,1251.0,Debit Card,6.0,,False,False,1251.0,2024-12-01
ORD01837,2025-06-24,C0229,Delhi,Electronics,Power Bank,2.0,1196.0,0.0,2392.0,Net Banking,3.0,4.0,False,False,,2025-06-01
ORD01754,2024-05-10,C0291,Delhi,Clothing,Cotton Kurta,2.0,928.0,15.0,1577.6,COD,1.0,,False,False,,2024-05-01
ORD01102,2024-10-24,C0109,Bengaluru,Electronics,Smart Watch,2.0,3975.0,0.0,7950.0,Net Banking,2.0,,False,False,,2024-10-01
ORD01969,2024-09-17,C0322,Delhi,Grocery,Coffee 500g,3.0,404.99,0.0,1214.97,COD,3.0,5.0,False,False,,2024-09-01
ORD00524,,C0386,Bengaluru,Grocery,Olive Oil 1L,5.0,,0.0,,UPI,3.0,,False,False,,
ORD02281,2024-07-13,C0207,Bengaluru,Books,Cookbook,1.0,672.85,20.0,538.2800000000001,Credit Card,5.0,,False,False,,2024-07-01
ORD01429,2024-06-13,C0485,Ahmedabad,Home,Bedsheet Set,2.0,1182.74,10.0,2128.92,Debit Card,5.0,5.0,False,False,2128.92,2024-06-01
ORD02930,2024-07-04,C0010,Ahmedabad,Home,Pressure Cooker,2.0,2865.0,10.0,5157.0,Net Banking,0.0,3.0,False,False,5157.0,2024-07-01
ORD00604,2024-02-01,C0200,Ahmedabad,Home,Pressure Cooker,2.0,3068.81,10.0,5524.0,Credit Card,2.0,,False,False,5524.0,2024-02-01
ORD01490,2025-01-28,C0083,Kolkata,Electronics,Smart Watch,1.0,3659.94,20.0,2927.95,UPI,8.0,2.0,False,False,2927.95,2025-01-01
ORD02399,2024-01-17,C0155,Bengaluru,Clothing,Running Shoes,,2306.0,,,Net Banking,2.0,5.0,False,False,,2024-01-01
ORD00061,2024-01-06,C0291,Delhi,Clothing,Running Shoes,2.0,2123.0,0.0,4246.0,UPI,2.0,,False,False,4246.0,2024-01-01
ORD02805,2024-03-04,C0205,Bengaluru,Electronics,Power Bank,4.0,,15.0,4580.51,Debit Card,2.0,4.0,False,False,4580.51,2024-03-01
ORD00672,2024-08-24,C0262,Kolkata,Books,Cookbook,5.0,613.14,10.0,2759.0,COD,5.0,,False,False,2759.0,2024-08-01
ORD00093,2024-09-25,C0278,Chennai,Home,Bedsheet Set,3.0,,15.0,3308.0,Net Banking,5.0,5.0,False,False,3308.0,2024-09-01
ORD00667,2025-02-24,C0375,Bengaluru,Clothing,Running Shoes,1.0,2247.0,0.0,2246.92,COD,4.0,,False,False,2246.92,2025-02-01
ORD01888,2024-09-30,C0380,Chennai,Books,Textbook,1.0,1133.65,10.0,1020.29,Credit Card,3.0,3.0,False,False,1020.29,2024-09-01
ORD00281,2025-06-22,C0123,Bengaluru,Electronics,Power Bank,1.0,1421.0,15.0,1207.85,UPI,4.0,4.0,False,False,,2025-06-01
ORD01720,2024-01-28,C0040,Mumbai,Books,Textbook,2.0,1176.0,0.0,2352.82,UPI,6.0,2.0,False,False,2352.82,2024-01-01
ORD00360,,C0435,Ahmedabad,Home,Pressure Cooker,5.0,2832.0,20.0,11328.26,Net Banking,1.0,4.0,False,False,11328.26,
ORD00900,2024-08-19,C0310,Mumbai,Electronics,Wireless Earbuds,1.0,2688.01,0.0,2688.01,Credit Card,4.0,4.0,False,False,2688.01,2024-08-01
ORD01936,2025-06-23,,Hyderabad,Electronics,Smart Watch,1.0,3875.33,10.0,3487.797,Credit Card,8.0,,False,False,,2025-06-01
ORD01995,2025-05-23,C0414,Kolkata,Home,Table Lamp,4.0,,0.0,3215.71,Credit Card,3.0,5.0,False,False,3215.71,2025-05-01
ORD02360,2024-06-01,C0160,Chennai,Clothing,Cotton Kurta,1.0,938.0,10.0,844.0,Credit Card,,,False,False,844.0,2024-06-01
ORD00761,2025-04-07,C0154,Bengaluru,Electronics,Power Bank,4.0,1393.74,10.0,5017.46,Net Banking,5.0,5.0,False,False,5017.46,2025-04-01
ORD02159,2024-07-10,C0181,Mumbai,Books,Cookbook,2.0,672.63,5.0,1277.9969999999998,Net Banking,5.0,1.0,False,False,,2024-07-01
ORD02677,2025-02-25,C0011,Delhi,Clothing,Denim Jeans,5.0,1540.0,,,UPI,0.0,5.0,False,False,,2025-02-01
ORD00043,2024-08-03,C0151,Hyderabad,Home,Bedsheet Set,2.0,1211.0,20.0,1938.0,UPI,1.0,,False,False,1938.0,2024-08-01
ORD02174,2024-10-27,C0398,Kolkata,Home,Table Lamp,1.0,686.0,15.0,583.47,,4.0,4.0,False,False,583.47,2024-10-01
ORD00205,2024-11-25,C0241,Bengaluru,Books,Cookbook,4.0,699.0,0.0,2798.0,Net Banking,4.0,5.0,False,False,2798.0,2024-11-01
ORD01474,2024-12-11,C0222,Ahmedabad,Books,Cookbook,1.0,693.21,25.0,519.91,COD,1.0,5.0,False,False,519.91,2024-12-01
ORD02101,2024-07-05,C0141,Ahmedabad,Electronics,Power Bank,10.0,1197.44,20.0,9579.54,UPI,4.0,5.0,False,False,9579.54,2024-07-01
ORD00069,2024-11-16,C0097,Chennai,Books,Textbook,2.0,1328.5,15.0,2258.0,Credit Card,2.0,3.0,False,False,2258.0,2024-11-01
ORD01876,2024-08-17,C0236,Hyderabad,Clothing,Running Shoes,1.0,,0.0,2410.86,Credit Card,3.0,4.0,False,False,2410.86,2024-08-01
ORD02427,2024-10-12,C0075,Kolkata,Clothing,Running Shoes,3.0,,0.0,6457.98,COD,4.0,,False,False,6457.98,2024-10-01
ORD02232,2024-11-30,,Mumbai,Home,Table Lamp,5.0,776.58,0.0,3882.89,Credit Card,4.0,5.0,False,False,3882.89,2024-11-01
ORD00138,2025-04-20,C0423,Mumbai,Books,Textbook,5.0,1343.0,5.0,6379.25,COD,1.0,,False,False,,2025-04-01
ORD00797,2024-02-01,C0053,Ahmedabad,Books,Novel,1.0,382.37,20.0,305.9,COD,4.0,5.0,False,False,305.9,2024-02-01
ORD02181,2025-03-22,C0093,Delhi,Home,Bedsheet Set,4.0,1081.34,5.0,4109.08,Credit Card,3.0,4.0,False,False,4109.08,2025-03-01
ORD02129,2024-07-13,C0385,Ahmedabad,Electronics,Wireless Earbuds,2.0,2370.34,0.0,4741.0,Credit Card,2.0,,False,False,4741.0,2024-07-01
ORD00759,2024-12-02,C0095,Hyderabad,Electronics,Power Bank,3.0,1406.0,0.0,4217.68,Net Banking,2.0,3.0,False,False,4217.68,2024-12-01
ORD00542,2024-12-13,C0459,Mumbai,Clothing,Running Shoes,1.0,2098.31,0.0,2098.31,Debit Card,3.0,2.0,False,False,2098.31,2024-12-01
ORD01020,2024-05-05,C0460,Hyderabad,Grocery,Coffee 500g,4.0,392.93,10.0,1414.548,Debit Card,5.0,,False,True,3100.01,2024-05-01
ORD02336,2024-05-07,C0404,Chennai,Electronics,Power Bank,5.0,1212.0,15.0,5151.0,Debit Card,,4.0,False,False,,2024-05-01
ORD00166,2024-05-23,C0160,Chennai,Grocery,Coffee 500g,1.0,,0.0,433.0,Credit Card,3.0,4.0,False,False,433.0,2024-05-01
ORD00249,2024-02-08,C0477,Kolkata,Books,Novel,2.0,,10.0,726.0,Debit Card,7.0,5.0,False,False,726.0,2024-02-01
ORD01332,2025-04-17,C0497,Kolkata,Electronics,Power Bank,1.0,1362.13,20.0,1089.7040000000002,Credit Card,5.0,3.0,False,False,,2025-04-01
ORD02018,2024-07-07,C0462,Delhi,Grocery,Basmati Rice 5kg,1.0,599.0,0.0,599.0,UPI,4.0,3.0,False,True,1255.0,2024-07-01
ORD00447,2024-01-15,C0271,Hyderabad,Clothing,Denim Jeans,2.0,1729.0,5.0,3286.0,Debit Card,1.0,,False,False,3286.0,2024-01-01
ORD01359,2025-01-05,C0459,Mumbai,Clothing,Running Shoes,4.0,2354.08,5.0,8945.52,COD,5.0,4.0,False,False,8945.52,2025-01-01
ORD02146,2024-12-16,C0398,Kolkata,Home,Pressure Cooker,10.0,2803.28,5.0,26631.16,Debit Card,5.0,,False,False,,2024-12-01
ORD01330,2024-11-01,C0052,Ahmedabad,Clothing,Running Shoes,2.0,2078.04,0.0,4156.07,UPI,6.0,3.0,False,False,4156.07,2024-11-01
ORD02968,2025-05-30,C0184,Mumbai,Books,Novel,1.0,421.0,20.0,336.43,Net Banking,4.0,,False,False,336.43,2025-05-01
ORD02151,2025-06-26,C0255,Mumbai,Books,Novel,5.0,395.0,20.0,1578.96,Credit Card,4.0,5.0,False,False,1578.96,2025-06-01
ORD00435,2024-08-30,C0448,Bengaluru,Grocery,Basmati Rice 5kg,2.0,548.0,10.0,986.53,UPI,2.0,5.0,False,False,986.53,2024-08-01
ORD02123,2024-01-21,C0046,Chennai,Grocery,Olive Oil 1L,2.0,833.5,0.0,1667.0,Credit Card,6.0,5.0,False,False,1667.0,2024-01-01
ORD00578,2024-06-29,C0467,Ahmedabad,Electronics,Power Bank,1.0,1268.94,5.0,1205.49,UPI,3.0,,False,False,1205.49,2024-06-01
ORD02439,2024-09-15,,Kolkata,Books,Novel,2.0,428.0,0.0,856.0,Debit Card,4.0,,False,False,,2024-09-01
ORD02907,2024-05-08,C0245,Mumbai,Books,Textbook,2.0,1249.98,10.0,2250.0,Net Banking,2.0,4.0,False,False,2250.0,2024-05-01
ORD01849,2025-06-13,C0161,Mumbai,Grocery,Olive Oil 1L,1.0,,10.0,,Net Banking,5.0,5.0,False,False,,2025-06-01
ORD00763,2025-02-05,,Delhi,Clothing,Cotton Kurta,10.0,827.0,0.0,8273.44,Debit Card,2.0,,False,False,8273.44,2025-02-01
ORD00389,2024-11-09,C0012,Delhi,Home,Pressure Cooker,2.0,2839.69,20.0,4543.5,UPI,2.0,,False,False,4543.5,2024-11-01
ORD00236,2024-06-29,C0267,Mumbai,Home,Bedsheet Set,1.0,1228.0,,1105.2,Net Banking,3.0,,False,False,1105.2,2024-06-01
ORD02659,,C0396,Mumbai,Electronics,Wireless Earbuds,2.0,2659.24,20.0,4254.79,Debit Card,6.0,3.0,False,False,4254.79,
ORD01985,2025-06-23,C0155,Bengaluru,Grocery,Coffee 500g,2.0,388.0,0.0,775.87,Credit Card,5.0,4.0,False,False,775.87,2025-06-01
ORD00268,,C0378,Mumbai,Clothing,Cotton Kurta,1.0,,0.0,816.0,Credit Card,5.0,5.0,False,False,816.0,
ORD00771,2024-11-09,C0024,Kolkata,Home,Pressure Cooker,1.0,,5.0,2587.0,Debit Card,2.0,5.0,False,False,2587.0,2024-11-01
ORD02166,2024-07-08,C0477,Kolkata,Clothing,Denim Jeans,2.0,1588.63,20.0,2541.81,COD,7.0,4.0,False,False,2541.81,2024-07-01
ORD00438,2024-07-01,C0467,Ahmedabad,Electronics,Power Bank,1.0,1395.71,0.0,1396.0,Credit Card,3.0,5.0,False,False,1396.0,2024-07-01
ORD00674,2024-09-15,C0172,Hyderabad,Electronics,Power Bank,2.0,1358.52,15.0,2309.48,Debit Card,0.0,5.0,False,False,2309.48,2024-09-01
ORD00250,,C0162,Kolkata,Books,Cookbook,5.0,697.86,0.0,3489.29,Debit Card,1.0,3.0,False,False,3489.29,
ORD02202,2024-04-11,C0273,Mumbai,Clothing,Running Shoes,1.0,2412.54,10.0,2171.286,UPI,5.0,5.0,False,False,,2024-04-01
ORD01575,2025-06-11,C0394,Mumbai,Electronics,Smart Watch,4.0,,15.0,13678.72,Net Banking,5.0,,False,False,13678.72,2025-06-01
ORD02143,2024-11-02,C0097,Chennai,Books,Novel,3.0,411.67,15.0,1049.7585,Credit Card,3.0,4.0,False,False,,2024-11-01
ORD02082,2024-01-30,C0140,Bengaluru,Home,Table Lamp,1.0,791.03,0.0,791.03,Net Banking,2.0,4.0,False,False,,2024-01-01
ORD02672,2024-10-02,C0253,Ahmedabad,Home,Table Lamp,5.0,,0.0,3749.85,UPI,,,False,False,3749.85,2024-10-01
ORD02622,2024-08-30,C0372,Hyderabad,Home,Pressure Cooker,5.0,2926.84,0.0,14634.18,Credit Card,6.0,1.0,False,False,14634.18,2024-08-01
ORD02795,2024-10-23,C0278,Chennai,Clothing,Cotton Kurta,,979.82,10.0,1763.68,Debit Card,4.0,,False,False,1763.68,2024-10-01
ORD00449,2024-11-16,C0442,Chennai,Clothing,Running Shoes,1.0,2164.61,15.0,1839.9185,UPI,6.0,3.0,False,False,,2024-11-01
ORD01470,2024-06-03,C0073,Delhi,Books,Cookbook,1.0,674.94,0.0,674.94,Net Banking,6.0,2.0,False,False,674.94,2024-06-01
ORD00717,2024-09-01,C0455,Mumbai,Books,Textbook,1.0,1257.0,5.0,1194.1499999999999,COD,4.0,,False,False,,2024-09-01
ORD02507,2025-02-16,C0364,Ahmedabad,Electronics,Wireless Earbuds,1.0,2555.45,15.0,2172.1324999999997,Credit Card,3.0,4.0,False,True,4272.51,2025-02-01
ORD02669,2025-02-18,C0307,Ahmedabad,Clothing,Cotton Kurta,2.0,,5.0,1639.27,UPI,5.0,,False,False,1639.27,2025-02-01
ORD02049,2024-02-04,C0398,Kolkata,Grocery,Olive Oil 1L,5.0,728.44,0.0,3642.0,Net Banking,3.0,5.0,False,False,3642.0,2024-02-01
ORD01902,2025-01-10,C0344,Hyderabad,Clothing,Running Shoes,4.0,2228.16,15.0,7575.76,UPI,4.0,5.0,False,False,7575.76,2025-01-01
ORD01169,2024-04-15,C0142,Hyderabad,Home,Pressure Cooker,2.0,2773.73,0.0,5547.0,Debit Card,5.0,,False,False,5547.0,2024-04-01
ORD00083,2024-05-23,C0336,Mumbai,Electronics,Wireless Earbuds,1.0,2531.0,5.0,2404.03,Net Banking,4.0,3.0,False,False,2404.03,2024-05-01
ORD02473,2024-08-22,C0240,Mumbai,Electronics,Power Bank,1.0,,10.0,,UPI,4.0,3.0,False,False,,2024-08-01
ORD01461,2025-03-01,C0392,Mumbai,Electronics,Power Bank,4.0,1359.94,0.0,5439.78,Net Banking,5.0,2.0,False,False,5439.78,2025-03-01
ORD01894,2024-01-25,C0073,Delhi,Electronics,Wireless Earbuds,1.0,2520.35,0.0,2520.0,UPI,3.0,3.0,False,False,2520.0,2024-01-01
ORD01669,2025-04-07,C0022,Chennai,Grocery,Olive Oil 1L,2.0,856.39,15.0,1455.87,Credit Card,7.0,4.0,False,False,1455.87,2025-04-01
ORD02001,2024-11-20,C0308,Ahmedabad,Grocery,Coffee 500g,2.0,403.34,20.0,645.344,Credit Card,,3.0,False,False,,2024-11-01
ORD00476,2024-05-29,C0500,Mumbai,Electronics,Power Bank,5.0,1247.9,10.0,5616.0,Credit Card,6.0,3.0,False,False,5616.0,2024-05-01
ORD00518,2024-11-26,C0388,Chennai,Grocery,Coffee 500g,2.0,445.56,0.0,891.12,UPI,3.0,1.0,False,False,,2024-11-01
ORD00405,2025-01-01,C0219,Hyderabad,Home,Table Lamp,2.0,,,1480.44,Credit Card,5.0,,False,False,1480.44,2025-01-01
ORD00385,2025-04-09,C0368,Mumbai,Grocery,Basmati Rice 5kg,1.0,496.0,10.0,446.0,Debit Card,4.0,,False,False,446.0,2025-04-01
ORD02482,2024-12-07,C0213,Kolkata,Grocery,Coffee 500g,10.0,,0.0,4417.36,Debit Card,2.0,4.5,False,False,4417.36,2024-12-01
ORD02153,2025-06-10,C0143,Mumbai,Grocery,Basmati Rice 5kg,,,5.0,,Debit Card,2.0,5.0,False,False,,2025-06-01
ORD01634,2024-11-27,C0073,Delhi,Clothing,Cotton Kurta,2.0,972.26,10.0,1750.07,Debit Card,0.0,5.0,False,False,1750.07,2024-11-01
ORD02917,2024-04-07,C0479,Hyderabad,Books,Textbook,1.0,1247.69,5.0,1185.3,COD,,,False,False,1185.3,2024-04-01
ORD00689,2024-11-29,C0478,Chennai,Home,Table Lamp,5.0,733.0,15.0,3115.0,Credit Card,,5.0,False,False,3115.0,2024-11-01
ORD01241,2024-11-24,C0189,Bengaluru,Electronics,Power Bank,5.0,1242.41,10.0,5591.0,Debit Card,5.0,5.0,False,False,5591.0,2024-11-01
ORD00063,2024-12-27,C0383,Mumbai,Books,Cookbook,1.0,598.98,0.0,598.98,Net Banking,1.0,3.0,False,False,,2024-12-01
ORD00853,2024-02-26,C0340,Bengaluru,Electronics,Wireless Earbuds,2.0,2613.0,0.0,5226.0,,4.0,5.0,False,False,5226.0,2024-02-01
ORD02807,2024-11-30,C0393,Chennai,Electronics,Wireless Earbuds,3.0,2579.0,0.0,7737.0,Credit Card,2.0,2.0,False,False,7737.0,2024-11-01
ORD02527,2024-07-18,C0067,Mumbai,Books,Cookbook,4.0,694.11,15.0,2359.974,UPI,6.0,,False,False,,2024-07-01
ORD01263,2024-03-19,C0181,Mumbai,Home,Table Lamp,4.0,721.74,0.0,2887.0,UPI,3.0,4.0,False,False,2887.0,2024-03-01
ORD00224,2024-02-10,C0286,Mumbai,Grocery,Olive Oil 1L,,,0.0,825.0,Credit Card,2.0,3.0,False,False,825.0,2024-02-01
ORD02194,2024-09-16,C0251,Delhi,Books,Novel,1.0,372.0,0.0,372.15,COD,7.0,5.0,False,False,372.15,2024-09-01
ORD00374,2025-01-18,,Chennai,Clothing,Running Shoes,5.0,2331.0,,,UPI,0.0,2.0,False,False,,2025-01-01
ORD01825,2024-03-01,C0391,Delhi,Grocery,Basmati Rice 5kg,2.0,537.85,0.0,1075.71,Net Banking,2.0,4.0,False,False,1075.71,2024-03-01
ORD02589,,C0347,Chennai,Grocery,Coffee 500g,1.0,446.79,0.0,446.79,,2.0,5.0,False,False,446.79,
ORD02927,2024-09-16,C0319,Hyderabad,Books,Novel,2.0,366.0,15.0,622.84,Net Banking,3.0,3.0,False,False,622.84,2024-09-01
ORD02651,2024-05-21,C0085,Bengaluru,Grocery,Olive Oil 1L,1.0,723.31,5.0,687.0,Net Banking,5.0,4.0,False,False,687.0,2024-05-01
ORD00010,2025-05-11,C0325,Bengaluru,Home,Bedsheet Set,1.0,1272.75,0.0,1272.75,Credit Card,5.0,5.0,False,False,1272.75,2025-05-01
ORD01945,2025-02-08,C0148,Ahmedabad,Home,Bedsheet Set,1.0,1154.66,0.0,1154.66,UPI,3.0,,False,False,1154.66,2025-02-01
ORD01839,2024-08-25,C0370,Hyderabad,Home,Table Lamp,2.0,755.04,0.0,1510.07,UPI,3.0,4.0,False,False,1510.07,2024-08-01
ORD00709,2024-05-05,C0287,Mumbai,Books,Textbook,1.0,,15.0,,COD,3.0,1.0,False,False,,2024-05-01
ORD00256,2024-08-05,C0437,Mumbai,Electronics,Power Bank,1.0,1196.0,5.0,1136.0,Debit Card,1.0,1.0,False,False,1136.0,2024-08-01
ORD01618,2024-07-14,C0117,Mumbai,Home,Table Lamp,10.0,785.11,,,UPI,1.0,2.0,False,False,,2024-07-01
ORD00390,2024-09-28,C0137,Mumbai,Grocery,Basmati Rice 5kg,1.0,585.0,0.0,584.5,Net Banking,2.0,3.0,False,False,584.5,2024-09-01
ORD01582,2024-12-03,C0058,Mumbai,Clothing,Denim Jeans,2.0,1482.31,25.0,2223.47,Credit Card,4.0,,False,False,2223.47,2024-12-01
ORD00925,2025-05-27,C0053,Ahmedabad,Home,Table Lamp,2.0,810.0,0.0,1621.0,Debit Card,3.0,4.0,False,False,1621.0,2025-05-01
ORD02037,,C0102,Bengaluru,Clothing,Denim Jeans,1.0,1560.49,0.0,1560.49,Credit Card,1.0,3.0,False,False,1560.49,
ORD02820,2024-02-19,C0230,Kolkata,Electronics,Power Bank,1.0,1233.82,10.0,1110.0,Debit Card,4.0,,False,False,1110.0,2024-02-01
ORD01225,2024-08-24,C0002,Delhi,Clothing,Running Shoes,1.0,2521.82,5.0,2396.0,Net Banking,,5.0,False,False,2396.0,2024-08-01
ORD01947,2025-04-17,C0500,Mumbai,Clothing,Denim Jeans,1.0,,10.0,1501.0,UPI,,4.0,False,False,1501.0,2025-04-01
ORD00740,2025-05-08,,Ahmedabad,Electronics,Wireless Earbuds,2.0,2534.66,0.0,5069.33,Net Banking,1.0,2.0,False,False,5069.33,2025-05-01
ORD00041,2024-05-30,C0416,Kolkata,Home,Pressure Cooker,5.0,2961.0,20.0,11842.81,Debit Card,3.0,,False,False,11842.81,2024-05-01
ORD00869,2024-08-08,C0373,Hyderabad,Books,Textbook,1.0,1215.15,10.0,1093.63,UPI,2.0,4.0,False,False,1093.63,2024-08-01
ORD00540,2024-06-21,C0022,Chennai,Books,Textbook,2.0,1265.0,25.0,1896.9,Credit Card,3.0,4.0,False,False,1896.9,2024-06-01
ORD02562,2024-06-20,C0077,Kolkata,Electronics,Smart Watch,5.0,3944.16,0.0,19721.0,Net Banking,,4.0,False,False,19721.0,2024-06-01
ORD01372,2025-05-13,C0008,Ahmedabad,Home,Bedsheet Set,1.0,1094.21,10.0,984.79,Debit Card,1.0,2.0,False,False,984.79,2025-05-01
ORD01146,2024-05-02,C0371,Mumbai,Clothing,Cotton Kurta,4.0,875.53,25.0,2626.58,COD,3.0,4.0,False,False,2626.58,2024-05-01
ORD01032,2024-04-10,C0137,Mumbai,Clothing,Running Shoes,1.0,2452.0,25.0,1839.0,Net Banking,2.0,3.0,False,False,,2024-04-01
ORD00373,2025-02-01,C0390,Hyderabad,Home,Pressure Cooker,3.0,2903.0,,8709.0,Credit Card,5.0,4.0,False,False,8709.0,2025-02-01
ORD00668,2024-09-04,C0132,Hyderabad,Clothing,Cotton Kurta,2.0,,5.0,2597.88,UPI,6.0,3.0,False,False,2597.88,2024-09-01
ORD00358,2024-10-02,C0001,Mumbai,Clothing,Denim Jeans,3.0,,10.0,3972.41,Net Banking,4.0,4.0,False,False,3972.41,2024-10-01
ORD00968,2024-03-20,C0190,Bengaluru,Grocery,Basmati Rice 5kg,1.0,518.12,0.0,518.12,Credit Card,7.0,3.0,False,False,518.12,2024-03-01
ORD01354,2024-03-16,C0186,Hyderabad,Books,Cookbook,2.0,621.0,0.0,1242.0,UPI,2.0,3.0,False,False,,2024-03-01
ORD01036,2024-05-03,C0491,Kolkata,Books,Cookbook,2.0,627.99,5.0,1193.18,Debit Card,6.0,4.0,False,False,1193.18,2024-05-01
ORD00471,2025-04-23,C0272,Mumbai,Clothing,Cotton Kurta,1.0,898.44,,808.6,Net Banking,4.0,4.0,False,False,808.6,2025-04-01
ORD01397,2024-01-08,C0284,Mumbai,Clothing,Running Shoes,1.0,2278.0,10.0,2050.18,Credit Card,4.0,3.0,False,False,2050.18,2024-01-01
ORD02675,2025-05-01,C0247,Bengaluru,Grocery,Olive Oil 1L,10.0,,10.0,7311.0,Debit Card,4.0,4.0,False,False,7311.0,2025-05-01
ORD01550,,C0002,Delhi,Books,Textbook,10.0,1332.0,10.0,11988.9,Credit Card,4.0,5.0,False,False,11988.9,
ORD01257,2024-11-29,C0467,Ahmedabad,Home,Pressure Cooker,2.0,2743.86,10.0,4938.94,Debit Card,4.0,2.0,False,False,4938.94,2024-11-01
ORD02095,2024-07-06,C0022,Chennai,Grocery,Coffee 500g,3.0,445.06,20.0,1068.144,UPI,6.0,,False,False,,2024-07-01
ORD01556,2024-03-01,C0254,Mumbai,Electronics,Wireless Earbuds,2.0,2378.0,0.0,4755.54,Credit Card,2.0,2.0,False,False,4755.54,2024-03-01
ORD02643,2024-02-29,C0014,Mumbai,Books,Cookbook,1.0,,25.0,529.79,COD,1.0,5.0,False,False,529.79,2024-02-01
ORD01251,2024-07-03,C0069,Ahmedabad,Grocery,Basmati Rice 5kg,2.0,522.43,,940.0,COD,7.0,4.0,False,False,940.0,2024-07-01
ORD01700,2024-02-17,C0377,Kolkata,Books,Textbook,1.0,,5.0,1175.65,COD,4.0,4.0,False,False,1175.65,2024-02-01
ORD01253,2024-06-09,C0431,Delhi,Electronics,Wireless Earbuds,,2689.49,,,Debit Card,6.0,,False,False,,2024-06-01
ORD02838,2025-05-28,C0436,Bengaluru,Home,Table Lamp,1.0,736.0,0.0,735.69,Net Banking,5.0,,False,False,735.69,2025-05-01
ORD00080,2024-06-07,C0105,Ahmedabad,Electronics,Smart Watch,2.0,4372.73,0.0,8745.46,Credit Card,1.0,4.0,False,False,8745.46,2024-06-01
ORD01173,2024-11-02,C0224,Kolkata,Clothing,Denim Jeans,1.0,1645.55,5.0,1563.27,COD,1.0,5.0,False,False,1563.27,2024-11-01
ORD00815,2024-09-11,C0364,Ahmedabad,Clothing,Running Shoes,2.0,2205.22,5.0,4190.0,,3.0,5.0,False,False,4190.0,2024-09-01
ORD01853,2025-02-22,C0028,Ahmedabad,Grocery,Coffee 500g,3.0,,15.0,1149.37,Credit Card,3.0,4.0,False,False,1149.37,2025-02-01
ORD02221,2024-01-31,C0033,Hyderabad,Grocery,Olive Oil 1L,1.0,768.0,15.0,652.65,Net Banking,1.0,4.0,False,False,652.65,2024-01-01
ORD02683,2025-01-23,C0264,Delhi,Electronics,Wireless Earbuds,1.0,,0.0,2331.49,Credit Card,2.0,4.0,False,False,2331.49,2025-01-01
ORD02106,2024-07-25,C0010,Ahmedabad,Home,Table Lamp,1.0,820.0,5.0,779.47,Net Banking,6.0,,False,False,779.47,2024-07-01
ORD00134,2024-08-08,C0264,Delhi,Home,Table Lamp,2.0,778.1,0.0,1556.2,UPI,5.0,4.0,False,False,1556.2,2024-08-01
ORD01141,2024-01-21,C0411,Mumbai,Clothing,Denim Jeans,1.0,1519.43,20.0,1216.0,UPI,8.0,4.0,False,False,1216.0,2024-01-01
ORD00934,2025-06-10,C0191,Mumbai,Books,Textbook,2.0,,10.0,2152.74,COD,4.0,5.0,False,False,2152.74,2025-06-01
ORD00929,2024-06-16,C0141,Ahmedabad,Electronics,Power Bank,3.0,1378.06,10.0,3720.76,Net Banking,1.0,5.0,False,False,3720.76,2024-06-01
ORD00824,2025-03-29,C0424,Kolkata,Electronics,Power Bank,1.0,,25.0,920.65,UPI,3.0,4.0,False,False,920.65,2025-03-01
ORD01532,2025-05-31,C0316,Hyderabad,Books,Novel,2.0,439.0,0.0,877.68,Debit Card,2.0,5.0,False,False,877.68,2025-05-01
ORD01215,2024-02-24,C0248,Delhi,Electronics,Smart Watch,2.0,4146.56,0.0,8293.13,Net Banking,3.0,5.0,False,False,8293.13,2024-02-01
ORD00505,2025-03-16,C0325,Bengaluru,Books,Textbook,1.0,1365.0,20.0,1092.33,Debit Card,6.0,,False,False,1092.33,2025-03-01
ORD02396,2024-10-06,C0338,Chennai,Books,Textbook,3.0,1172.0,5.0,3340.06,Credit Card,5.0,4.0,False,False,3340.06,2024-10-01
ORD01997,2024-11-02,C0174,Delhi,Clothing,Running Shoes,1.0,2265.81,0.0,2266.0,Credit Card,3.0,3.0,False,False,2266.0,2024-11-01
ORD02435,2024-12-26,C0022,Chennai,Electronics,Smart Watch,1.0,3867.98,0.0,3868.0,UPI,3.0,4.0,False,False,3868.0,2024-12-01
ORD01959,2024-10-13,C0045,Mumbai,Home,Bedsheet Set,3.0,1307.06,15.0,3333.0,Net Banking,6.0,4.0,False,False,3333.0,2024-10-01
ORD01385,2025-01-08,,Kolkata,Books,Textbook,2.0,1310.05,5.0,2489.09,COD,,5.0,False,False,2489.09,2025-01-01
ORD00895,2024-08-13,C0212,Kolkata,Grocery,Basmati Rice 5kg,4.0,545.24,0.0,2180.96,Credit Card,3.0,5.0,False,False,,2024-08-01
ORD00829,2024-09-13,C0493,Delhi,Electronics,Smart Watch,1.0,3897.0,10.0,3507.0,Credit Card,5.0,3.0,False,False,3507.0,2024-09-01
ORD02978,2024-09-20,C0357,Mumbai,Home,Pressure Cooker,3.0,2804.52,5.0,7993.0,UPI,2.0,2.0,False,False,7993.0,2024-09-01
ORD01684,2024-06-09,,Delhi,Books,Cookbook,1.0,636.0,5.0,603.92,Net Banking,3.0,,False,False,603.92,2024-06-01
ORD02628,2024-12-25,C0108,Mumbai,Electronics,Power Bank,1.0,1292.0,5.0,1227.2,COD,1.0,,False,False,1227.2,2024-12-01
ORD02612,2024-01-10,C0468,Ahmedabad,Grocery,Basmati Rice 5kg,5.0,532.86,0.0,2664.3,UPI,8.0,5.0,False,False,2664.3,2024-01-01
ORD02564,2024-05-30,C0325,Bengaluru,Home,Bedsheet Set,,1247.78,10.0,2246.01,Credit Card,7.0,3.0,False,False,2246.01,2024-05-01
ORD00653,2025-05-21,C0482,Mumbai,Clothing,Running Shoes,5.0,2503.47,10.0,11265.615,COD,2.0,4.0,False,False,,2025-05-01
ORD00173,2024-10-27,C0175,Hyderabad,Clothing,Running Shoes,2.0,2492.69,0.0,4985.39,Credit Card,2.0,,False,False,4985.39,2024-10-01
ORD00039,2024-01-22,C0170,Mumbai,Clothing,Denim Jeans,2.0,1613.0,,3226.0,Credit Card,7.0,5.0,False,False,3226.0,2024-01-01
ORD02918,2024-04-01,C0138,Mumbai,Clothing,Denim Jeans,1.0,1753.75,10.0,1578.38,Credit Card,1.0,3.0,False,False,1578.38,2024-04-01
ORD00714,2024-07-09,C0339,Ahmedabad,Books,Cookbook,1.0,632.78,10.0,569.5,Net Banking,4.0,,False,False,569.5,2024-07-01
ORD00091,2025-01-10,C0362,Bengaluru,Clothing,Denim Jeans,3.0,1732.0,0.0,5195.0,Credit Card,8.0,4.0,False,False,5195.0,2025-01-01
ORD01206,2024-10-29,C0098,Mumbai,Grocery,Basmati Rice 5kg,1.0,504.43,5.0,479.20849999999996,,3.0,5.0,False,False,,2024-10-01
ORD02639,2024-10-31,C0299,Mumbai,Books,Textbook,1.0,1164.09,20.0,931.2719999999999,COD,1.0,3.0,False,False,,2024-10-01
ORD01828,2025-06-14,C0369,Delhi,Clothing,Denim Jeans,2.0,1743.58,20.0,2789.72,Net Banking,3.0,3.0,False,False,2789.72,2025-06-01
ORD01156,,C0361,Hyderabad,Grocery,Basmati Rice 5kg,10.0,557.0,10.0,5010.0,Debit Card,3.0,4.0,False,False,5010.0,
ORD01325,2024-05-16,C0355,Delhi,Home,Table Lamp,1.0,707.0,0.0,707.0,UPI,4.0,,False,False,707.0,2024-05-01
ORD00217,2024-07-29,C0175,Hyderabad,Clothing,Running Shoes,2.0,2142.0,,,Credit Card,6.0,3.0,False,False,,2024-07-01
ORD00511,2025-06-03,C0101,Bengaluru,Electronics,Smart Watch,2.0,,0.0,8251.52,Net Banking,3.0,4.0,False,False,8251.52,2025-06-01
ORD01681,,C0500,Mumbai,Grocery,Olive Oil 1L,2.0,,,,Credit Card,3.0,,False,False,,
ORD00500,2024-10-18,C0408,Bengaluru,Home,Pressure Cooker,3.0,2645.64,5.0,7540.074,,5.0,,False,False,,2024-10-01
ORD02530,2025-06-04,C0082,Kolkata,Electronics,Power Bank,3.0,1263.26,0.0,3789.79,,,4.0,False,False,3789.79,2025-06-01
ORD01857,2024-09-05,C0477,Kolkata,Home,Table Lamp,1.0,790.0,10.0,711.0,Debit Card,3.0,1.0,False,False,711.0,2024-09-01
ORD01389,,C0208,Delhi,Electronics,Smart Watch,,4318.91,25.0,,Net Banking,8.0,4.0,False,False,,
ORD01520,2024-08-18,C0495,Mumbai,Home,Bedsheet Set,1.0,1255.0,25.0,940.95,Debit Card,7.0,,False,False,940.95,2024-08-01
ORD02387,2024-09-18,C0075,Kolkata,Clothing,Denim Jeans,2.0,1475.0,10.0,2655.0,COD,1.0,,False,False,2655.0,2024-09-01
ORD02077,2024-08-30,C0004,Mumbai,Home,Table Lamp,1.0,762.0,10.0,685.48,COD,6.0,3.0,False,False,685.48,2024-08-01
ORD01541,2025-06-29,C0360,Kolkata,Clothing,Cotton Kurta,1.0,871.84,5.0,828.248,Net Banking,4.0,4.0,False,False,,2025-06-01
ORD01218,2025-01-25,C0178,Mumbai,Electronics,Smart Watch,4.0,4151.0,,14943.0,UPI,5.0,,False,False,14943.0,2025-01-01
ORD01417,2024-04-02,C0294,Kolkata,Books,Textbook,1.0,1334.99,10.0,1201.491,Credit Card,5.0,3.0,False,False,,2024-04-01
ORD02218,2025-01-03,C0137,Mumbai,Home,Pressure Cooker,3.0,2572.46,0.0,7717.0,UPI,5.0,4.0,False,False,7717.0,2025-01-01
ORD02571,2025-03-14,C0463,Ahmedabad,Grocery,Olive Oil 1L,5.0,749.62,0.0,3748.11,UPI,3.0,2.0,False,False,3748.11,2025-03-01
ORD01677,2024-08-14,C0435,Ahmedabad,Home,Table Lamp,1.0,,5.0,705.3,COD,2.0,3.0,False,False,705.3,2024-08-01
ORD01198,2024-04-06,C0037,Kolkata,Home,Bedsheet Set,1.0,1291.39,,1033.0,Debit Card,,4.0,False,False,1033.0,2024-04-01
ORD01543,2024-01-05,C0224,Kolkata,Home,Pressure Cooker,1.0,,10.0,2601.74,Debit Card,1.0,5.0,False,False,2601.74,2024-01-01
ORD00954,2024-10-15,C0155,Bengaluru,Home,Table Lamp,1.0,682.0,10.0,614.0,Credit Card,1.0,5.0,False,False,614.0,2024-10-01
ORD00751,2024-05-30,C0022,Chennai,Electronics,Smart Watch,1.0,3870.0,,3870.0,COD,1.0,3.0,False,False,3870.0,2024-05-01
ORD00235,,C0087,Bengaluru,Books,Novel,1.0,400.37,,380.0,Credit Card,7.0,5.0,False,False,380.0,
ORD00733,2025-01-18,C0494,Bengaluru,Home,Pressure Cooker,1.0,2730.45,0.0,2730.0,UPI,8.0,,False,False,2730.0,2025-01-01
ORD01157,2024-05-18,C0238,Delhi,Books,Cookbook,2.0,657.01,10.0,1182.618,Debit Card,1.0,,False,False,,2024-05-01
ORD02627,,C0352,Delhi,Electronics,Power Bank,1.0,1193.4,25.0,895.05,Net Banking,1.0,4.0,False,False,895.05,
ORD02446,2024-05-28,C0422,Mumbai,Grocery,Olive Oil 1L,3.0,837.07,,2135.0,Credit Card,,5.0,False,False,2135.0,2024-05-01
ORD01210,2024-12-26,C0350,Delhi,Grocery,Basmati Rice 5kg,,,20.0,423.3,Debit Card,,5.0,False,False,423.3,2024-12-01
ORD01066,2025-02-08,C0383,Mumbai,Electronics,Power Bank,3.0,1205.73,0.0,3617.0,,2.0,3.0,False,False,3617.0,2025-02-01
ORD02157,2024-04-11,C0457,Kolkata,Books,Novel,1.0,,0.0,387.99,Net Banking,3.0,,False,False,387.99,2024-04-01
ORD01063,2024-06-24,C0453,Chennai,Home,Pressure Cooker,2.0,3021.62,0.0,6043.25,COD,0.0,3.0,False,False,6043.25,2024-06-01
ORD01168,2024-08-16,C0003,Chennai,Books,Novel,3.0,371.0,15.0,945.79,Credit Card,2.0,3.0,False,False,945.79,2024-08-01
ORD01493,2024-10-16,C0112,Hyderabad,Books,Novel,2.0,434.56,5.0,825.66,Credit Card,5.0,5.0,False,False,825.66,2024-10-01
ORD02727,2024-03-24,C0050,Delhi,Home,Table Lamp,1.0,,15.0,622.0,Net Banking,6.0,,False,False,622.0,2024-03-01
ORD00885,2024-06-02,C0261,Delhi,Grocery,Olive Oil 1L,1.0,708.0,0.0,708.33,Credit Card,4.0,,False,False,708.33,2024-06-01
ORD00144,2025-10-05,,Mumbai,Home,Table Lamp,1.0,771.23,20.0,616.984,Net Banking,,5.0,True,False,,2025-10-01
ORD03000,2024-01-02,C0077,Kolkata,Home,Table Lamp,3.0,680.2,10.0,1837.0,Credit Card,,4.0,False,False,1837.0,2024-01-01
ORD00851,2025-02-12,C0373,Hyderabad,Books,Cookbook,3.0,642.49,0.0,1927.48,Net Banking,,2.0,False,False,1927.48,2025-02-01
ORD00718,2025-06-16,C0111,Delhi,Grocery,Coffee 500g,1.0,396.73,,396.73,UPI,7.0,4.0,False,False,396.73,2025-06-01
ORD02900,2024-09-16,C0274,Chennai,Books,Novel,2.0,403.0,0.0,806.0,UPI,2.0,3.0,False,False,,2024-09-01
ORD02503,2025-05-01,C0107,Kolkata,Home,Pressure Cooker,3.0,2706.62,0.0,8119.85,Credit Card,2.0,4.0,False,False,8119.85,2025-05-01
ORD00265,2024-05-28,C0400,Delhi,Clothing,Cotton Kurta,1.0,848.45,20.0,678.76,UPI,2.0,5.0,False,False,678.76,2024-05-01
ORD00076,2024-10-28,C0495,Mumbai,Clothing,Running Shoes,1.0,2143.87,5.0,2036.67,Credit Card,4.0,4.0,False,False,2036.67,2024-10-01
ORD02493,2024-06-24,C0137,Mumbai,Clothing,Running Shoes,3.0,2416.0,20.0,5798.400000000001,Debit Card,,4.0,False,False,,2024-06-01
ORD00396,2024-07-23,C0096,Ahmedabad,Electronics,Smart Watch,1.0,4366.6,15.0,3711.61,COD,5.0,4.0,False,False,3711.61,2024-07-01
ORD02810,2024-09-13,C0166,Mumbai,Grocery,Coffee 500g,2.0,391.0,0.0,782.93,UPI,5.0,4.0,False,False,782.93,2024-09-01
ORD02225,2024-10-10,C0299,Mumbai,Home,Bedsheet Set,1.0,,10.0,1023.96,UPI,,,False,False,1023.96,2024-10-01
ORD02857,,C0239,Kolkata,Grocery,Coffee 500g,1.0,392.0,15.0,332.91,Debit Card,5.0,1.0,False,False,332.91,
ORD00397,2024-09-25,C0391,Delhi,Books,Cookbook,1.0,686.32,5.0,652.0,Credit Card,,4.0,False,False,652.0,2024-09-01
ORD01366,2024-02-01,C0064,Chennai,Clothing,Running Shoes,5.0,,5.0,9844.15,UPI,4.0,3.0,False,False,9844.15,2024-02-01
ORD02552,2024-07-17,C0089,Bengaluru,Grocery,Olive Oil 1L,5.0,769.0,5.0,3651.0,COD,6.0,4.0,False,False,3651.0,2024-07-01
ORD01904,2024-10-21,C0037,Kolkata,Books,Novel,4.0,379.24,0.0,1516.96,Credit Card,4.0,,False,False,,2024-10-01
ORD00596,2025-02-19,C0384,Mumbai,Home,Bedsheet Set,2.0,1119.0,15.0,1901.51,COD,6.0,,False,False,1901.51,2025-02-01
ORD02110,2024-11-04,C0125,Mumbai,Home,Table Lamp,3.0,815.38,0.0,2446.13,Net Banking,6.0,5.0,False,False,2446.13,2024-11-01
ORD01297,2025-06-18,C0088,Delhi,Electronics,Wireless Earbuds,2.0,2580.0,15.0,4386.72,COD,2.0,1.0,False,False,4386.72,2025-06-01
ORD01822,2025-06-22,C0172,Hyderabad,Clothing,Denim Jeans,4.0,1674.65,25.0,5023.94,Net Banking,6.0,5.0,False,False,5023.94,2025-06-01
ORD00873,2024-05-30,C0398,Kolkata,Books,Textbook,3.0,1181.78,0.0,3545.34,UPI,6.0,5.0,False,False,,2024-05-01
ORD02969,2025-03-26,C0256,Delhi,Home,Pressure Cooker,2.0,,0.0,5301.0,Credit Card,8.0,,False,False,5301.0,2025-03-01
ORD02327,2024-01-20,C0448,Bengaluru,Home,Table Lamp,4.0,803.0,5.0,3051.3999999999996,COD,4.0,4.5,False,False,,2024-01-01
ORD01549,2024-10-28,C0308,Ahmedabad,Home,Pressure Cooker,3.0,,0.0,,Credit Card,,,False,False,,2024-10-01
ORD00037,2024-07-12,C0076,Kolkata,Books,Textbook,5.0,1170.38,0.0,5851.89,Debit Card,7.0,2.0,False,False,5851.89,2024-07-01
ORD02579,2024-12-02,C0259,Chennai,Grocery,Coffee 500g,3.0,,25.0,,Debit Card,4.0,1.0,False,False,,2024-12-01
ORD02144,2024-11-16,C0272,Mumbai,Home,Table Lamp,4.0,,0.0,3263.0,UPI,6.0,,False,False,3263.0,2024-11-01
ORD02610,2025-06-08,C0049,Ahmedabad,Clothing,Denim Jeans,2.0,,,3216.0,COD,6.0,,False,False,3216.0,2025-06-01
ORD00978,2025-06-07,C0283,Ahmedabad,Clothing,Running Shoes,1.0,2325.0,,2324.54,Credit Card,8.0,3.0,False,False,2324.54,2025-06-01
ORD01572,2025-03-13,C0482,Mumbai,Home,Pressure Cooker,1.0,2924.0,0.0,2924.0,COD,1.0,3.0,False,False,,2025-03-01
ORD01123,2025-01-22,C0169,Bengaluru,Grocery,Olive Oil 1L,2.0,734.0,0.0,1469.0,,4.0,,False,False,1469.0,2025-01-01
ORD02240,2025-01-26,C0050,Delhi,Books,Novel,1.0,388.29,10.0,349.0,UPI,4.0,3.0,False,False,349.0,2025-01-01
ORD02505,2024-03-04,C0375,Bengaluru,Grocery,Olive Oil 1L,2.0,802.37,0.0,1605.0,Credit Card,5.0,1.0,False,False,1605.0,2024-03-01
ORD01893,2025-03-27,C0246,Chennai,Electronics,Power Bank,1.0,1305.0,5.0,1239.9,Net Banking,7.0,,False,False,1239.9,2025-03-01
ORD00676,2024-02-24,C0046,Chennai,Grocery,Basmati Rice 5kg,2.0,552.81,,995.06,Credit Card,2.0,3.0,False,False,995.06,2024-02-01
ORD00729,2025-01-11,C0206,Mumbai,Books,Textbook,2.0,1174.49,5.0,2231.52,Credit Card,3.0,,False,False,2231.52,2025-01-01
ORD00413,2024-06-05,C0374,Bengaluru,Books,Textbook,4.0,1165.0,0.0,4660.0,Credit Card,3.0,2.0,False,False,,2024-06-01
ORD01517,2025-01-04,C0464,Bengaluru,Grocery,Olive Oil 1L,3.0,,10.0,2088.0,Credit Card,2.0,5.0,False,False,2088.0,2025-01-01
ORD01650,2025-05-03,C0008,Ahmedabad,Books,Textbook,2.0,1193.47,20.0,1909.55,Credit Card,2.0,,False,False,1909.55,2025-05-01
ORD00826,2024-06-20,C0217,Ahmedabad,Clothing,Running Shoes,1.0,2523.27,10.0,2270.95,COD,1.0,3.0,False,False,2270.95,2024-06-01
ORD00617,2025-01-20,C0363,Ahmedabad,Electronics,Wireless Earbuds,2.0,2299.0,,,Credit Card,2.0,5.0,False,False,,2025-01-01
ORD00115,2024-06-18,C0473,Ahmedabad,Home,Table Lamp,4.0,722.39,20.0,2312.0,Credit Card,5.0,,False,False,2312.0,2024-06-01
ORD00418,2024-06-03,C0442,Chennai,Books,Novel,4.0,361.98,10.0,1303.12,Net Banking,5.0,,False,False,1303.12,2024-06-01
ORD01626,2024-09-16,C0051,Bengaluru,Books,Novel,1.0,411.73,,391.14,Net Banking,3.0,4.0,False,False,391.14,2024-09-01
ORD02997,2024-01-16,C0076,Kolkata,Electronics,Wireless Earbuds,3.0,2511.9,10.0,6782.130000000001,UPI,4.0,3.0,False,False,,2024-01-01
ORD00090,,C0119,Kolkata,Electronics,Wireless Earbuds,,2622.69,20.0,,Credit Card,3.0,,False,False,,
ORD02083,2025-06-05,C0098,Mumbai,Clothing,Denim Jeans,2.0,1473.56,20.0,2357.7,Debit Card,6.0,,False,False,2357.7,2025-06-01
ORD00754,2024-06-07,C0068,Bengaluru,Books,Cookbook,1.0,594.57,0.0,594.57,Net Banking,4.0,2.0,False,False,,2024-06-01
ORD01631,2025-02-22,C0097,Chennai,Books,Textbook,1.0,1259.14,15.0,1070.0,COD,3.0,4.0,False,False,1070.0,2025-02-01
ORD00012,2025-05-18,C0244,Hyderabad,Home,Table Lamp,5.0,774.0,20.0,3096.0,Debit Card,2.0,,False,False,,2025-05-01
ORD02445,2024-07-13,C0420,Ahmedabad,Grocery,Coffee 500g,1.0,413.0,15.0,350.69,Net Banking,6.0,3.0,False,False,350.69,2024-07-01
ORD00285,2025-02-21,C0048,Kolkata,Books,Novel,1.0,418.63,10.0,376.77,Net Banking,1.0,,False,False,376.77,2025-02-01
ORD01067,2024-10-06,C0368,Mumbai,Books,Novel,10.0,373.0,10.0,3357.0,Net Banking,3.0,4.0,False,False,,2024-10-01
ORD01192,2024-11-29,C0011,Delhi,Books,Novel,2.0,423.58,5.0,804.8,,3.0,4.0,False,False,804.8,2024-11-01
ORD01441,2024-05-11,C0475,Mumbai,Clothing,Denim Jeans,1.0,,0.0,,UPI,4.0,5.0,False,False,,2024-05-01
ORD02859,2024-06-09,C0373,Hyderabad,Electronics,Wireless Earbuds,,2263.0,10.0,4073.0,UPI,3.0,4.0,False,False,4073.0,2024-06-01
ORD02858,2025-06-25,C0242,Chennai,Books,Novel,2.0,438.0,10.0,788.0,UPI,7.0,,False,False,788.0,2025-06-01
ORD02766,2024-01-29,C0100,Mumbai,Books,Textbook,2.0,1228.0,10.0,2210.44,COD,2.0,5.0,False,False,2210.44,2024-01-01
ORD01569,2024-03-17,C0419,Bengaluru,Books,Cookbook,3.0,,15.0,1673.01,Credit Card,1.0,5.0,False,False,1673.01,2024-03-01
ORD02428,2024-08-14,C0309,Kolkata,Home,Pressure Cooker,1.0,2874.2,0.0,2874.0,Debit Card,0.0,1.0,False,False,2874.0,2024-08-01
ORD02631,2024-08-04,,Delhi,Grocery,Olive Oil 1L,5.0,703.0,0.0,3515.0,UPI,1.0,,False,True,9067.0,2024-08-01
ORD01688,2024-10-01,C0125,Mumbai,Electronics,Wireless Earbuds,2.0,2336.67,20.0,3738.67,Debit Card,6.0,4.0,False,False,3738.67,2024-10-01
ORD00852,,C0391,Delhi,Clothing,Cotton Kurta,4.0,980.39,0.0,3922.0,COD,2.0,,False,False,3922.0,
ORD02208,2025-05-01,C0200,Ahmedabad,Books,Textbook,1.0,1316.41,0.0,1316.41,COD,4.0,5.0,False,False,1316.41,2025-05-01
ORD00896,2024-03-28,C0435,Ahmedabad,Clothing,Denim Jeans,1.0,1609.76,5.0,1529.27,Net Banking,5.0,4.0,False,False,1529.27,2024-03-01
ORD00497,2024-02-18,C0277,Hyderabad,Books,Novel,4.0,405.0,15.0,1376.0,Credit Card,2.0,4.0,False,False,1376.0,2024-02-01
ORD02306,2025-04-27,C0462,Delhi,Home,Table Lamp,10.0,696.63,10.0,6270.0,COD,6.0,,False,False,6270.0,2025-04-01
ORD01783,2025-09-01,C0295,Chennai,Electronics,Power Bank,3.0,1248.11,25.0,2808.24,Credit Card,3.0,,True,False,2808.24,2025-09-01
ORD00336,2024-10-03,C0207,Bengaluru,Home,Table Lamp,1.0,687.0,0.0,687.0,Credit Card,3.0,3.0,False,False,687.0,2024-10-01
ORD00516,2024-08-29,C0021,Delhi,Home,Pressure Cooker,2.0,2988.0,0.0,5976.0,,4.0,1.0,False,False,5976.0,2024-08-01
ORD01349,2025-02-27,C0207,Bengaluru,Grocery,Olive Oil 1L,,750.32,25.0,562.74,Credit Card,4.0,4.0,False,False,562.74,2025-02-01
ORD01016,2024-11-08,C0260,Chennai,Books,Cookbook,,661.0,0.0,2645.0,COD,5.0,3.0,False,False,2645.0,2024-11-01
ORD02866,2024-03-10,C0471,Delhi,Clothing,Running Shoes,1.0,2104.0,15.0,1788.3999999999999,COD,7.0,4.0,False,False,,2024-03-01
ORD02861,2025-06-12,C0487,Hyderabad,Grocery,Coffee 500g,1.0,382.95,0.0,383.0,Credit Card,,4.0,False,False,383.0,2025-06-01
ORD01782,2024-03-26,C0223,Chennai,Clothing,Cotton Kurta,3.0,949.61,0.0,2848.83,UPI,4.0,,False,True,6460.68,2024-03-01
ORD02570,2024-10-28,C0411,Mumbai,Electronics,Wireless Earbuds,1.0,2617.8,0.0,2617.8,COD,1.0,1.0,False,False,2617.8,2024-10-01
ORD01786,2025-01-31,C0019,Chennai,Home,Pressure Cooker,1.0,2882.02,0.0,2882.02,Net Banking,6.0,,False,False,,2025-01-01
ORD02071,2024-10-04,C0046,Chennai,Books,Novel,3.0,362.68,0.0,1088.03,COD,3.0,4.0,False,False,1088.03,2024-10-01
ORD00357,,C0428,Mumbai,Electronics,Power Bank,,1170.0,15.0,2983.53,COD,3.0,5.0,False,False,2983.53,
ORD02910,2024-08-13,C0079,Bengaluru,Home,Bedsheet Set,2.0,1098.0,20.0,1756.8000000000002,Credit Card,2.0,,False,False,,2024-08-01
ORD01313,2024-11-09,C0227,Ahmedabad,Clothing,Cotton Kurta,5.0,946.0,0.0,4728.55,Credit Card,,3.0,False,False,4728.55,2024-11-01
ORD01636,2024-09-21,C0476,Delhi,Grocery,Olive Oil 1L,2.0,841.42,0.0,1682.83,UPI,6.0,,False,False,1682.83,2024-09-01
ORD00551,2025-08-02,C0133,Mumbai,Books,Textbook,1.0,,0.0,1355.39,Credit Card,4.0,,True,False,1355.39,2025-08-01
ORD02389,2025-03-08,C0383,Mumbai,Books,Novel,4.0,394.0,20.0,1259.94,Credit Card,4.0,3.0,False,False,1259.94,2025-03-01
ORD02480,2024-06-13,C0497,Kolkata,Books,Cookbook,,592.88,0.0,,,2.0,,False,False,,2024-06-01
ORD02522,2024-09-29,,Bengaluru,Home,Bedsheet Set,2.0,1116.44,20.0,1786.3,UPI,3.0,5.0,False,False,1786.3,2024-09-01
ORD02266,2024-12-11,C0144,Ahmedabad,Home,Table Lamp,1.0,748.0,0.0,747.6,UPI,6.0,4.0,False,False,747.6,2024-12-01
ORD01228,2024-07-13,C0171,Mumbai,Electronics,Smart Watch,1.0,,5.0,,Net Banking,7.0,3.0,False,False,,2024-07-01
ORD00958,2024-08-13,,Ahmedabad,Books,Cookbook,5.0,641.69,20.0,2566.76,Credit Card,3.0,1.0,False,True,4302.71,2024-08-01
ORD01774,2025-06-21,C0031,Kolkata,Clothing,Cotton Kurta,1.0,922.05,0.0,922.05,COD,2.0,4.0,False,False,922.05,2025-06-01
ORD02142,2025-03-19,C0129,Hyderabad,Home,Table Lamp,5.0,748.31,20.0,2993.24,Credit Card,0.0,3.0,False,False,,2025-03-01
ORD01009,2024-09-06,C0312,Bengaluru,Electronics,Wireless Earbuds,1.0,2262.85,10.0,2036.565,Credit Card,3.0,5.0,False,False,,2024-09-01
ORD01093,2024-01-25,C0430,Kolkata,Books,Novel,2.0,380.56,20.0,609.0,Net Banking,0.0,2.0,False,False,609.0,2024-01-01
ORD02729,2025-04-03,C0108,Mumbai,Books,Textbook,5.0,1203.65,5.0,5717.0,COD,1.0,3.0,False,False,5717.0,2025-04-01
ORD00997,2024-11-19,C0485,Ahmedabad,Books,Cookbook,1.0,691.12,10.0,622.01,Debit Card,1.0,5.0,False,False,622.01,2024-11-01
ORD01680,2025-05-10,C0416,Kolkata,Grocery,Basmati Rice 5kg,1.0,513.81,20.0,411.05,Debit Card,0.0,5.0,False,False,411.05,2025-05-01
ORD00154,2024-07-14,C0273,Mumbai,Grocery,Basmati Rice 5kg,1.0,588.66,10.0,529.8,Debit Card,6.0,,False,False,529.8,2024-07-01
ORD02840,2024-01-20,C0434,Kolkata,Books,Textbook,2.0,1324.0,15.0,2250.9,Debit Card,4.0,5.0,False,False,2250.9,2024-01-01
ORD00581,2024-08-13,C0416,Kolkata,Home,Bedsheet Set,5.0,1269.37,15.0,5394.8,COD,1.0,4.0,False,False,5394.8,2024-08-01
ORD01471,2024-04-04,C0440,Chennai,Grocery,Basmati Rice 5kg,1.0,507.0,10.0,457.0,UPI,3.0,3.0,False,False,457.0,2024-04-01
ORD00704,2024-06-26,C0492,Mumbai,Electronics,Wireless Earbuds,2.0,2682.0,0.0,5364.0,UPI,2.0,3.0,False,False,5364.0,2024-06-01
ORD01213,2025-06-14,C0381,Chennai,Home,Bedsheet Set,1.0,1299.85,0.0,1300.0,UPI,3.0,3.0,False,False,1300.0,2025-06-01
ORD00897,2024-03-27,C0495,Mumbai,Electronics,Wireless Earbuds,3.0,2314.0,15.0,5900.0,Net Banking,4.0,4.0,False,False,5900.0,2024-03-01
ORD00488,2025-01-13,C0197,Chennai,Clothing,Running Shoes,1.0,2204.0,15.0,1873.14,UPI,6.0,4.0,False,False,1873.14,2025-01-01
ORD00560,,C0220,Bengaluru,Home,Table Lamp,2.0,759.0,15.0,1290.0,UPI,3.0,4.0,False,False,1290.0,
ORD01142,,C0066,Delhi,Clothing,Cotton Kurta,4.0,971.0,15.0,3301.4,COD,5.0,5.0,False,True,8306.08,
ORD01120,2024-09-02,C0380,Chennai,Home,Bedsheet Set,3.0,1223.06,15.0,3119.0,Credit Card,4.0,5.0,False,False,3119.0,2024-09-01
ORD00513,2024-10-14,C0190,Bengaluru,Home,Table Lamp,3.0,788.11,5.0,2246.11,COD,3.0,3.0,False,False,2246.11,2024-10-01
ORD00634,2025-01-28,C0404,Chennai,Electronics,Wireless Earbuds,2.0,,,5128.85,Credit Card,,,False,False,5128.85,2025-01-01
ORD02638,2024-02-27,C0011,Delhi,Home,Table Lamp,2.0,790.0,0.0,1579.49,Net Banking,1.0,4.0,False,False,1579.49,2024-02-01
ORD01665,2025-04-25,C0281,Delhi,Clothing,Running Shoes,1.0,2224.76,,,COD,4.0,4.0,False,False,,2025-04-01
ORD01013,2024-11-18,C0262,Kolkata,Books,Cookbook,3.0,676.0,15.0,1723.0,Net Banking,2.0,4.0,False,False,1723.0,2024-11-01
ORD01932,2025-03-28,C0097,Chennai,Grocery,Olive Oil 1L,3.0,724.0,0.0,2170.69,Credit Card,3.0,5.0,False,False,2170.69,2025-03-01
ORD01151,2024-08-10,C0049,Ahmedabad,Clothing,Denim Jeans,10.0,1529.0,0.0,15292.43,Net Banking,2.0,4.0,False,False,15292.43,2024-08-01
ORD02863,2024-11-02,C0463,Ahmedabad,Home,Pressure Cooker,2.0,,15.0,4839.0,Debit Card,1.0,,False,False,4839.0,2024-11-01
ORD00117,2025-01-27,C0111,Delhi,Electronics,Smart Watch,1.0,3681.0,15.0,3128.8,Credit Card,6.0,3.0,False,False,3128.8,2025-01-01
ORD00741,2024-11-24,C0169,Bengaluru,Books,Novel,1.0,,0.0,402.26,,2.0,,False,False,402.26,2024-11-01
ORD02819,2024-03-09,C0294,Kolkata,Home,Bedsheet Set,2.0,1275.5,0.0,2551.01,Net Banking,2.0,1.0,False,False,2551.01,2024-03-01
ORD01975,2024-06-01,C0236,Hyderabad,Clothing,Running Shoes,4.0,2347.89,5.0,8921.97,COD,4.0,,False,False,8921.97,2024-06-01
ORD01082,2024-05-10,C0345,Hyderabad,Books,Novel,1.0,376.78,0.0,376.78,COD,7.0,5.0,False,False,376.78,2024-05-01
ORD01811,2024-10-01,C0368,Mumbai,Clothing,Cotton Kurta,4.0,,0.0,3592.0,COD,8.0,,False,False,3592.0,2024-10-01
ORD00831,2024-10-28,C0498,Mumbai,Home,Pressure Cooker,2.0,2821.0,5.0,5360.47,Debit Card,2.0,1.0,False,False,5360.47,2024-10-01
ORD00120,,C0258,Mumbai,Home,Pressure Cooker,5.0,2537.87,0.0,12689.35,COD,,4.0,False,False,12689.35,
ORD00657,2025-01-24,C0184,Mumbai,Clothing,Denim Jeans,1.0,1524.0,10.0,1371.0,Credit Card,1.0,,False,False,1371.0,2025-01-01
ORD02788,2025-04-08,C0037,Kolkata,Books,Cookbook,4.0,597.46,15.0,2031.35,,4.0,4.0,False,False,2031.35,2025-04-01
ORD02747,2024-09-30,C0006,Chennai,Clothing,Running Shoes,1.0,2087.0,15.0,1773.95,Credit Card,1.0,5.0,False,False,,2024-09-01
ORD02990,2025-06-24,C0370,Hyderabad,Home,Table Lamp,1.0,723.0,5.0,686.85,UPI,,5.0,False,False,,2025-06-01
ORD00636,2024-05-24,C0227,Ahmedabad,Electronics,Wireless Earbuds,5.0,2273.12,0.0,11366.0,Net Banking,4.0,5.0,False,False,11366.0,2024-05-01
ORD00370,2025-03-24,C0482,Mumbai,Home,Table Lamp,1.0,674.2,0.0,674.2,Debit Card,2.0,3.0,False,False,,2025-03-01
ORD00269,2024-08-22,C0419,Bengaluru,Electronics,Power Bank,10.0,1400.0,,13996.64,COD,2.0,5.0,False,False,13996.64,2024-08-01
ORD00047,2025-02-04,C0005,Delhi,Electronics,Power Bank,10.0,1418.0,,13473.0,UPI,2.0,,False,False,13473.0,2025-02-01
ORD00992,,C0228,Kolkata,Electronics,Smart Watch,1.0,4153.0,20.0,3322.59,Net Banking,2.0,,False,False,3322.59,
ORD00877,2024-11-26,C0357,Mumbai,Books,Cookbook,2.0,665.69,0.0,1331.38,Credit Card,4.0,4.0,False,False,,2024-11-01
ORD00774,2024-04-18,C0158,Mumbai,Clothing,Running Shoes,2.0,2077.0,10.0,3738.6,Net Banking,3.0,3.0,False,False,,2024-04-01
ORD01220,2024-04-13,C0074,Ahmedabad,Books,Novel,1.0,377.66,5.0,358.77,Net Banking,4.0,,False,False,358.77,2024-04-01
ORD01127,,C0021,Delhi,Grocery,Coffee 500g,2.0,427.89,10.0,770.202,Credit Card,3.0,,False,False,,
ORD00005,2024-05-31,C0127,Mumbai,Books,Cookbook,1.0,,,,Debit Card,0.0,5.0,False,False,,2024-05-01
ORD01596,2024-12-08,C0344,Hyderabad,Electronics,Smart Watch,2.0,3876.0,0.0,7752.32,Credit Card,4.0,,False,False,7752.32,2024-12-01
ORD02312,2024-04-29,C0267,Mumbai,Home,Pressure Cooker,1.0,2524.28,0.0,2524.28,COD,1.0,3.0,False,False,2524.28,2024-04-01
ORD02492,2024-01-20,C0219,Hyderabad,Electronics,Power Bank,2.0,1411.0,0.0,2822.0,,4.0,5.0,False,False,,2024-01-01
ORD01078,,C0423,Mumbai,Electronics,Smart Watch,1.0,3981.01,0.0,3981.01,Debit Card,6.0,3.0,False,False,3981.01,
ORD00838,2024-10-27,C0382,Hyderabad,Clothing,Cotton Kurta,1.0,965.07,20.0,772.06,Debit Card,5.0,4.0,False,False,772.06,2024-10-01
ORD00682,2024-10-01,C0158,Mumbai,Books,Textbook,5.0,,10.0,,Credit Card,3.0,2.0,False,False,,2024-10-01
ORD01716,2024-03-08,C0287,Mumbai,Clothing,Cotton Kurta,1.0,821.0,0.0,821.0,UPI,3.0,,False,False,821.0,2024-03-01
ORD02353,2024-08-15,C0021,Delhi,Books,Textbook,,1374.91,0.0,,COD,5.0,3.0,False,False,,2024-08-01
ORD02618,2024-08-07,C0192,Mumbai,Electronics,Smart Watch,5.0,3862.53,0.0,19312.63,,5.0,4.5,False,False,19312.63,2024-08-01
ORD02362,2024-11-05,C0499,Hyderabad,Home,Pressure Cooker,1.0,2777.0,10.0,2499.2,Credit Card,1.0,,False,False,2499.2,2024-11-01
ORD02198,2024-07-31,C0401,Kolkata,Home,Table Lamp,5.0,677.0,10.0,3046.5,Debit Card,5.0,,False,False,,2024-07-01
ORD01149,2025-04-14,C0314,Delhi,Home,Pressure Cooker,1.0,3031.52,5.0,2879.95,COD,5.0,,False,False,2879.95,2025-04-01
ORD00575,2024-03-17,C0102,Bengaluru,Home,Bedsheet Set,1.0,1106.0,10.0,995.76,COD,3.0,4.0,False,False,995.76,2024-03-01
ORD00051,2024-07-03,C0048,Kolkata,Books,Cookbook,1.0,654.57,15.0,556.0,Credit Card,4.0,,False,False,556.0,2024-07-01
ORD00854,2025-04-17,C0352,Delhi,Books,Textbook,2.0,,15.0,1970.69,Credit Card,2.0,5.0,False,False,1970.69,2025-04-01
ORD01983,2025-05-16,C0097,Chennai,Clothing,Running Shoes,1.0,,20.0,3252.44,Credit Card,4.0,,False,False,3252.44,2025-05-01
ORD01824,2025-03-26,C0181,Mumbai,Books,Novel,1.0,435.12,20.0,348.0,Net Banking,5.0,,False,False,348.0,2025-03-01
ORD00834,2024-05-15,C0472,Hyderabad,Books,Novel,4.0,392.0,,1332.07,UPI,1.0,3.0,False,False,1332.07,2024-05-01
ORD01116,2025-01-23,C0314,Delhi,Books,Textbook,2.0,1332.33,10.0,2398.19,Credit Card,2.0,3.0,False,False,2398.19,2025-01-01
ORD01167,2025-01-18,C0070,Hyderabad,Electronics,Smart Watch,3.0,,0.0,12060.11,Debit Card,1.0,4.0,False,False,12060.11,2025-01-01
ORD02519,2025-04-22,C0244,Hyderabad,Grocery,Olive Oil 1L,2.0,,10.0,1471.7,Credit Card,0.0,2.0,False,False,1471.7,2025-04-01
ORD01907,2024-04-05,C0182,Mumbai,Electronics,Smart Watch,2.0,4183.0,15.0,7110.71,COD,,,False,False,7110.71,2024-04-01
ORD00972,2024-11-07,C0342,Kolkata,Grocery,Basmati Rice 5kg,1.0,513.75,0.0,513.75,UPI,2.0,4.0,False,False,513.75,2024-11-01
ORD00400,2024-03-20,C0480,Delhi,Electronics,Wireless Earbuds,2.0,2292.32,25.0,3438.0,COD,4.0,3.0,False,False,3438.0,2024-03-01
ORD02560,2025-01-07,C0400,Delhi,Clothing,Running Shoes,4.0,2194.88,,,COD,4.0,4.0,False,False,,2025-01-01
ORD02369,2024-12-02,C0352,Delhi,Grocery,Coffee 500g,2.0,388.89,0.0,777.79,Credit Card,7.0,,False,False,777.79,2024-12-01
ORD00020,2024-12-26,C0274,Chennai,Home,Table Lamp,1.0,778.23,5.0,739.3185,Debit Card,5.0,4.0,False,False,,2024-12-01
ORD00685,2024-06-01,C0347,Chennai,Clothing,Running Shoes,1.0,2175.08,15.0,1848.818,Credit Card,3.0,5.0,False,False,,2024-06-01
ORD00036,2024-01-17,C0030,Hyderabad,Home,Pressure Cooker,,2641.85,25.0,,Credit Card,4.0,4.0,False,False,,2024-01-01
ORD02887,2024-06-09,C0224,Kolkata,Home,Table Lamp,4.0,716.0,20.0,2291.2000000000003,UPI,5.0,5.0,False,True,6363.0,2024-06-01
ORD00525,2024-07-18,C0320,Hyderabad,Electronics,Wireless Earbuds,1.0,2628.0,0.0,2627.65,COD,,1.0,False,False,2627.65,2024-07-01
ORD02456,2025-06-24,C0486,Mumbai,Home,Bedsheet Set,4.0,1195.0,20.0,3822.0,COD,3.0,3.0,False,False,3822.0,2025-06-01
ORD00921,2024-05-24,C0091,Mumbai,Books,Novel,3.0,426.0,0.0,1278.0,Credit Card,,4.0,False,False,1278.0,2024-05-01
ORD01842,2024-03-25,,Ahmedabad,Home,Pressure Cooker,1.0,2568.18,10.0,2311.362,Credit Card,8.0,2.0,False,True,6394.0,2024-03-01
ORD01891,2024-03-31,C0445,Mumbai,Clothing,Running Shoes,1.0,2338.87,0.0,2338.87,UPI,1.0,4.0,False,False,,2024-03-01
ORD00538,2024-06-02,C0277,Hyderabad,Home,Bedsheet Set,1.0,1262.0,10.0,1135.46,Net Banking,5.0,,False,False,1135.46,2024-06-01
ORD01706,2024-10-12,C0475,Mumbai,Grocery,Coffee 500g,10.0,454.0,5.0,4315.0,Credit Card,5.0,1.0,False,False,4315.0,2024-10-01
ORD02989,2024-07-24,C0221,Kolkata,Home,Table Lamp,5.0,,0.0,3434.2,Credit Card,5.0,4.0,False,False,3434.2,2024-07-01
ORD00246,,C0043,Delhi,Electronics,Wireless Earbuds,1.0,2324.0,5.0,2207.7999999999997,Credit Card,1.0,4.5,False,False,,
ORD00785,2024-08-27,C0482,Mumbai,Home,Pressure Cooker,1.0,2580.0,15.0,2193.0,Debit Card,8.0,4.0,False,True,3984.06,2024-08-01
ORD01410,2024-04-06,C0273,Mumbai,Electronics,Smart Watch,1.0,,10.0,3721.01,Credit Card,2.0,3.0,False,False,3721.01,2024-04-01
ORD02538,,C0238,Delhi,Electronics,Smart Watch,1.0,3840.0,10.0,3456.0,UPI,6.0,,False,True,7806.76,
ORD00155,2024-09-22,C0151,Hyderabad,Books,Cookbook,1.0,587.45,0.0,587.0,Credit Card,2.0,1.0,False,False,587.0,2024-09-01
ORD01687,2025-02-22,C0408,Bengaluru,Home,Bedsheet Set,3.0,1169.69,0.0,3509.06,Credit Card,0.0,4.0,False,False,3509.06,2025-02-01
ORD00626,2024-04-05,C0358,Bengaluru,Grocery,Olive Oil 1L,2.0,,,,UPI,3.0,,False,False,,2024-04-01
ORD02934,2024-03-27,C0434,Kolkata,Books,Cookbook,1.0,597.0,5.0,567.0,Net Banking,6.0,5.0,False,False,567.0,2024-03-01
ORD01347,2024-11-08,C0467,Ahmedabad,Clothing,Denim Jeans,1.0,1675.16,5.0,1591.4,Net Banking,5.0,,False,False,1591.4,2024-11-01
ORD00570,2024-11-24,C0021,Delhi,Grocery,Coffee 500g,4.0,421.84,0.0,1687.0,Net Banking,4.0,4.0,False,False,1687.0,2024-11-01
ORD02991,2024-01-25,C0361,Hyderabad,Home,Pressure Cooker,3.0,,0.0,9105.0,Debit Card,2.0,5.0,False,False,9105.0,2024-01-01
ORD01759,2024-11-25,C0040,Mumbai,Home,Pressure Cooker,1.0,2686.79,10.0,2418.11,UPI,4.0,1.0,False,False,2418.11,2024-11-01
ORD01817,2025-03-04,C0356,Chennai,Home,Pressure Cooker,1.0,2684.0,0.0,2684.0,UPI,3.0,5.0,False,False,2684.0,2025-03-01
ORD02066,2024-01-30,C0281,Delhi,Electronics,Wireless Earbuds,2.0,2625.0,5.0,4988.0,Net Banking,5.0,3.0,False,False,4988.0,2024-01-01
ORD00128,2025-04-28,C0245,Mumbai,Home,Bedsheet Set,1.0,1210.95,0.0,1210.95,Debit Card,4.0,5.0,False,False,1210.95,2025-04-01
ORD02007,2025-04-21,C0451,Ahmedabad,Clothing,Denim Jeans,2.0,,20.0,2482.0,Net Banking,,4.0,False,False,2482.0,2025-04-01
ORD00981,2024-04-11,C0035,Kolkata,Home,Table Lamp,1.0,736.04,10.0,662.0,UPI,,4.0,False,False,662.0,2024-04-01
ORD00191,2024-03-11,C0192,Mumbai,Grocery,Olive Oil 1L,2.0,724.05,0.0,1448.1,,3.0,3.0,False,False,1448.1,2024-03-01
ORD01140,2024-07-10,C0288,Mumbai,Clothing,Denim Jeans,1.0,1567.0,0.0,1567.0,Credit Card,4.0,3.0,False,True,3250.0,2024-07-01
ORD00993,2024-10-19,C0238,Delhi,Electronics,Smart Watch,,3724.69,5.0,,Net Banking,2.0,5.0,False,False,,2024-10-01
ORD00700,2024-03-31,C0217,Ahmedabad,Grocery,Coffee 500g,1.0,404.04,0.0,404.04,Net Banking,2.0,,False,False,404.04,2024-03-01
ORD00607,2024-01-02,C0444,Mumbai,Books,Textbook,1.0,1375.0,10.0,1237.48,UPI,8.0,3.0,False,False,1237.48,2024-01-01
ORD00181,2025-05-06,C0492,Mumbai,Clothing,Cotton Kurta,3.0,881.79,0.0,2645.0,Net Banking,2.0,5.0,False,False,2645.0,2025-05-01
ORD00302,2024-08-23,C0488,Mumbai,Grocery,Basmati Rice 5kg,1.0,499.16,0.0,499.16,COD,1.0,4.0,False,True,1202.0,2024-08-01
ORD02545,2024-10-19,C0033,Hyderabad,Grocery,Olive Oil 1L,1.0,747.0,0.0,747.0,UPI,0.0,2.0,False,False,747.0,2024-10-01
ORD02833,2024-06-16,C0423,Mumbai,Grocery,Coffee 500g,,462.0,20.0,,Net Banking,6.0,3.0,False,False,,2024-06-01
ORD01061,2024-11-02,C0245,Mumbai,Grocery,Olive Oil 1L,2.0,828.82,10.0,1491.88,Credit Card,4.0,3.0,False,False,1491.88,2024-11-01
ORD02877,2025-04-28,C0098,Mumbai,Books,Textbook,3.0,1143.67,0.0,3431.01,Net Banking,1.0,,False,False,,2025-04-01
ORD02936,2025-04-24,C0213,Kolkata,Electronics,Wireless Earbuds,2.0,2594.0,,4929.0,Debit Card,2.0,4.0,False,False,4929.0,2025-04-01
ORD02566,2024-04-10,C0041,Bengaluru,Books,Cookbook,1.0,,0.0,659.43,Debit Card,1.0,3.0,False,False,659.43,2024-04-01
ORD01070,2024-12-10,C0257,Hyderabad,Home,Bedsheet Set,1.0,1231.0,,1231.0,COD,6.0,5.0,False,False,1231.0,2024-12-01
ORD02525,2025-04-14,C0127,Mumbai,Books,Novel,5.0,420.0,0.0,2100.0,UPI,2.0,,False,True,5208.0,2025-04-01
ORD02206,2024-12-10,C0089,Bengaluru,Grocery,Basmati Rice 5kg,10.0,602.98,10.0,5426.820000000001,COD,6.0,1.0,False,False,,2024-12-01
ORD01244,2025-06-22,C0411,Mumbai,Grocery,Olive Oil 1L,1.0,,20.0,621.28,,3.0,4.0,False,False,621.28,2025-06-01
ORD00017,2025-05-15,C0223,Chennai,Home,Table Lamp,5.0,734.62,0.0,3673.09,Credit Card,,2.0,False,False,3673.09,2025-05-01
ORD00547,2025-07-03,C0278,Chennai,Clothing,Denim Jeans,1.0,1533.87,,1227.09,UPI,5.0,2.0,True,False,1227.09,2025-07-01
ORD00659,2024-04-13,C0494,Bengaluru,Books,Textbook,1.0,1342.0,0.0,1342.37,UPI,2.0,,False,False,1342.37,2024-04-01
ORD02760,2025-01-04,C0252,Mumbai,Grocery,Coffee 500g,3.0,,10.0,,Net Banking,7.0,1.0,False,False,,2025-01-01
ORD02915,2024-10-12,C0393,Chennai,Home,Table Lamp,2.0,759.1,20.0,1215.0,Credit Card,1.0,5.0,False,False,1215.0,2024-10-01
ORD01505,2024-03-06,C0061,Mumbai,Grocery,Basmati Rice 5kg,1.0,499.0,0.0,499.0,Credit Card,2.0,4.0,False,False,,2024-03-01
ORD00960,,C0058,Mumbai,Grocery,Coffee 500g,10.0,395.0,0.0,3951.9,UPI,5.0,5.0,False,False,3951.9,
ORD02332,2024-07-24,C0145,Mumbai,Grocery,Olive Oil 1L,1.0,815.66,10.0,734.09,UPI,,5.0,False,False,734.09,2024-07-01
ORD00798,2024-08-23,C0455,Mumbai,Electronics,Wireless Earbuds,2.0,2511.38,0.0,5023.0,Credit Card,2.0,4.0,False,False,5023.0,2024-08-01
ORD00226,2024-05-10,C0099,Delhi,Books,Novel,2.0,390.0,10.0,703.0,COD,1.0,,False,False,703.0,2024-05-01
ORD02075,2025-01-31,C0331,Delhi,Clothing,Denim Jeans,1.0,1530.21,,1301.0,COD,6.0,,False,False,1301.0,2025-01-01
ORD01800,2024-12-23,C0468,Ahmedabad,Clothing,Denim Jeans,1.0,1448.0,20.0,1159.0,Net Banking,1.0,,False,False,1159.0,2024-12-01
ORD02486,2024-03-13,C0457,Kolkata,Home,Table Lamp,5.0,,10.0,3037.77,,1.0,5.0,False,False,3037.77,2024-03-01
ORD02278,2024-09-04,C0435,Ahmedabad,Electronics,Power Bank,1.0,1425.0,0.0,1425.0,COD,2.0,4.0,False,False,1425.0,2024-09-01
ORD02086,2024-10-18,C0337,Mumbai,Home,Table Lamp,3.0,781.94,0.0,2345.82,Net Banking,3.0,3.0,False,False,,2024-10-01
ORD01694,2025-06-27,C0467,Ahmedabad,Grocery,Coffee 500g,1.0,,10.0,346.62,Debit Card,2.0,4.0,False,False,346.62,2025-06-01
ORD01046,2024-01-05,C0417,Chennai,Clothing,Cotton Kurta,4.0,932.39,10.0,3356.62,COD,1.0,3.0,False,False,3356.62,2024-01-01
ORD00470,2024-04-07,C0298,Bengaluru,Home,Pressure Cooker,4.0,2745.0,5.0,10432.88,Net Banking,5.0,2.0,False,False,10432.88,2024-04-01
ORD00955,2025-04-26,C0461,Mumbai,Clothing,Running Shoes,2.0,2465.73,20.0,3945.0,Credit Card,6.0,,False,False,3945.0,2025-04-01
ORD02736,2024-09-01,C0254,Mumbai,Grocery,Olive Oil 1L,1.0,,10.0,702.96,UPI,2.0,3.0,False,False,702.96,2024-09-01
ORD00640,2024-10-17,C0197,Chennai,Electronics,Power Bank,1.0,1300.39,5.0,1235.0,Debit Card,4.0,4.0,False,False,1235.0,2024-10-01
ORD02836,2025-03-13,C0288,Mumbai,Home,Table Lamp,10.0,678.9,0.0,6788.97,COD,2.0,5.0,False,False,6788.97,2025-03-01
ORD01219,2025-02-03,C0077,Kolkata,Clothing,Running Shoes,3.0,2165.51,25.0,4872.39,UPI,2.0,5.0,False,False,4872.39,2025-02-01
ORD01159,2024-12-05,C0437,Mumbai,Grocery,Basmati Rice 5kg,1.0,507.65,0.0,507.65,Net Banking,2.0,5.0,False,False,,2024-12-01
ORD01416,2024-01-29,C0372,Hyderabad,Home,Bedsheet Set,1.0,1279.87,10.0,1151.88,Net Banking,2.0,4.0,False,False,1151.88,2024-01-01
ORD02769,2025-04-27,C0499,Hyderabad,Books,Textbook,1.0,,0.0,1311.39,COD,3.0,3.0,False,False,1311.39,2025-04-01
ORD01528,2024-12-10,C0100,Mumbai,Home,Pressure Cooker,2.0,2970.74,5.0,5644.0,Debit Card,4.0,4.0,False,False,5644.0,2024-12-01
ORD02979,2024-10-11,C0402,Chennai,Clothing,Running Shoes,3.0,2447.5,20.0,5874.0,,2.0,5.0,False,False,,2024-10-01
ORD01301,2024-10-07,C0335,Ahmedabad,Clothing,Cotton Kurta,2.0,988.4,5.0,1877.9599999999998,UPI,1.0,,False,False,,2024-10-01
ORD02924,2025-04-07,C0123,Bengaluru,Grocery,Coffee 500g,2.0,444.05,25.0,666.0,Credit Card,3.0,,False,False,666.0,2025-04-01
ORD01604,2024-09-17,C0316,Hyderabad,Books,Cookbook,1.0,695.16,0.0,695.0,Credit Card,6.0,1.0,False,False,695.0,2024-09-01
ORD00161,2024-04-07,C0065,Delhi,Grocery,Basmati Rice 5kg,1.0,598.65,0.0,598.65,Net Banking,0.0,5.0,False,False,598.65,2024-04-01
ORD01705,,C0124,Ahmedabad,Grocery,Basmati Rice 5kg,1.0,,10.0,476.0,UPI,3.0,,False,False,476.0,
ORD00957,2025-01-26,,Hyderabad,Clothing,Running Shoes,2.0,2239.0,0.0,4478.0,Net Banking,5.0,,False,False,,2025-01-01
ORD02973,2025-03-31,C0473,Ahmedabad,Grocery,Coffee 500g,,392.0,10.0,705.11,Credit Card,3.0,,False,False,705.11,2025-03-01
ORD00878,2024-08-04,C0467,Ahmedabad,Books,Cookbook,2.0,673.0,5.0,1278.7,UPI,5.0,1.0,False,False,1278.7,2024-08-01
ORD01920,2024-08-11,C0210,Mumbai,Books,Textbook,10.0,1213.72,,11530.0,Debit Card,1.0,3.0,False,False,11530.0,2024-08-01
ORD01885,2024-05-17,C0152,Delhi,Books,Cookbook,2.0,,25.0,,,5.0,,False,False,,2024-05-01
ORD02201,2024-08-14,C0452,Mumbai,Clothing,Cotton Kurta,4.0,875.0,10.0,3149.0,,7.0,4.5,False,False,3149.0,2024-08-01
ORD00099,2024-03-19,C0124,Ahmedabad,Electronics,Smart Watch,1.0,3926.96,0.0,3926.96,COD,1.0,3.0,False,False,3926.96,2024-03-01
ORD02885,2024-08-03,C0057,Bengaluru,Books,Cookbook,10.0,,20.0,5160.58,Debit Card,,,False,False,5160.58,2024-08-01
ORD02558,2024-12-19,C0301,Chennai,Home,Table Lamp,2.0,704.06,,1408.0,Debit Card,2.0,,False,False,1408.0,2024-12-01
ORD00254,2024-04-09,C0150,Ahmedabad,Clothing,Running Shoes,2.0,2485.66,0.0,4971.32,Credit Card,1.0,2.0,False,False,4971.32,2024-04-01
ORD00104,2025-03-12,C0004,Mumbai,Grocery,Basmati Rice 5kg,2.0,536.0,0.0,1071.0,Credit Card,5.0,,False,False,1071.0,2025-03-01
ORD01446,2025-02-25,C0338,Chennai,Grocery,Basmati Rice 5kg,2.0,,,876.0,Net Banking,6.0,1.0,False,False,876.0,2025-02-01
ORD01444,2024-05-17,C0340,Bengaluru,Grocery,Basmati Rice 5kg,1.0,502.33,5.0,477.0,Net Banking,1.0,3.0,False,False,477.0,2024-05-01
ORD01649,2025-05-09,C0229,Delhi,Grocery,Basmati Rice 5kg,1.0,579.68,20.0,463.74,Credit Card,1.0,5.0,False,False,463.74,2025-05-01
ORD00587,2025-01-16,C0443,Ahmedabad,Electronics,Wireless Earbuds,1.0,2348.02,20.0,1878.0,COD,3.0,5.0,False,False,1878.0,2025-01-01
ORD00628,2025-02-19,C0346,Delhi,Books,Textbook,2.0,1322.5,0.0,2644.99,COD,4.0,4.0,False,False,2644.99,2025-02-01
ORD01697,2024-03-26,C0203,Ahmedabad,Books,Textbook,1.0,,15.0,,COD,4.0,5.0,False,False,,2024-03-01
ORD02102,2024-10-02,C0145,Mumbai,Grocery,Basmati Rice 5kg,10.0,529.86,0.0,5298.6,Credit Card,1.0,4.0,False,False,,2024-10-01
ORD02200,2024-01-16,C0475,Mumbai,Books,Textbook,5.0,,10.0,5233.0,COD,4.0,4.5,False,False,5233.0,2024-01-01
ORD00404,2024-12-11,C0341,Mumbai,Home,Table Lamp,3.0,719.0,5.0,2048.3,Debit Card,2.0,4.0,False,False,2048.3,2024-12-01
ORD01155,2024-10-23,C0159,Bengaluru,Clothing,Denim Jeans,1.0,1667.0,10.0,1500.0,Credit Card,3.0,5.0,False,False,1500.0,2024-10-01
ORD02256,2025-06-17,C0459,Mumbai,Electronics,Wireless Earbuds,2.0,2518.91,5.0,4785.94,Credit Card,1.0,5.0,False,False,4785.94,2025-06-01
ORD01683,2024-07-20,C0352,Delhi,Electronics,Smart Watch,1.0,,,4384.14,COD,5.0,5.0,False,False,4384.14,2024-07-01
ORD02057,2024-03-23,C0222,Ahmedabad,Clothing,Denim Jeans,1.0,1554.0,0.0,1554.0,Debit Card,5.0,4.0,False,False,,2024-03-01
ORD00453,2024-11-27,C0350,Delhi,Electronics,Smart Watch,1.0,3682.95,,,,3.0,2.0,False,False,,2024-11-01
ORD02302,2024-02-18,C0439,Ahmedabad,Grocery,Coffee 500g,1.0,457.0,15.0,388.51,UPI,3.0,,False,False,388.51,2024-02-01
ORD01328,,,Chennai,Grocery,Basmati Rice 5kg,3.0,,20.0,1370.13,Debit Card,6.0,2.0,False,False,1370.13,
ORD02050,2025-01-09,C0308,Ahmedabad,Electronics,Wireless Earbuds,2.0,2590.0,,4921.63,Debit Card,3.0,,False,False,4921.63,2025-01-01
ORD00881,2024-06-20,C0075,Kolkata,Electronics,Smart Watch,3.0,4351.0,0.0,13052.77,COD,0.0,4.0,False,False,13052.77,2024-06-01
ORD02976,2024-03-24,,Ahmedabad,Clothing,Cotton Kurta,1.0,952.0,10.0,857.02,Net Banking,7.0,1.0,False,False,857.02,2024-03-01
ORD00624,2024-12-07,C0491,Kolkata,Home,Bedsheet Set,1.0,1215.0,0.0,1215.0,Debit Card,4.0,3.0,False,False,,2024-12-01
ORD02394,2025-04-03,C0328,Delhi,Home,Pressure Cooker,4.0,2632.62,10.0,9477.43,Credit Card,4.0,4.0,False,False,9477.43,2025-04-01
ORD02829,2024-05-11,C0288,Mumbai,Clothing,Cotton Kurta,1.0,,15.0,,COD,1.0,4.0,False,False,,2024-05-01
ORD01788,2024-08-03,C0351,Hyderabad,Home,Pressure Cooker,1.0,2844.88,10.0,2560.3920000000003,Credit Card,6.0,5.0,False,False,,2024-08-01
ORD00263,2025-01-12,C0055,Mumbai,Electronics,Power Bank,1.0,1207.29,10.0,1086.56,COD,3.0,,False,False,1086.56,2025-01-01
ORD01635,2025-01-21,C0439,Ahmedabad,Grocery,Basmati Rice 5kg,2.0,530.11,0.0,1060.22,Debit Card,6.0,2.0,False,False,1060.22,2025-01-01
ORD01439,2024-01-22,C0060,Chennai,Home,Table Lamp,1.0,,20.0,566.6,UPI,7.0,5.0,False,False,566.6,2024-01-01
ORD02199,2024-03-13,C0429,Chennai,Electronics,Power Bank,1.0,,10.0,1092.33,COD,8.0,,False,False,1092.33,2024-03-01
ORD01970,2024-10-28,C0384,Mumbai,Grocery,Basmati Rice 5kg,5.0,583.0,,2917.01,Net Banking,6.0,4.0,False,False,2917.01,2024-10-01
ORD02521,2024-09-14,C0380,Chennai,Home,Table Lamp,1.0,744.77,25.0,558.58,Credit Card,7.0,,False,False,558.58,2024-09-01
ORD01803,2024-04-14,C0071,Delhi,Grocery,Olive Oil 1L,2.0,761.0,15.0,1294.0,Net Banking,2.0,5.0,False,False,1294.0,2024-04-01
ORD00641,2024-05-24,C0369,Delhi,Grocery,Basmati Rice 5kg,2.0,495.0,15.0,841.99,Credit Card,2.0,4.0,False,False,841.99,2024-05-01
ORD02386,2025-03-17,C0262,Kolkata,Grocery,Basmati Rice 5kg,2.0,572.76,0.0,1145.53,Credit Card,7.0,5.0,False,False,1145.53,2025-03-01
ORD02599,2025-01-28,,Kolkata,Books,Cookbook,4.0,680.22,10.0,2448.78,Net Banking,6.0,5.0,False,False,2448.78,2025-01-01
ORD02888,2024-07-10,C0234,Ahmedabad,Electronics,Power Bank,1.0,,5.0,1263.96,COD,3.0,,False,False,1263.96,2024-07-01
ORD01960,2025-02-26,C0090,Chennai,Clothing,Cotton Kurta,3.0,974.95,,,Credit Card,1.0,,False,False,,2025-02-01
ORD00489,2024-01-17,C0341,Mumbai,Clothing,Denim Jeans,3.0,1595.0,0.0,4784.0,Credit Card,6.0,4.0,False,False,4784.0,2024-01-01
ORD01844,2024-08-05,C0202,Bengaluru,Books,Cookbook,5.0,622.52,10.0,2801.35,Net Banking,2.0,,False,False,2801.35,2024-08-01
ORD01735,2024-01-01,,Mumbai,Books,Textbook,1.0,1307.0,10.0,1176.14,Net Banking,4.0,5.0,False,False,1176.14,2024-01-01
ORD00147,2024-10-04,C0413,Mumbai,Clothing,Running Shoes,2.0,2525.33,0.0,5050.66,Credit Card,1.0,,False,False,5050.66,2024-10-01
ORD01535,2024-01-28,C0476,Delhi,Electronics,Smart Watch,1.0,4131.61,0.0,4131.61,UPI,2.0,5.0,False,False,4131.61,2024-01-01
ORD01987,2024-09-29,C0380,Chennai,Books,Cookbook,5.0,637.52,5.0,3028.21,Credit Card,,,False,False,3028.21,2024-09-01
ORD01370,2024-11-19,C0020,Ahmedabad,Grocery,Basmati Rice 5kg,5.0,,0.0,2957.0,Net Banking,6.0,3.0,False,False,2957.0,2024-11-01
ORD02451,2025-04-25,C0381,Chennai,Electronics,Power Bank,1.0,1211.05,15.0,1029.0,Credit Card,7.0,2.0,False,False,1029.0,2025-04-01
ORD02994,2024-09-23,C0035,Kolkata,Home,Pressure Cooker,2.0,2980.0,5.0,5661.0,Credit Card,4.0,2.0,False,False,5661.0,2024-09-01
ORD02812,2024-01-01,C0109,Bengaluru,Electronics,Smart Watch,4.0,4068.73,0.0,16274.91,Debit Card,2.0,4.5,False,False,16274.91,2024-01-01
ORD00660,2024-12-03,C0173,Mumbai,Grocery,Coffee 500g,5.0,424.5,0.0,2122.48,Credit Card,2.0,5.0,False,False,2122.48,2024-12-01
ORD01795,2025-02-17,C0415,Delhi,Home,Bedsheet Set,2.0,1267.0,,,COD,2.0,3.0,False,False,,2025-02-01
ORD02512,,C0217,Ahmedabad,Clothing,Denim Jeans,4.0,1626.59,0.0,6506.0,COD,3.0,2.0,False,False,6506.0,
ORD00187,2024-06-28,C0372,Hyderabad,Clothing,Cotton Kurta,1.0,979.66,0.0,979.66,,1.0,4.0,False,False,979.66,2024-06-01
ORD01148,2025-05-31,C0129,Hyderabad,Home,Pressure Cooker,1.0,,0.0,2801.0,COD,4.0,1.0,False,False,2801.0,2025-05-01
ORD00609,2024-07-04,C0040,Mumbai,Clothing,Denim Jeans,2.0,1479.47,15.0,2515.11,COD,,5.0,False,False,2515.11,2024-07-01
ORD02192,2024-03-26,C0320,Hyderabad,Clothing,Cotton Kurta,3.0,966.42,0.0,2899.26,Credit Card,4.0,2.0,False,False,2899.26,2024-03-01
ORD02800,2024-01-09,C0233,Chennai,Clothing,Denim Jeans,1.0,1740.89,15.0,1479.75,Net Banking,2.0,4.0,False,False,1479.75,2024-01-01
ORD01931,2024-07-25,C0467,Ahmedabad,Home,Bedsheet Set,10.0,1260.0,0.0,12598.32,Net Banking,1.0,,False,False,12598.32,2024-07-01
ORD00198,2024-03-24,C0448,Bengaluru,Books,Cookbook,1.0,,,,Credit Card,3.0,4.0,False,False,,2024-03-01
ORD02328,2024-11-23,C0054,Kolkata,Grocery,Coffee 500g,5.0,,0.0,2052.0,Credit Card,1.0,2.0,False,False,2052.0,2024-11-01
ORD00294,2024-02-27,C0172,Hyderabad,Clothing,Running Shoes,4.0,2080.82,20.0,6659.0,Net Banking,,3.0,False,False,6659.0,2024-02-01
ORD00767,2024-02-13,C0450,Ahmedabad,Books,Textbook,1.0,1178.94,25.0,884.205,Credit Card,4.0,2.0,False,True,2564.12,2024-02-01
ORD00401,2025-05-23,C0010,Ahmedabad,Electronics,Wireless Earbuds,1.0,2328.22,0.0,2328.22,Net Banking,,,False,False,2328.22,2025-05-01
ORD00123,2024-11-11,C0404,Chennai,Electronics,Wireless Earbuds,1.0,2479.0,20.0,1983.35,Credit Card,2.0,3.0,False,False,1983.35,2024-11-01
ORD00203,2025-06-15,C0493,Delhi,Electronics,Power Bank,,,10.0,1217.0,Credit Card,3.0,,False,False,1217.0,2025-06-01
ORD00836,2024-12-21,C0389,Mumbai,Books,Cookbook,3.0,639.0,,1917.32,COD,3.0,3.0,False,False,1917.32,2024-12-01
ORD02295,2024-07-27,C0195,Ahmedabad,Clothing,Running Shoes,10.0,2080.38,10.0,18723.41,UPI,8.0,4.5,False,False,18723.41,2024-07-01
ORD01440,,C0107,Kolkata,Electronics,Power Bank,3.0,1237.49,,3712.0,,,4.5,False,False,3712.0,
ORD01734,2025-05-13,C0241,Bengaluru,Electronics,Wireless Earbuds,4.0,2729.6,0.0,10918.0,COD,4.0,,False,False,10918.0,2025-05-01
ORD01696,2024-09-13,C0280,Mumbai,Electronics,Smart Watch,3.0,4060.0,15.0,10352.0,Debit Card,,5.0,False,False,10352.0,2024-09-01
ORD02986,,C0093,Delhi,Books,Textbook,5.0,1149.0,5.0,5457.95,Debit Card,1.0,4.0,False,False,5457.95,
ORD01708,2024-01-23,C0084,Delhi,Clothing,Cotton Kurta,1.0,911.0,15.0,774.35,COD,2.0,4.0,False,False,,2024-01-01
ORD02971,2024-12-31,C0050,Delhi,Home,Bedsheet Set,2.0,1255.0,0.0,2509.0,Credit Card,3.0,5.0,False,False,2509.0,2024-12-01
ORD01154,2025-04-18,C0448,Bengaluru,Grocery,Coffee 500g,1.0,384.0,10.0,345.46,Credit Card,2.0,2.0,False,False,345.46,2025-04-01
ORD01662,2024-03-19,C0493,Delhi,Books,Novel,1.0,392.23,0.0,392.0,Debit Card,2.0,4.0,False,False,392.0,2024-03-01
ORD02433,2024-01-22,C0388,Chennai,Grocery,Basmati Rice 5kg,2.0,578.58,0.0,1157.16,Net Banking,2.0,5.0,False,False,,2024-01-01
ORD01760,2024-11-25,,Delhi,Grocery,Olive Oil 1L,1.0,779.0,10.0,701.17,COD,3.0,4.0,False,False,701.17,2024-11-01
ORD00855,2024-06-24,C0151,Hyderabad,Grocery,Olive Oil 1L,1.0,810.0,10.0,729.17,Debit Card,3.0,2.0,False,False,729.17,2024-06-01
ORD01590,2024-10-06,C0396,Mumbai,Home,Table Lamp,2.0,799.59,0.0,1599.0,Net Banking,3.0,4.0,False,False,1599.0,2024-10-01
ORD02268,2024-09-04,C0047,Ahmedabad,Home,Bedsheet Set,2.0,1163.5,0.0,2327.0,Debit Card,7.0,4.0,False,False,,2024-09-01
ORD00642,2024-08-10,C0357,Mumbai,Electronics,Smart Watch,3.0,3855.25,,,Net Banking,5.0,3.0,False,False,,2024-08-01
ORD00002,2024-07-28,C0027,Hyderabad,Electronics,Wireless Earbuds,2.0,2351.17,0.0,4702.34,COD,7.0,,False,False,4702.34,2024-07-01
ORD02161,2024-02-25,C0224,Kolkata,Electronics,Wireless Earbuds,1.0,2576.23,0.0,2576.0,COD,3.0,4.0,False,False,2576.0,2024-02-01
ORD00699,,,Hyderabad,Books,Cookbook,1.0,681.0,10.0,612.9,Debit Card,7.0,5.0,False,False,,
ORD01637,2024-11-30,C0308,Ahmedabad,Books,Cookbook,1.0,,0.0,616.0,Credit Card,1.0,5.0,False,False,616.0,2024-11-01
ORD01292,2024-10-02,C0169,Bengaluru,Clothing,Running Shoes,2.0,2217.0,5.0,4212.3,Credit Card,4.0,,False,False,,2024-10-01
ORD02914,2024-07-20,C0239,Kolkata,Clothing,Denim Jeans,1.0,1481.0,15.0,1259.0,Credit Card,4.0,,False,False,1259.0,2024-07-01
ORD02490,2025-03-17,C0454,Hyderabad,Electronics,Wireless Earbuds,2.0,2426.55,25.0,3639.83,Credit Card,1.0,4.0,False,False,3639.83,2025-03-01
ORD01521,2024-05-30,C0155,Bengaluru,Clothing,Denim Jeans,1.0,,25.0,1209.93,COD,0.0,5.0,False,False,1209.93,2024-05-01
ORD01854,2024-08-03,C0160,Chennai,Books,Textbook,5.0,1248.57,0.0,6243.0,Debit Card,4.0,3.0,False,False,6243.0,2024-08-01
ORD01137,2025-04-27,C0340,Bengaluru,Home,Bedsheet Set,3.0,1095.0,0.0,3283.82,Debit Card,4.0,4.0,False,False,3283.82,2025-04-01
ORD02956,2024-05-12,C0199,Kolkata,Electronics,Smart Watch,5.0,,0.0,20028.05,Debit Card,6.0,5.0,False,False,20028.05,2024-05-01
ORD01632,2024-12-29,C0006,Chennai,Home,Bedsheet Set,2.0,1241.0,0.0,2482.0,Credit Card,0.0,5.0,False,False,,2024-12-01
ORD01999,2024-02-11,C0358,Bengaluru,Clothing,Cotton Kurta,1.0,817.52,0.0,818.0,COD,4.0,5.0,False,False,818.0,2024-02-01
ORD00664,2025-06-10,C0227,Ahmedabad,Electronics,Power Bank,1.0,,0.0,2338.44,Credit Card,1.0,1.0,False,False,2338.44,2025-06-01
ORD00684,2024-06-28,C0330,Ahmedabad,Electronics,Wireless Earbuds,1.0,2557.0,0.0,2557.0,Credit Card,3.0,,False,False,2557.0,2024-06-01
ORD01258,2024-06-30,C0169,Bengaluru,Electronics,Wireless Earbuds,3.0,2583.51,10.0,6975.0,UPI,3.0,,False,False,6975.0,2024-06-01
ORD00318,2025-04-24,C0002,Delhi,Grocery,Olive Oil 1L,1.0,712.9,0.0,712.9,Credit Card,6.0,2.0,False,False,712.9,2025-04-01
ORD00649,2024-09-25,C0021,Delhi,Grocery,Olive Oil 1L,1.0,822.72,0.0,822.72,Credit Card,1.0,5.0,False,False,,2024-09-01
ORD01435,2024-07-31,C0209,Chennai,Clothing,Cotton Kurta,2.0,848.77,20.0,1358.0,UPI,7.0,5.0,False,False,1358.0,2024-07-01
ORD01480,2024-01-18,C0113,Delhi,Electronics,Power Bank,1.0,1420.0,10.0,1278.0,COD,5.0,3.0,False,False,1278.0,2024-01-01
ORD00710,2025-02-12,C0135,Mumbai,Clothing,Cotton Kurta,1.0,961.43,20.0,769.0,Debit Card,5.0,2.0,False,False,769.0,2025-02-01
ORD01283,2024-06-01,C0211,Hyderabad,Grocery,Basmati Rice 5kg,1.0,535.22,10.0,481.69800000000004,,1.0,5.0,False,True,1250.0,2024-06-01
ORD01769,2024-01-01,C0143,Mumbai,Grocery,Basmati Rice 5kg,1.0,544.56,0.0,544.56,Credit Card,6.0,4.0,False,False,544.56,2024-01-01
ORD00973,2024-06-15,C0098,Mumbai,Grocery,Coffee 500g,2.0,396.81,0.0,793.62,Net Banking,4.0,4.0,False,True,1334.0,2024-06-01
ORD02676,2024-11-20,C0409,Mumbai,Grocery,Olive Oil 1L,1.0,851.9,0.0,851.9,Debit Card,,2.0,False,False,851.9,2024-11-01
ORD02681,2024-04-19,C0420,Ahmedabad,Books,Cookbook,3.0,653.0,0.0,1959.0,Debit Card,2.0,1.0,False,False,,2024-04-01
ORD01307,2024-06-04,C0060,Chennai,Home,Bedsheet Set,3.0,1262.0,,3027.87,Credit Card,3.0,4.0,False,False,3027.87,2024-06-01
ORD01401,2025-03-01,C0152,Delhi,Grocery,Coffee 500g,1.0,403.33,5.0,383.17,UPI,3.0,,False,False,383.17,2025-03-01
ORD01409,2025-06-02,C0348,Ahmedabad,Home,Pressure Cooker,1.0,3029.0,0.0,3029.0,Credit Card,4.0,4.0,False,False,3029.0,2025-06-01
ORD02238,2024-10-30,C0004,Mumbai,Electronics,Wireless Earbuds,2.0,2599.0,10.0,4678.2,Credit Card,3.0,5.0,False,True,12651.02,2024-10-01
ORD01497,2025-06-20,C0147,Delhi,Books,Novel,1.0,,10.0,,Net Banking,3.0,5.0,False,False,,2025-06-01
ORD02039,2025-03-12,C0189,Bengaluru,Home,Pressure Cooker,2.0,2702.67,5.0,5135.07,Net Banking,1.0,2.0,False,False,5135.07,2025-03-01
ORD01530,2024-08-25,C0103,Mumbai,Books,Novel,1.0,,20.0,315.0,UPI,2.0,5.0,False,False,315.0,2024-08-01
ORD01664,2025-02-06,C0107,Kolkata,Grocery,Basmati Rice 5kg,1.0,515.48,20.0,412.384,UPI,7.0,4.0,False,False,,2025-02-01
ORD01355,2024-03-14,C0328,Delhi,Books,Textbook,1.0,1245.0,5.0,1182.6,UPI,3.0,3.0,False,False,1182.6,2024-03-01
ORD02982,2025-05-08,C0464,Bengaluru,Home,Bedsheet Set,1.0,1158.35,10.0,1042.52,COD,8.0,,False,False,1042.52,2025-05-01
ORD01644,2024-09-27,C0107,Kolkata,Grocery,Basmati Rice 5kg,1.0,516.57,20.0,413.26,Debit Card,,5.0,False,False,413.26,2024-09-01
ORD01052,2024-08-26,C0133,Mumbai,Electronics,Smart Watch,2.0,,20.0,6131.22,Credit Card,6.0,4.0,False,False,6131.22,2024-08-01
ORD00796,2024-11-19,C0234,Ahmedabad,Clothing,Running Shoes,10.0,2159.02,15.0,18351.68,,3.0,4.0,False,False,18351.68,2024-11-01
ORD02694,2024-02-19,C0219,Hyderabad,Home,Pressure Cooker,2.0,,0.0,,COD,2.0,1.0,False,False,,2024-02-01
ORD01598,2024-10-12,C0343,Ahmedabad,Home,Table Lamp,2.0,811.0,20.0,1297.39,Credit Card,3.0,1.0,False,False,1297.39,2024-10-01
ORD02605,2025-05-24,C0249,Hyderabad,Home,Table Lamp,5.0,,0.0,,UPI,4.0,5.0,False,False,,2025-05-01
ORD02730,2024-02-12,C0495,Mumbai,Electronics,Power Bank,5.0,1227.58,0.0,6138.0,Credit Card,5.0,3.0,False,False,6138.0,2024-02-01
ORD02626,2024-10-12,C0460,Hyderabad,Home,Pressure Cooker,2.0,2519.0,,9809.0,UPI,5.0,1.0,False,False,9809.0,2024-10-01
ORD01820,2024-02-09,C0117,Mumbai,Grocery,Olive Oil 1L,1.0,793.0,20.0,634.4,UPI,1.0,5.0,False,False,634.4,2024-02-01
ORD01723,2024-08-24,C0377,Kolkata,Home,Pressure Cooker,4.0,,25.0,8655.77,Debit Card,4.0,4.0,False,False,8655.77,2024-08-01
ORD01184,2025-04-28,C0271,Hyderabad,Home,Pressure Cooker,1.0,2790.28,0.0,2790.0,Credit Card,1.0,,False,False,2790.0,2025-04-01
ORD02573,2025-04-14,C0236,Hyderabad,Grocery,Coffee 500g,1.0,417.0,5.0,396.15,COD,,3.0,False,True,623.35,2025-04-01
ORD01060,2024-07-18,C0109,Bengaluru,Clothing,Denim Jeans,1.0,1608.0,5.0,1527.61,Credit Card,1.0,5.0,False,False,1527.61,2024-07-01
ORD00541,2025-02-16,C0176,Kolkata,Grocery,Basmati Rice 5kg,,,0.0,515.51,Credit Card,5.0,1.0,False,False,515.51,2025-02-01
ORD01679,2025-05-07,C0161,Mumbai,Home,Table Lamp,5.0,746.97,5.0,3548.1075,Credit Card,1.0,4.0,False,False,,2025-05-01
ORD02797,2024-10-15,C0005,Delhi,Books,Cookbook,1.0,,,,COD,8.0,2.0,False,False,,2024-10-01
ORD02533,2024-10-21,C0070,Hyderabad,Grocery,Basmati Rice 5kg,1.0,,5.0,496.05,UPI,8.0,4.0,False,False,496.05,2024-10-01
ORD01758,2025-06-08,C0082,Kolkata,Clothing,Denim Jeans,4.0,1754.08,10.0,6315.0,,3.0,4.0,False,False,6315.0,2025-06-01
ORD01924,2024-11-27,C0164,Bengaluru,Books,Textbook,1.0,1180.07,0.0,1180.0,COD,5.0,5.0,False,False,1180.0,2024-11-01
ORD00096,2024-08-21,C0059,Mumbai,Electronics,Wireless Earbuds,,,5.0,4754.0,UPI,3.0,5.0,False,False,4754.0,2024-08-01
ORD01021,2024-04-11,C0004,Mumbai,Books,Textbook,1.0,1272.0,0.0,1272.0,Debit Card,5.0,5.0,False,False,1272.0,2024-04-01
ORD00564,2024-07-28,C0186,Hyderabad,Electronics,Wireless Earbuds,1.0,,0.0,2255.69,,4.0,,False,False,2255.69,2024-07-01
ORD02791,2024-09-16,C0410,Chennai,Clothing,Running Shoes,2.0,2510.0,0.0,5021.0,UPI,2.0,4.0,False,False,5021.0,2024-09-01
ORD00864,2024-01-14,C0250,Bengaluru,Grocery,Coffee 500g,3.0,,0.0,1321.8,Credit Card,2.0,,False,False,1321.8,2024-01-01
ORD01485,2025-04-01,C0138,Mumbai,Electronics,Power Bank,1.0,1418.75,15.0,1206.0,UPI,2.0,3.0,False,False,1206.0,2025-04-01
ORD01882,2025-02-16,C0240,Mumbai,Books,Novel,1.0,402.04,5.0,381.94,Credit Card,0.0,,False,False,381.94,2025-02-01
ORD01039,2025-04-28,C0140,Bengaluru,Books,Novel,1.0,,0.0,393.0,Credit Card,5.0,3.0,False,False,393.0,2025-04-01
ORD00207,2025-04-11,C0321,Kolkata,Clothing,Denim Jeans,1.0,1581.14,,,Debit Card,,4.0,False,False,,2025-04-01
ORD00393,2025-06-15,C0417,Chennai,Home,Bedsheet Set,1.0,,20.0,868.0,Credit Card,1.0,,False,False,868.0,2025-06-01
ORD02843,2025-03-19,C0365,Mumbai,Grocery,Basmati Rice 5kg,2.0,534.09,0.0,1068.0,COD,7.0,,False,False,1068.0,2025-03-01
ORD00871,2024-10-02,C0091,Mumbai,Books,Cookbook,2.0,696.0,15.0,1183.0,Net Banking,2.0,4.0,False,False,1183.0,2024-10-01
ORD00398,2024-12-11,C0376,Mumbai,Clothing,Cotton Kurta,5.0,,,3726.78,Debit Card,3.0,3.0,False,False,3726.78,2024-12-01
ORD02815,2024-04-20,C0358,Bengaluru,Home,Pressure Cooker,5.0,2860.72,25.0,10728.0,COD,5.0,5.0,False,False,10728.0,2024-04-01
ORD02940,2024-09-29,C0153,Mumbai,Electronics,Wireless Earbuds,10.0,2252.0,,22521.0,COD,6.0,,False,False,22521.0,2024-09-01
ORD01029,,C0268,Chennai,Home,Bedsheet Set,1.0,1110.63,,1110.63,Credit Card,2.0,1.0,False,False,1110.63,
ORD02691,2024-07-01,C0262,Kolkata,Electronics,Wireless Earbuds,2.0,2254.0,10.0,4057.59,UPI,4.0,,False,False,4057.59,2024-07-01
ORD01486,2024-05-14,C0208,Delhi,Electronics,Smart Watch,3.0,3707.49,,10010.23,UPI,3.0,3.0,False,False,10010.23,2024-05-01
ORD02661,2024-02-11,C0201,Ahmedabad,Clothing,Denim Jeans,2.0,1660.0,10.0,2988.42,Credit Card,3.0,5.0,False,False,2988.42,2024-02-01
ORD00961,2025-06-05,C0186,Hyderabad,Books,Novel,2.0,417.0,5.0,793.1,Credit Card,2.0,4.0,False,False,793.1,2025-06-01
ORD01571,2024-10-15,C0488,Mumbai,Home,Table Lamp,4.0,724.78,0.0,2899.13,Net Banking,3.0,4.0,False,False,2899.13,2024-10-01
ORD02774,2024-05-28,C0254,Mumbai,Home,Bedsheet Set,1.0,1202.81,,1142.67,COD,5.0,4.0,False,False,1142.67,2024-05-01
ORD01896,2024-06-04,C0263,Kolkata,Home,Table Lamp,10.0,674.58,20.0,5397.0,Credit Card,6.0,5.0,False,False,5397.0,2024-06-01
ORD02732,2024-12-04,C0281,Delhi,Books,Textbook,2.0,1250.89,0.0,2501.78,COD,1.0,,False,False,,2024-12-01
ORD02147,2024-05-02,C0257,Hyderabad,Grocery,Basmati Rice 5kg,2.0,596.0,5.0,1131.95,UPI,3.0,,False,False,1131.95,2024-05-01
ORD00805,2024-10-29,C0092,Bengaluru,Home,Bedsheet Set,2.0,1167.0,10.0,2101.0,UPI,2.0,4.0,False,False,2101.0,2024-10-01
ORD01752,2024-10-08,C0159,Bengaluru,Home,Bedsheet Set,3.0,,0.0,3919.0,Net Banking,8.0,,False,False,3919.0,2024-10-01
ORD02455,2024-04-28,C0295,Chennai,Electronics,Wireless Earbuds,4.0,,5.0,10136.83,Credit Card,2.0,5.0,False,False,10136.83,2024-04-01
ORD00503,2024-05-20,C0293,Chennai,Electronics,Wireless Earbuds,2.0,2688.6,20.0,4301.77,Credit Card,4.0,,False,False,4301.77,2024-05-01
ORD00780,2024-12-28,C0052,Ahmedabad,Books,Textbook,1.0,1240.0,0.0,1240.0,Net Banking,1.0,4.5,False,False,,2024-12-01
ORD01864,2025-03-20,C0248,Delhi,Books,Cookbook,10.0,602.0,10.0,5416.66,UPI,4.0,4.0,False,False,5416.66,2025-03-01
ORD00201,2024-07-13,C0184,Mumbai,Home,Pressure Cooker,3.0,2799.0,15.0,7137.01,Credit Card,3.0,5.0,False,False,7137.01,2024-07-01
ORD02183,2024-03-27,C0232,Kolkata,Clothing,Running Shoes,1.0,,0.0,2151.0,COD,2.0,4.0,False,False,2151.0,2024-03-01
ORD02089,2025-06-10,C0360,Kolkata,Electronics,Power Bank,5.0,,20.0,5410.0,Net Banking,2.0,2.0,False,False,5410.0,2025-06-01
ORD02279,2024-02-28,C0462,Delhi,Electronics,Power Bank,1.0,1325.0,,,Net Banking,7.0,,False,False,,2024-02-01
ORD01797,,C0045,Mumbai,Clothing,Running Shoes,1.0,2124.06,10.0,1911.65,Net Banking,7.0,1.0,False,False,1911.65,
ORD00379,2024-12-13,C0361,Hyderabad,Books,Novel,2.0,400.0,10.0,721.0,Net Banking,,,False,False,721.0,2024-12-01
ORD02337,2025-04-19,C0462,Delhi,Grocery,Basmati Rice 5kg,1.0,,10.0,,Net Banking,6.0,,False,False,,2025-04-01
ORD00419,2025-01-26,C0077,Kolkata,Home,Pressure Cooker,1.0,2730.0,0.0,2730.0,UPI,6.0,4.0,False,False,2730.0,2025-01-01
ORD01699,2024-09-03,C0192,Mumbai,Books,Cookbook,,,10.0,540.99,COD,6.0,3.0,False,False,540.99,2024-09-01
ORD00392,2024-01-26,C0058,Mumbai,Books,Novel,2.0,372.0,10.0,669.6,Credit Card,1.0,,False,False,,2024-01-01
ORD02641,2024-09-18,C0355,Delhi,Grocery,Olive Oil 1L,2.0,793.0,10.0,1427.4,UPI,1.0,4.0,False,False,,2024-09-01
ORD01523,2024-09-22,C0386,Bengaluru,Electronics,Power Bank,2.0,1230.65,5.0,2338.235,COD,4.0,4.5,False,False,,2024-09-01
ORD01163,2024-04-19,C0313,Ahmedabad,Electronics,Power Bank,2.0,1222.26,5.0,2322.29,Debit Card,,1.0,False,False,2322.29,2024-04-01
ORD01496,2025-04-15,C0283,Ahmedabad,Books,Cookbook,2.0,652.49,0.0,1304.98,Credit Card,2.0,,False,False,1304.98,2025-04-01
ORD02696,,C0453,Chennai,Clothing,Denim Jeans,2.0,1621.0,20.0,2592.99,Credit Card,6.0,,False,False,2592.99,
ORD02028,2024-10-12,C0145,Mumbai,Books,Novel,2.0,,0.0,,Credit Card,2.0,,False,False,,2024-10-01
ORD01153,2025-04-01,C0454,Hyderabad,Clothing,Denim Jeans,3.0,1685.33,5.0,4803.2,Debit Card,2.0,5.0,False,False,4803.2,2025-04-01
ORD01368,2025-06-12,,Ahmedabad,Clothing,Running Shoes,1.0,2135.0,,1814.39,Credit Card,,,False,False,1814.39,2025-06-01
ORD02569,2025-03-12,,Bengaluru,Grocery,Basmati Rice 5kg,1.0,528.73,15.0,449.42,Net Banking,4.0,5.0,False,False,449.42,2025-03-01
ORD00065,2025-04-08,C0101,Bengaluru,Home,Bedsheet Set,1.0,1090.32,0.0,1090.32,Debit Card,4.0,,False,False,1090.32,2025-04-01
ORD02063,2025-05-19,C0289,Mumbai,Electronics,Power Bank,1.0,1314.21,10.0,1183.0,Debit Card,2.0,5.0,False,False,1183.0,2025-05-01
ORD01181,2024-09-05,C0311,Mumbai,Electronics,Power Bank,1.0,1372.0,5.0,1303.0,UPI,,3.0,False,False,1303.0,2024-09-01
ORD00493,2024-04-15,C0374,Bengaluru,Clothing,Denim Jeans,1.0,1495.0,20.0,1196.32,Credit Card,4.0,3.0,False,False,1196.32,2024-04-01
ORD00380,2024-05-10,C0370,Hyderabad,Clothing,Cotton Kurta,3.0,818.8,10.0,2210.77,Credit Card,7.0,2.0,False,False,2210.77,2024-05-01
ORD02236,2024-09-19,C0442,Chennai,Books,Cookbook,4.0,691.0,5.0,2626.0,UPI,7.0,3.0,False,False,2626.0,2024-09-01
ORD00764,2024-02-23,C0167,Kolkata,Home,Pressure Cooker,2.0,2969.16,25.0,4454.0,Debit Card,,,False,False,4454.0,2024-02-01
ORD02265,2025-04-03,C0088,Delhi,Books,Textbook,1.0,1256.8,0.0,1256.8,Debit Card,,,False,False,1256.8,2025-04-01
ORD00792,2025-03-20,C0260,Chennai,Clothing,Denim Jeans,1.0,,0.0,1634.01,Net Banking,7.0,5.0,False,False,1634.01,2025-03-01
ORD01077,2024-03-25,C0422,Mumbai,Clothing,Cotton Kurta,1.0,944.0,0.0,944.15,Debit Card,,,False,False,944.15,2024-03-01
ORD00879,2025-03-03,C0327,Hyderabad,Grocery,Olive Oil 1L,2.0,,0.0,1605.62,Credit Card,7.0,3.0,False,False,1605.62,2025-03-01
ORD00338,2024-11-15,C0193,Bengaluru,Home,Table Lamp,1.0,713.77,10.0,642.393,Credit Card,1.0,4.0,False,True,1400.16,2024-11-01
ORD02768,2025-06-17,C0330,Ahmedabad,Electronics,Power Bank,1.0,1337.04,10.0,1203.0,Net Banking,1.0,,False,False,1203.0,2025-06-01
ORD02344,2025-01-09,C0121,Bengaluru,Grocery,Olive Oil 1L,1.0,846.0,5.0,804.0,Net Banking,1.0,3.0,False,False,804.0,2025-01-01
ORD01017,2024-09-30,C0421,Bengaluru,Electronics,Wireless Earbuds,2.0,2343.59,10.0,4218.46,Debit Card,2.0,,False,False,4218.46,2024-09-01
ORD01276,2024-08-10,C0147,Delhi,Clothing,Running Shoes,1.0,2431.0,25.0,1822.94,Net Banking,1.0,,False,False,1822.94,2024-08-01
ORD00456,2024-07-29,C0157,Chennai,Electronics,Wireless Earbuds,5.0,2628.95,20.0,10516.0,UPI,4.0,,False,False,10516.0,2024-07-01
ORD00816,2024-09-26,C0331,Delhi,Clothing,Cotton Kurta,1.0,986.0,10.0,887.77,Debit Card,4.0,,False,False,887.77,2024-09-01
ORD02318,2024-11-06,,Ahmedabad,Electronics,Wireless Earbuds,2.0,2423.0,0.0,4845.05,Net Banking,1.0,,False,False,4845.05,2024-11-01
ORD00996,2024-01-28,,Chennai,Clothing,Cotton Kurta,1.0,829.0,0.0,829.0,UPI,2.0,5.0,False,False,829.0,2024-01-01
ORD01982,2024-06-15,,Kolkata,Grocery,Olive Oil 1L,1.0,,0.0,758.06,Debit Card,8.0,3.0,False,False,758.06,2024-06-01
ORD00202,2024-08-10,C0077,Kolkata,Books,Cookbook,,702.7,0.0,,Credit Card,5.0,,False,False,,2024-08-01
ORD00162,2024-02-19,C0075,Kolkata,Home,Table Lamp,2.0,679.0,20.0,1086.4,Debit Card,7.0,4.0,False,False,,2024-02-01
ORD01580,2024-09-06,C0381,Chennai,Books,Textbook,4.0,1219.48,0.0,4877.93,Net Banking,7.0,,False,False,4877.93,2024-09-01
ORD02778,2024-11-17,C0193,Bengaluru,Home,Pressure Cooker,1.0,2628.0,5.0,2496.6,UPI,1.0,5.0,False,False,,2024-11-01
ORD02450,2024-11-26,C0132,Hyderabad,Clothing,Running Shoes,3.0,,20.0,12538.96,COD,1.0,3.0,False,False,12538.96,2024-11-01
ORD00703,2025-01-19,C0362,Bengaluru,Grocery,Olive Oil 1L,4.0,714.0,0.0,2855.41,Credit Card,8.0,5.0,False,False,2855.41,2025-01-01
ORD01501,2025-04-17,C0081,Delhi,Books,Textbook,3.0,1344.0,0.0,4032.1,Debit Card,6.0,,False,False,4032.1,2025-04-01
ORD01130,2025-06-26,C0085,Bengaluru,Home,Table Lamp,1.0,761.36,10.0,685.22,Debit Card,4.0,4.0,False,False,685.22,2025-06-01
ORD02614,2024-03-01,C0075,Kolkata,Home,Pressure Cooker,3.0,2954.0,0.0,8863.0,Credit Card,5.0,5.0,False,False,8863.0,2024-03-01
ORD01022,2025-03-22,C0288,Mumbai,Books,Novel,,417.94,0.0,,Net Banking,2.0,,False,False,,2025-03-01
ORD01586,2025-05-29,C0153,Mumbai,Electronics,Power Bank,4.0,1394.0,25.0,4182.0,Credit Card,3.0,3.0,False,False,,2025-05-01
ORD01956,2024-10-29,C0285,Bengaluru,Books,Textbook,2.0,1258.9,0.0,2517.8,Debit Card,6.0,,False,False,2517.8,2024-10-01
ORD02254,2024-11-10,C0217,Ahmedabad,Home,Table Lamp,2.0,697.6,0.0,1395.0,Debit Card,5.0,4.0,False,False,1395.0,2024-11-01
ORD00035,2024-11-10,C0061,Mumbai,Home,Table Lamp,1.0,709.78,0.0,709.78,UPI,7.0,2.0,False,False,,2024-11-01
ORD00776,2024-10-27,C0364,Ahmedabad,Books,Novel,2.0,373.0,10.0,672.19,Credit Card,2.0,5.0,False,False,672.19,2024-10-01
ORD02557,2024-05-06,C0455,Mumbai,Grocery,Olive Oil 1L,1.0,,20.0,598.6,Net Banking,5.0,,False,False,598.6,2024-05-01
ORD01479,2025-03-02,C0216,Bengaluru,Electronics,Wireless Earbuds,,2419.0,25.0,,UPI,3.0,4.0,False,False,,2025-03-01
ORD01391,2024-09-12,C0046,Chennai,Grocery,Olive Oil 1L,1.0,707.0,10.0,636.57,COD,3.0,2.0,False,False,636.57,2024-09-01
ORD02140,2024-05-02,C0258,Mumbai,Books,Novel,1.0,,25.0,309.0,UPI,,4.0,False,False,309.0,2024-05-01
ORD01364,2025-06-17,C0207,Bengaluru,Grocery,Olive Oil 1L,2.0,738.75,0.0,1477.5,Credit Card,5.0,1.0,False,False,,2025-06-01
ORD02946,2024-08-14,C0196,Mumbai,Clothing,Running Shoes,1.0,2147.79,15.0,1825.62,Credit Card,2.0,3.0,False,False,1825.62,2024-08-01
ORD02613,2024-08-26,C0135,Mumbai,Books,Novel,2.0,381.0,0.0,762.0,COD,5.0,5.0,False,False,,2024-08-01
ORD02825,2024-08-18,C0040,Mumbai,Books,Textbook,2.0,,0.0,,UPI,2.0,4.0,False,False,,2024-08-01
ORD02042,2024-06-07,C0106,Chennai,Grocery,Basmati Rice 5kg,1.0,602.0,0.0,602.0,Credit Card,6.0,4.0,False,False,602.0,2024-06-01
ORD00242,2024-02-15,C0073,Delhi,Home,Bedsheet Set,3.0,1227.0,0.0,3681.0,,,,False,False,,2024-02-01
ORD02062,2025-06-08,C0154,Bengaluru,Home,Bedsheet Set,3.0,1290.0,0.0,3870.0,Debit Card,8.0,,False,True,8897.2,2025-06-01
ORD02364,2024-02-28,C0449,Hyderabad,Grocery,Coffee 500g,1.0,463.0,25.0,347.01,Credit Card,2.0,4.5,False,False,347.01,2024-02-01
ORD00601,2024-01-05,C0350,Delhi,Electronics,Smart Watch,1.0,3612.08,0.0,3612.08,Net Banking,1.0,3.0,False,False,3612.08,2024-01-01
ORD02436,2024-01-08,C0107,Kolkata,Home,Pressure Cooker,2.0,2792.0,0.0,5584.91,Credit Card,2.0,5.0,False,False,5584.91,2024-01-01
ORD01298,2024-06-20,C0307,Ahmedabad,Books,Textbook,1.0,1242.0,10.0,1118.0,Debit Card,1.0,3.0,False,False,1118.0,2024-06-01
ORD02215,2024-02-14,C0256,Delhi,Electronics,Smart Watch,1.0,3789.0,0.0,3789.0,Debit Card,,3.0,False,False,,2024-02-01
ORD02889,2024-05-20,C0471,Delhi,Books,Cookbook,2.0,652.87,0.0,1305.74,UPI,7.0,3.0,False,False,1305.74,2024-05-01
ORD02069,2025-03-27,C0250,Bengaluru,Home,Bedsheet Set,1.0,1131.6,10.0,1018.4399999999999,Debit Card,8.0,5.0,False,False,,2025-03-01
ORD00647,2024-01-01,C0096,Ahmedabad,Home,Bedsheet Set,2.0,1241.2,10.0,2234.0,COD,,5.0,False,False,2234.0,2024-01-01
ORD01529,2024-03-13,C0468,Ahmedabad,Grocery,Olive Oil 1L,1.0,790.0,0.0,790.29,UPI,8.0,5.0,False,False,790.29,2024-03-01
ORD02880,2024-10-08,C0499,Hyderabad,Electronics,Power Bank,,1369.0,10.0,,Credit Card,6.0,5.0,False,False,,2024-10-01
ORD01268,2025-03-24,C0460,Hyderabad,Home,Pressure Cooker,1.0,2606.99,5.0,2476.64,Credit Card,1.0,,False,False,2476.64,2025-03-01
ORD01900,2025-06-29,C0069,Ahmedabad,Electronics,Wireless Earbuds,1.0,2669.0,0.0,2669.0,COD,5.0,5.0,False,False,2669.0,2025-06-01
ORD00563,2024-08-16,C0263,Kolkata,Clothing,Cotton Kurta,2.0,,,1471.0,COD,1.0,4.5,False,False,1471.0,2024-08-01
ORD02735,2024-07-02,C0065,Delhi,Grocery,Olive Oil 1L,10.0,753.0,0.0,7528.14,COD,3.0,5.0,False,False,7528.14,2024-07-01
ORD00190,2025-04-16,C0206,Mumbai,Grocery,Basmati Rice 5kg,1.0,517.89,5.0,492.0,COD,7.0,4.0,False,False,492.0,2025-04-01
ORD01807,2024-05-14,,Ahmedabad,Books,Cookbook,1.0,688.0,0.0,688.0,UPI,3.0,3.0,False,False,688.0,2024-05-01
ORD00976,2024-07-21,C0410,Chennai,Books,Textbook,1.0,1221.22,0.0,1221.22,Credit Card,3.0,5.0,False,False,1221.22,2024-07-01
ORD02748,2024-12-03,C0069,Ahmedabad,Home,Pressure Cooker,2.0,2904.0,0.0,5808.0,UPI,1.0,5.0,False,False,5808.0,2024-12-01
ORD02048,2024-12-04,C0062,Ahmedabad,Home,Table Lamp,3.0,813.0,10.0,2195.1,Debit Card,6.0,5.0,False,False,,2024-12-01
ORD02559,2025-04-22,C0054,Kolkata,Electronics,Smart Watch,2.0,4354.87,5.0,8274.24,COD,3.0,4.0,False,False,8274.24,2025-04-01
ORD01083,2025-06-04,C0472,Hyderabad,Grocery,Olive Oil 1L,1.0,710.0,20.0,568.0,COD,0.0,4.0,False,False,568.0,2025-06-01
ORD00475,,C0002,Delhi,Books,Textbook,2.0,1301.0,0.0,2601.8,Net Banking,1.0,,False,False,2601.8,
ORD02905,2025-08-05,C0001,Mumbai,Electronics,Power Bank,2.0,1243.32,0.0,2486.64,Credit Card,3.0,5.0,True,False,2486.64,2025-08-01
ORD00748,2025-06-16,C0273,Mumbai,Home,Pressure Cooker,2.0,2656.48,0.0,5312.96,Credit Card,3.0,4.0,False,False,5312.96,2025-06-01
ORD02301,2024-08-05,C0043,Delhi,Home,Bedsheet Set,2.0,1267.75,5.0,2408.72,Credit Card,7.0,5.0,False,False,2408.72,2024-08-01
ORD00022,2024-08-19,C0034,Bengaluru,Grocery,Olive Oil 1L,1.0,844.0,15.0,717.27,Net Banking,3.0,3.0,False,False,717.27,2024-08-01
ORD00460,2024-02-01,C0458,Chennai,Clothing,Denim Jeans,3.0,1462.0,0.0,4384.53,COD,2.0,,False,False,4384.53,2024-02-01
ORD01185,2024-01-18,C0176,Kolkata,Electronics,Wireless Earbuds,2.0,2733.51,0.0,5467.02,Credit Card,3.0,5.0,False,False,5467.02,2024-01-01
ORD02325,2024-05-27,C0396,Mumbai,Clothing,Running Shoes,1.0,2516.0,20.0,2012.0,UPI,,1.0,False,False,2012.0,2024-05-01
ORD00956,2024-09-10,C0186,Hyderabad,Home,Table Lamp,4.0,790.0,10.0,2844.0,Debit Card,6.0,4.5,False,False,2844.0,2024-09-01
ORD01216,2025-01-03,C0128,Chennai,Grocery,Olive Oil 1L,1.0,707.0,,637.0,UPI,5.0,4.0,False,False,637.0,2025-01-01
ORD02434,2024-03-18,C0365,Mumbai,Home,Pressure Cooker,1.0,2883.0,0.0,2882.51,UPI,3.0,4.0,False,False,2882.51,2024-03-01
ORD02854,2025-03-15,C0224,Kolkata,Clothing,Denim Jeans,1.0,,0.0,1612.56,Credit Card,3.0,,False,False,1612.56,2025-03-01
ORD01516,2024-05-08,C0381,Chennai,Books,Textbook,1.0,1141.0,10.0,1027.28,Debit Card,6.0,4.0,False,False,1027.28,2024-05-01
ORD02392,2024-02-23,C0156,Delhi,Home,Table Lamp,5.0,,0.0,3509.8,UPI,2.0,1.0,False,False,3509.8,2024-02-01
ORD00770,2024-07-28,C0300,Mumbai,Grocery,Coffee 500g,2.0,,0.0,783.0,UPI,3.0,2.0,False,False,783.0,2024-07-01
ORD01686,,C0359,Delhi,Electronics,Wireless Earbuds,5.0,2454.12,20.0,9816.48,COD,,3.0,False,True,19696.0,
ORD00131,2024-06-02,C0058,Mumbai,Grocery,Olive Oil 1L,3.0,785.0,0.0,2355.0,Net Banking,7.0,3.0,False,False,,2024-06-01
ORD02920,2024-05-01,C0205,Bengaluru,Electronics,Smart Watch,2.0,3996.0,0.0,7992.0,UPI,1.0,3.0,False,False,7992.0,2024-05-01
ORD02136,2025-01-24,C0456,Chennai,Home,Table Lamp,2.0,734.0,10.0,1321.2,Credit Card,6.0,1.0,False,False,,2025-01-01
ORD01483,2024-12-29,C0189,Bengaluru,Clothing,Cotton Kurta,5.0,882.73,10.0,3972.29,,5.0,3.0,False,False,3972.29,2024-12-01
ORD00331,2024-10-03,C0121,Bengaluru,Home,Table Lamp,2.0,684.28,,1231.7,Net Banking,3.0,4.5,False,False,1231.7,2024-10-01
ORD01239,2024-07-13,C0218,Chennai,Books,Textbook,2.0,,10.0,2050.82,UPI,3.0,4.0,False,False,2050.82,2024-07-01
ORD00467,2024-04-02,C0381,Chennai,Clothing,Denim Jeans,3.0,1515.62,0.0,4546.86,Credit Card,2.0,5.0,False,False,,2024-04-01
ORD02170,2024-11-12,C0144,Ahmedabad,Clothing,Cotton Kurta,5.0,925.04,20.0,3700.16,COD,8.0,,False,False,,2024-11-01
ORD01639,2024-07-13,C0029,Kolkata,Grocery,Olive Oil 1L,1.0,758.0,0.0,758.0,COD,1.0,,False,False,,2024-07-01
ORD01096,2024-08-13,C0484,Bengaluru,Grocery,Basmati Rice 5kg,,563.0,0.0,,UPI,5.0,5.0,False,False,,2024-08-01
ORD01131,2024-10-04,,Chennai,Books,Novel,3.0,,,1024.57,Net Banking,4.0,4.0,False,False,1024.57,2024-10-01
ORD01295,2025-03-06,C0142,Hyderabad,Home,Pressure Cooker,1.0,2970.58,5.0,2822.05,COD,2.0,3.0,False,False,2822.05,2025-03-01
ORD00861,2024-03-28,C0429,Chennai,Grocery,Olive Oil 1L,2.0,854.86,10.0,1538.74,UPI,6.0,,False,False,1538.74,2024-03-01
