order_id,order_date,customer_id,city,category,product,quantity,unit_price,discount_pct,revenue,payment_method,delivery_days,rating
ORD01765,"October 29, 2024",C0053,Amdavad,home,Bedsheet Set,3,"Rs. 1,317.08",0.20,3161,COD,4,3
ORD00204,16/11/2024,C0010,Amdavad,BOOKS,Novel,1,Rs. 375.81,0%,INR 375.81,COD,2,3
ORD01357,2025-01-22,C0455,Mumbai,Electronics,Wireless Earbuds,5,"Rs. 2,431.25",0%,"₹12,156",Debit Card,3,4
ORD01452,"August 16, 2024",C0010,Amdavad,Electronics,Smart Watch,2,"Rs. 3,848.98",20%,"Rs. 6,158.37",Credit Card,1,4
ORD01578,2024-08-15,C0337,Bombay,Home & Kitchen,Bedsheet Set,1,"INR 1,157.78",25%,868,-,1,5
ORD00103,2024-10-21,C0266,kolkata,Apparel,Denim Jeans,1,"1,539.63",0%,"Rs. 1,539.63",credit card,4,?
ORD02839,02/03/2025,C0392, Mumbai ,GROCERY,Basmati Rice 5kg,1,549.87,0.05,522.37,Debit Card,3,4
ORD01819,2024-08-13,C0098,Bombay,Groceries,Basmati Rice 5kg,3,506.60,0.20,"Rs. 1,215.83",netbanking,4,4
ORD00486,2024-12-03,C0282,Mumbai,Home,Table Lamp,10,735,15,"₹6,245",Credit Card,6,4
ORD01437,05/06/2025,C0395,Ahmedabad,Home,Table Lamp,1,Rs. 770.00,0.20,616,credit card,5,
ORD01252,,C0489,kolkata,Books,Novel,4,₹397,10%, ,Net Banking,2,4
ORD01152,"April 24, 2025",C0339,Ahmedabad,Electronics,Wireless Earbuds,4,"₹2,525",0.05,"Rs. 9,593.64",CC,3,NA
ORD00267,03/09/2024,C0242,Madras,Electronics,Power Bank,2,"1,253.46",20%,"2,005.54",netbanking,1,6
ORD02155,2024-12-29,C0382, Hyderabad,Clothing,Denim Jeans,5,n/a,0,"Rs. 7,970.16",netbanking,3,4
ORD01428,04-May-24,C0201,Amdavad,grocery,Basmati Rice 5kg,1,₹536,0%,Rs. 536.44,COD,4,N/A
ORD02879,21/07/2024,C0210,Bombay,clothing,Denim Jeans,1,"1,560.83",0.20,"INR 1,248.66",CC,7,?
ORD02355,2024-05-08,C0354,Mumbai,grocery,Coffee 500g,2, 420.30 ,15%, 714.51 ,Net Banking,6,3
ORD01484,21-Apr-24,C0254,mumbai,books,Novel,0,₹400,0.00,Rs. 0.00,Debit Card,5,3
ORD02467,08/05/2024,C0401,kolkata,home,Table Lamp,1,null,15%,Rs. 594.68,credit card,4,4
ORD02568,2024-08-30,C0153,mumbai,Home,Table Lamp,5,₹711,0.15,"3,023.85",,5,missing
ORD02378,2025-06-01,C0234,Amdavad,Books,Textbook,2,"1,328.49",missing,"1,992.73",credit card,2,2
ORD02219,2024-12-18,C0015,Delhi,grocery,Coffee 500g,1,₹467,25%,₹350,Net Banking,3,4
ORD01178,2024-02-17,C0477,KOLKATA,grocery,Olive Oil 1L,-2, 809.03 , ,0.00,credit card,5,4
ORD01610,2024-07-31,C0421,Bangalore,Books,Textbook,1,"Rs. 1,139.52",15, 968.59 ,credit card,6,NA
ORD02127,2025-03-11,C0009, Hyderabad,electronics,Wireless Earbuds,4,"Rs. 2,404.09",0%,"₹9,616",Debit Card,2,5
ORD01447,2024-07-10,C0426,Bombay,Electronics,Power Bank,5,"INR 1,182.96",0,"5,914.79",COD,6,3
ORD02674,12/03/2024,C0236,Hyderabad,Clothing,Cotton Kurta,1,Rs. 860.26,10,774,Debit Card,-,1
ORD02851,19/03/2024,C0401,Calcutta,books,Novel,1,360,0,359.83,netbanking,3,3
ORD02718,2024-12-18,C0240, Mumbai ,books,Novel,1,407.45,0,407,CC,5,?
ORD01090,18/05/2025,C0488,Bombay,Apparel,Denim Jeans,4,"1,528.61",0,"Rs. 6,114.42",upi,2,3
ORD02128,22/03/2025,C0029,Calcutta,grocery,Coffee 500g,2,INR 464.11,10%,Rs. 835.40,Debit Card,4,missing
ORD02524,"December 10, 2024",C0145, Mumbai ,Books,Textbook,,"1,279.88",0,"2,559.76",null,5,5
ORD00765,13/11/2024,C0499,Hyderabad,CLOTHING,Running Shoes,4,"Rs. 2,229.71",10,"INR 8,026.94",debit_card,2,NA
ORD02420,12-Jun-24,C0031,KOLKATA,electronics,Power Bank,1,"Rs. 1,250.74",10%,1729,COD,99,2
ORD01518,not recorded,C0054,KOLKATA,home,Table Lamp,4,773.96,10,"2,786.26",upi,5,4
ORD02844,24-Jan-24,C0480,New Delhi,Apparel,Denim Jeans,5,1656,20,"6,624.35",missing,5,nan
ORD00193,06/12/2024,C0464,BANGALORE,Home,Table Lamp,4,Rs. 779.50,0.00,"Rs. 3,118.00",credit card,5,4
ORD00355,2024-07-08,C0296,Bengaluru,Electronics,Smart Watch,2,"₹3,716",,"₹7,431",Cash on Delivery,8,?
ORD01033,2024-04-22,C0426,Bombay,grocery,Basmati Rice 5kg,1,590,0.00,INR 590.10,upi,1,null
ORD00145,2024-13-45,C0017, Bengaluru ,home,Table Lamp,1,723,0.00,723.46,Credit Card,4, 
ORD01426,2024-01-16,C0088,NEW DELHI,grocery,Basmati Rice 5kg,1,Rs. 520.46,0%,Rs. 520.46,COD,8,5
ORD02925,2024-04-11,C0404,chennai,home,Table Lamp,5,784.57,5,"3,726.71",COD,2,5
ORD00140,07/09/2024,C0257,Hyderabad,Clothing,Denim Jeans,2,"₹1,707",20,"2,731.28",CC,4,4
ORD01303,"January 24, 2024",C0457,KOLKATA,Groceries,Olive Oil 1L,4,731,0%,2924,Credit Card,1,4
ORD02135,2024-09-13,C0341,mumbai,BOOKS,Cookbook,3,INR 629.81,10,"Rs. 1,700.49",COD,5,2
ORD00747,2024-05-13,C0499, Hyderabad,BOOKS,Cookbook,1,Rs. 704.23,0.00,₹704,UPI,7,4
ORD02241,30-Jan-25,C0364,AHMEDABAD,Clothing,Running Shoes,1,"2,267.08",20%,"1,813.66",COD,1,5
ORD01810,08-May-25,C0009,HYDERABAD,Electronics ,Smart Watch,1,N/A,5%,"3,870.53",netbanking,4,0
ORD00064,2024-12-02,C0038,CHENNAI,home,Bedsheet Set,1,"₹1,114",0.00,"Rs. 2,820.83",Cash on Delivery,7,5
ORD01764,"January 13, 2025",C0459,Mumbai,Home & Kitchen,Bedsheet Set,1,"₹1,150",0%,"₹1,150",nan,4,6
ORD02397,07-Jan-24,C0270,Ahmedabad, Books,Cookbook,2,NA,0,"1,186.86",Cash on Delivery,4,
ORD01489,15/11/2024,C0261,New Delhi,books,Cookbook,3,595.93,0%,"₹1,788",CC,6,?
ORD02870,18/07/2024,C0190,Bengaluru,Electronics,Power Bank,1,"Rs. 1,223.61",0%,"1,223.61",Debit Card,3,n/a
ORD00680,2025-04-20,C0024,Kolkata,home,Table Lamp,2,₹773,0%,"INR 1,546.42",debit_card,1,3
ORD00252,2024-09-28,C0469,Mumbai,books,Textbook,4,"Rs. 1,355.77",15%,"4,609.63",Net Banking, ,5
ORD00766,01/08/2025,C0009,hyderabad,BOOKS,Novel,4,null,0%,"1,674.20",COD,3,5
ORD00052,2024-02-25,missing,BANGALORE,ELECTRONICS,Smart Watch,1,"3,888.22",5,"3,693.81",debit_card,5,null
ORD02424,31-Jan-24,C0237, Hyderabad,CLOTHING,Running Shoes,1,"Rs. 2,266.22",0%,4112,UPI,2,3
ORD00737,,C0464,bengaluru,Home & Kitchen,Table Lamp,2,776,0.00,"₹1,552",netbanking,7,2
ORD01973,2024-03-29,C0050,Delhi,books,Novel,1,403,15%,917,upi,5,n/a
ORD02014,2024-05-03,C0266,KOLKATA,Groceries,Olive Oil 1L,3,843.69,10,2278,Debit Card,3,3
ORD00150,2024-07-26,C0182,MUMBAI,ELECTRONICS,Power Bank,2,"₹1,288",0.00,"2,575.60",netbanking,2,3
ORD01603,2025-01-23,C0222,Ahmedabad,clothing,Running Shoes,1,null,5,"INR 2,286.52",Cash on Delivery,4,
ORD00255,2024-12-27,C0262,Calcutta,Grocery,Olive Oil 1L,1,Rs. 745.41,0%,745.41,netbanking,4,5
ORD01074,12-Jul-24,C0254,Mumbai,BOOKS,Cookbook,1,INR 608.34,0%,608,credit card,6,3
ORD00045,2024-06-09,C0365, Mumbai ,books,Cookbook,4,₹650,10,2341,upi,3,4
ORD00757,"February 14, 2024",C0057, Bengaluru ,Home,Pressure Cooker,1,"2,917.12",NA,"2,917.12",debit_card,4, 
ORD01950,15/06/2024,NULL,Dehli, Books,Cookbook,5,Rs. 697.15,0,3486,UPI,6,5
ORD01205,2024-08-01,null,kolkata,electronics,Wireless Earbuds,1,"₹2,294",null,2065,debit_card,8,4
ORD00241,2025-01-11,C0013,Mumbai,GROCERY,Olive Oil 1L,1,₹798,0.00,798,upi,2,3
ORD01403,2025-02-04,C0088,Delhi,Groceries,Coffee 500g,5,Rs. 442.65,,2103,Credit Card,1,5
ORD02292,2024-08-12,C0483,chennai,books,Cookbook,1,706.83,0.10,₹636,debit_card,1,3
ORD01624,2024-05-24,C0262,KOLKATA,GROCERY,Coffee 500g,2,Rs. 442.88,10,2059,Debit Card,2,5
ORD00247,2025-06-22,C0460,hyderabad,Clothing,Cotton Kurta,1, 828.44 ,0.10,₹746,CC,7,5
ORD01085,12/05/2025,C0433,Madras,grocery,Olive Oil 1L,3,₹833,10,"Rs. 2,249.00",credit card,7,3
ORD01629,2025-04-19,C0091, Mumbai ,CLOTHING,Denim Jeans,2,"1,636.35",0,3273,netbanking,-1,3
ORD00603,2024-12-18,C0340,bengaluru, Books,Cookbook,1,missing,5,604,Net Banking,4,4
ORD00212,05/26/2025,C0112,HYDERABAD,GROCERY,Olive Oil 1L,2,Rs. 735.76,0,"Rs. 1,471.52",Cash on Delivery,2,5
ORD00332,2024-10-26,C0238,Delhi,electronics,Wireless Earbuds,2,-,0.00,"5,311.54",Debit Card,2,4
ORD01771,2024-11-29,C0026,kolkata,grocery,Olive Oil 1L,2,INR 712.84,25,"INR 1,069.26",debit_card,5,NULL
ORD01568,2024-04-09,C0385,Amdavad,Home & Kitchen,Bedsheet Set,1,null,10,983.94,credit card,8,4
ORD00536,"March 14, 2024",C0473,AHMEDABAD,Home,Bedsheet Set,0,"1,178.27",0.00,0.00,credit card,1,4
ORD02171,17-Apr-25,C0321,kolkata,clothing,Running Shoes,2,"2,437.32",5,"4,630.90",UPI,1,3
ORD01433,01-Jan-24,C0022,chennai,BOOKS,Textbook,2,"Rs. 1,267.84",0.10,"2,282.12",Debit Card,3,missing
ORD00444,15/06/2024,C0143,Mumbai,Apparel,Denim Jeans,4,1674,0.05," 6,362.05 ",debit_card,nan,4
ORD01984,17-Mar-25,C0298,BANGALORE,BOOKS,Novel,1,434.30,0.15,₹369,CC,7,1
ORD00135,16/04/2025,C0114,MUMBAI,HOME,Bedsheet Set,1,"Rs. 1,132.11",10,"₹1,019",Net Banking,5,nan
ORD02786,2024-01-28,C0498,Bombay,Clothing,Running Shoes,1,"₹2,168",15%,"1,842.69",Debit Card,n/a,3
ORD00271,06/27/2025,C0056,Calcutta,CLOTHING,Denim Jeans,1,"INR 1,492.25",0.10,"₹1,343",Net Banking,2,5
ORD00258,"December 14, 2024",C0341,Bombay,ELECTRONICS,Power Bank,5,"1,236.20",NA,"6,181.01",Credit Card,4,NA
ORD01526,2025-06-19,C0210,mumbai,books,Novel,2,INR 399.75,10%, 719.56 ,Debit Card,5,4
ORD01831,12/04/2024,C0058,Mumbai,home,Table Lamp,NA,INR 780.91,10,₹703,COD,3,3
ORD02793,"August 21, 2024",C0324,MUMBAI,clothing,Denim Jeans,5,n/a,0%,"7,529.54",Credit Card,6,5
ORD02733,22/02/2025,C0058,mumbai,Clothing,Running Shoes,2,"2,441.01",0.00,"₹4,882",Cash on Delivery,7,4
ORD01126,"April 24, 2025",C0268,Chennai,Books,Novel,2,Rs. 374.12,0.10,INR 673.41,Net Banking,7,4
ORD00638,31/03/2024,C0365,mumbai,Books,Cookbook,1,₹666,0.25,499.60,Net Banking,4, 
ORD00179,31/02/2024,C0003,Madras,grocery,Basmati Rice 5kg,1,INR 583.00,0.10,Rs. 524.70,Net Banking,7,2
ORD00053,2025-03-23,C0085,BANGALORE,Home,Pressure Cooker,1," 2,788.71 ",0.05,"Rs. 2,649.28",-,8,3
ORD00843,07/09/2024, ,mumbai,GROCERY,Coffee 500g,1,463,0%,₹463,Debit Card,4,1
ORD00568,2024-11-15,C0257,Hyderabad, Books,Cookbook,1,700.23,15%,₹595,netbanking,1,3
ORD01460,2024-01-01,C0365,MUMBAI,Electronics ,Smart Watch,3," 3,941.26 ",5,"Rs. 11,232.58",Net Banking,N/A,6
ORD00185,2025-02-08,C0194,mumbai,books,Textbook,1,"1,329.18",?,"1,262.72",CC,5,3
ORD00189,,C0352,delhi, Books,Textbook,2,"₹1,312",0.10,"INR 2,361.63",CC,NA,2
ORD02528,18/04/2024,C0235, Mumbai ,Home,Pressure Cooker,1,"2,945.09",20%,"Rs. 2,356.08",debit_card,2,4
ORD01903,26/09/2024,nan,Ahmedabad,grocery,Olive Oil 1L,1,778.83,0.25,584.12,upi,1,6
ORD00860,,C0308,Amdavad,ELECTRONICS,Wireless Earbuds,5,"Rs. 2,317.91",0.05,"₹11,010",credit card,4,5
ORD02479,21/09/2024,C0410,CHENNAI,Clothing,Running Shoes,2," 2,094.45 ",5%,"3,979.45",upi,2,3
ORD02425,2024-03-17,C0258,Bombay,electronics,Smart Watch,4,"Rs. 3,953.58",0.00,"15,814.33",credit card,5,-
ORD00808,15-Jun-25,C0468,ahmedabad,BOOKS,Novel,3,INR 375.96,0.10,"₹1,015",CC,-1,nan
ORD00175,2024-11-17,C0297,delhi,Apparel,Running Shoes,1,"Rs. 2,429.68",5%,"Rs. 2,308.20",COD,N/A,1
ORD01432,06/01/2024,C0415,Delhi,CLOTHING,Denim Jeans,5,"1,497.27",10,"6,737.73",Debit Card,4,3
ORD00745,03/29/2025,C0112, Hyderabad,BOOKS,Novel,2,421,0.05,₹801,Net Banking,2,5
ORD00001,22-Oct-24,C0163,MUMBAI,Apparel,Denim Jeans,2,"₹1,606",0.25,2409,credit card,3,-
ORD02603,2024-10-15,C0036, Mumbai ,Electronics ,Power Bank,2,"Rs. 1,420.32",0.15,"₹2,415",n/a,3,4
ORD02671,2024-11-08,C0049,Amdavad,electronics,Power Bank,2,"Rs. 1,195.74",0.00,"INR 2,391.49",CC,4,4
ORD01875,05/05/2024,C0154,BANGALORE,Grocery,Coffee 500g,3,427.91,0%,"1,283.72",Credit Card,3,5
ORD02823,24-Dec-24,C0449,hyderabad,Groceries,Olive Oil 1L,2, 716.79 ,0,1434,Cash on Delivery,1,n/a
ORD01948,09/10/2024,C0406,KOLKATA,Apparel,Denim Jeans,2,"Rs. 1,746.55",0.05,"₹9,213",Debit Card,2,2
ORD01208,2024-07-15,C0148,Amdavad,BOOKS,Textbook,1,"INR 1,135.96",5,"₹1,079",netbanking,5,5
ORD02112,21/06/2024,C0273,Mumbai,Home & Kitchen,Pressure Cooker,2,"Rs. 2,678.68",20%,"4,285.88",COD,2,4.5
ORD02023,2024-11-10,C0422,Bombay,electronics,Power Bank,2,"Rs. 1,225.54",0.00,2451,netbanking,8,4
ORD01928,05/24/2024,C0326, Hyderabad,Groceries,Olive Oil 1L,1,830.30,15%,705.76,upi,2,2
ORD01028,12/02/2024,C0052,Amdavad,books,Novel,5,428,0,"2,138.82",Debit Card,2,4
ORD00290,17/02/2025,C0430,Kolkata,Electronics ,Wireless Earbuds,3,"2,396.26",0%,"7,188.77",UPI,2,4
ORD02019,2024-01-16,C0409,mumbai,Books,Novel,10,396.05,25,2970,UPI,5,1
ORD00033,2024-06-06,C0483,CHENNAI,ELECTRONICS,Wireless Earbuds,2,"₹2,612",null,"₹3,917",UPI,2,3
ORD00599,2024-02-09,C0337, Mumbai ,GROCERY,Coffee 500g,1,₹455,10%,409.15,UPI,2,5
ORD02474,"February 11, 2024",C0196, Mumbai ,Clothing,Running Shoes,3,"2,227.66",-,"₹6,015",Cash on Delivery,5,3
ORD00015,23/01/2024,C0439,Amdavad,ELECTRONICS,Wireless Earbuds,2,"₹2,741",10," 4,933.98 ",netbanking,1,4
ORD00094,2024-08-31,missing,Calcutta,Books,Textbook,3,1190,0.25,"Rs. 2,677.56",Cash on Delivery,5,1
ORD02463,2025-02-18,C0445,Bombay,BOOKS,Textbook,3,1297,0%,"3,889.58",COD,4,4
ORD00292,2024-12-18,C0347,chennai,Home,Table Lamp,1,688,0.10,619,Debit Card,0,NA
ORD00299,27-Aug-24,C0294,kolkata,books,Novel,2,398,0.10,₹717,COD,nan,4
ORD00440,09/09/2024,C0074,AHMEDABAD,Apparel,Running Shoes,2,"Rs. 2,141.31",0.15,"3,640.23",upi,0, 
ORD01300,04/02/2025,C0143,MUMBAI,CLOTHING,Running Shoes,1,"2,497.72",0.15,"Rs. 2,123.06",Cash on Delivery,4,
ORD02777,2024-02-09,C0111,New Delhi,Electronics,Wireless Earbuds,1,2587,0%,2587,Credit Card,NULL,NULL
ORD02738,2024-10-15,C0148,Amdavad,books,Novel,-, 416.35 ,0,₹833,Debit Card,1,5
ORD02591,03/04/2025,C0173, Mumbai ,GROCERY,Basmati Rice 5kg,2,Rs. 557.75,10,"1,003.95",Credit Card,1,4
ORD01314,31/02/2024,C0309,kolkata, Books,Textbook,1,"₹1,366",20,"₹1,093",Debit Card,0,3
ORD00219,,C0016, Mumbai ,Electronics,Wireless Earbuds,1,"2,662.76",10%,"Rs. 2,396.49",Cash on Delivery,1,1
ORD01847,10/12/2024,C0135,Mumbai,Grocery,Basmati Rice 5kg,5,₹560,0.00,"2,799.34",CC,3,4
ORD01951,2024-09-24,C0196,Bombay,Books,Cookbook,500,₹652,10%,"₹293,290",Credit Card,3,4
ORD01675,2025-03-18,C0313,ahmedabad,Grocery,Basmati Rice 5kg,1,n/a,0.00,INR 581.86,upi,3,3
ORD00464,not recorded,C0490,Amdavad,ELECTRONICS,Power Bank,5,"₹1,388",0.00,"6,938.73",UPI,4,n/a
ORD02948,2025-06-06,C0124,Amdavad,Home & Kitchen,Table Lamp,10,Rs. 776.41,0.00,"Rs. 7,764.06",debit_card,7,3
ORD01742,06/18/2025,C0358,BANGALORE,Groceries,Basmati Rice 5kg,2,Rs. 590.23,0.15," 1,003.39 ",debit_card,4,5
ORD02928,2024-13-45,C0293,Chennai,Electronics ,Power Bank,5," 1,400.88 ",0%,7004,debit_card,8,3
ORD01104,31-Aug-24,null,Bengaluru,GROCERY,Olive Oil 1L,3,₹758,0.10,2046,Credit Card,3,2
ORD01351,2024-06-12,C0051,BANGALORE,GROCERY,Olive Oil 1L,4,769.36,20,"INR 2,461.96",upi,4,3
ORD00888,2025-05-08,C0162,Kolkata,Grocery,Olive Oil 1L,3, 706.04 ,10,"₹1,906",netbanking,5,2
ORD01897,06/09/2024,?,Ahmedabad,BOOKS,Cookbook,4,686,0.00," 2,743.38 ",COD,2,5
ORD02079,14-Jan-25,C0368,mumbai,Books,Textbook,2,"1,170.10",25%,"₹1,755",UPI,4,missing
ORD02761,2024-08-04,C0082,KOLKATA,Home,Pressure Cooker,2,"₹2,660",0%,-,Net Banking,3,2
ORD02790,2024-07-28,C0251,Dehli,clothing,Cotton Kurta,2,₹951,15,"₹1,617",Net Banking,5,3
ORD01062,07-Aug-24,C0306,Bombay,CLOTHING,Running Shoes,4,"Rs. 2,148.89",5,"8,165.78",upi,0,5
ORD00938,01/27/2025,C0393,chennai,Grocery,Olive Oil 1L,1,₹792,0.10,₹713,UPI,1, 
ORD02326,"January 25, 2024",C0217,Amdavad,CLOTHING,Cotton Kurta,4,₹945,5%,"₹3,590",Net Banking,8,2
ORD00195,2025-05-21,C0165, Mumbai ,clothing,Running Shoes,1,"2,430.77",0.00,"2,430.77",Credit Card,2,4
ORD00820,"March 02, 2025",C0297,NEW DELHI,Home & Kitchen,Table Lamp,1,Rs. 714.66,5,₹679,Net Banking,3,
ORD00472,2025-02-11,C0091, Mumbai ,electronics,Smart Watch,3,"3,875.79",0%,"Rs. 11,627.38",Net Banking,1,N/A
ORD00930,02/27/2024,C0155, Bengaluru ,Apparel,Cotton Kurta,2,933.72,10,"₹1,681",credit card,4,3
ORD02869,29/03/2024,C0479,HYDERABAD,GROCERY,Coffee 500g,4,409.40,null,"₹1,392",UPI,3,5
ORD00431,03-Jun-24,C0355,NEW DELHI,CLOTHING,Running Shoes,1,"Rs. 2,151.03",10%,"₹1,936",netbanking,7,3
ORD01488,22/03/2025,C0374,Bangalore,Electronics ,Power Bank,500,"1,421.14",0,"710,568.76",UPI,3,0
ORD01747,27/10/2024,C0278,Madras,grocery,Olive Oil 1L,3,₹719,0.05,"INR 2,050.41",debit_card,4,5
ORD01424,2024-05-16,C0204,mumbai,Electronics,Smart Watch,1,"4,292.94", ," 4,078.29 ",COD,6,3
ORD02415,18/06/2025,C0172,hyderabad,Groceries,Olive Oil 1L,2, 719.14 ,null,"1,222.54",netbanking,2,5
ORD02283,06/22/2025,C0290,Kolkata,grocery,Coffee 500g,1,₹402,5,382,Debit Card,3,3
ORD01468,2024-10-25,C0478,chennai,Clothing,Denim Jeans,2,1676,10,3018,CC,5,4
ORD01912,04/01/2024,C0153,Bombay,grocery,Basmati Rice 5kg,1,INR 550.83,0.05,₹523,credit card,4,3
ORD02339,13/04/2024,C0136,Madras,ELECTRONICS,Wireless Earbuds,1,"2,460.57",5%,"2,337.54",Cash on Delivery,n/a,2
ORD02058,2025-02-21,C0435,AHMEDABAD,Groceries,Basmati Rice 5kg,5,₹563,nan," 2,391.91 ",COD,4,missing
ORD02714,2024-06-02,C0324, Mumbai ,Grocery,Coffee 500g,1,423.00,15,359.55,Debit Card,4,2
ORD02608,24/06/2025,C0499,Hyderabad,GROCERY,Coffee 500g,2,384,20%,613.77,upi,n/a,
ORD01345,24/08/2024,C0334,Mumbai,Apparel,Cotton Kurta,1,905.08,0.10,₹815,upi,?,6
ORD01513,17/04/2024,C0409,Mumbai,Books,Novel,5,₹438,0.15,1863,COD,3,2
ORD01663,2024-05-10,C0500,mumbai,Electronics ,Power Bank,1,"Rs. 1,381.83",10%,"₹1,244",Net Banking, ,5
ORD02600,2024-08-13,C0067,MUMBAI,Grocery,Basmati Rice 5kg,500,525.17,0.10,"236,327.78",credit card,2,2
ORD00046,2024-12-09,C0412,Kolkata,Clothing,Cotton Kurta,1,857.63,0%,NA,upi,4,NULL
ORD02178,2024-07-20,C0082,Calcutta,books,Cookbook,4,619.59,0," 2,478.34 ",upi,3,3
ORD00901,2024-05-30,C0448, Bengaluru ,Clothing,Running Shoes,1,"Rs. 2,113.55",0.00,"2,113.55",debit_card,3,5
ORD00257,08/04/2024,C0174,Delhi,home,Table Lamp,1,Rs. 819.34,20,655,Cash on Delivery,2,3
ORD00795,29/08/2024,C0296,bengaluru,CLOTHING,Denim Jeans,1,"1,667.19",0,"1,667.19",Credit Card,3,4
ORD02359,21-Sep-24,C0016, Mumbai ,ELECTRONICS,Power Bank,3," 1,314.74 ",10,"Rs. 3,549.81",netbanking,7,5
ORD02893,"June 21, 2024",C0471,New Delhi,Books,Textbook,2,"Rs. 1,160.37",0.00,"2,320.73",COD,8,2
ORD02935,2024-01-09,C0030,HYDERABAD,Electronics,Power Bank,2,"₹1,182",0.20,"₹1,891",credit card,6,4
ORD02648,21-Aug-24,C0366, Mumbai ,Electronics ,Wireless Earbuds,2,"₹2,538",0,"5,075.51",Credit Card,5,4
ORD00875,2024-07-31,C0358,bengaluru, Books,Cookbook,n/a,655.62,10%,"Rs. 1,770.17",netbanking,2,NULL
ORD02334,26-Feb-25,C0434,Kolkata,home,Pressure Cooker,-,"₹2,786",0.00,"₹2,786",netbanking,2,3
ORD02762,2025-06-26,C0184,Bombay,ELECTRONICS,Power Bank,1,1378,10%,"₹1,241",netbanking,4,4
ORD00512,2024-08-12,C0316,HYDERABAD,Books,Cookbook,2,675.65,0,1351,debit_card,3,1
ORD01602,06-Apr-25,C0158,MUMBAI,Home,Pressure Cooker,5,"2,521.33",0.10,"11,345.97",credit card,2,5
ORD00573,31/02/2024,C0252, Mumbai ,Electronics,Power Bank,1,"₹1,277",5%,"Rs. 1,212.77",upi,NULL,4
ORD02111,09-Dec-24,C0151,HYDERABAD,home,Table Lamp,5,INR 701.62,0.05,"₹3,333",CC,3,1
ORD01076,2024-12-22,C0233,Chennai,books,Textbook,1,"INR 1,316.31",5,"Rs. 1,250.50",upi,1,3
ORD01785,2024-06-14,C0232,kolkata,Grocery,Coffee 500g,2,₹388, ,776,credit card,1,2
ORD02466,"March 25, 2024",C0272, Mumbai ,grocery,Basmati Rice 5kg,4,INR 496.27,0.00,"1,985.09",netbanking,8,3
ORD00846,2024-11-16,C0397,bengaluru,Books,Cookbook,2, 606.32 ,0.15,"1,030.75",UPI,5,4
ORD02287,11/04/2025,C0200,ahmedabad,GROCERY,Coffee 500g,3,Rs. 414.59,0," 1,243.76 ",netbanking,4,N/A
ORD00458,09-May-25,C0082,kolkata,grocery,Basmati Rice 5kg,1,₹521,0.10,Rs. 469.28,debit_card,7, 
ORD00434,2024-02-02,C0328,NEW DELHI,Clothing,Running Shoes,2,"2,073.66",?,"3,110.49",CC,1,4
ORD01713,10/27/2024,C0370,hyderabad,electronics,Smart Watch,1,"₹3,690",null,"Rs. 3,689.71",upi,2,5
ORD02625,2025-02-24,C0121,BANGALORE,books,Textbook,3,"₹1,277",0.00,"3,829.84",Cash on Delivery,3,4
ORD00322,2024-02-02,C0058,Bombay,Electronics ,Wireless Earbuds,1,"2,705.56",0.00,"2,705.56",debit_card,4,4
ORD00701,"August 19, 2024",C0135,mumbai,Home & Kitchen,Table Lamp,1,₹808,0.20,₹647,Net Banking,1,3
ORD02780,"June 22, 2024",C0362,Bangalore,Clothing,Cotton Kurta,1,971, ,₹874,Credit Card,2,5
ORD02897,"December 09, 2024",C0402,chennai,electronics,Smart Watch,2,4322,0,N/A,COD,1,4
ORD01538,2024-06-24,C0343,AHMEDABAD,Home & Kitchen,Table Lamp,1, ,0.00, 719.03 ,Cash on Delivery,2,4
ORD00679,2024-02-08,C0464,bengaluru,BOOKS,Novel,5,438.22,0.10,"1,971.98",credit card,-,4
ORD02686,01-Aug-24,C0416,Kolkata,Home & Kitchen,Bedsheet Set,1,"1,201.89",0.25,₹901,credit card,7,n/a
ORD00176,09/15/2024,C0245,Bombay,Electronics ,Power Bank,4,1346,0,"₹5,385",Cash on Delivery,2,4
ORD02909,"March 10, 2025",C0264,Dehli,Electronics ,Power Bank,2,1274, ," 2,420.73 ",Debit Card,5,-
ORD01147,13-May-24,C0074,Ahmedabad,GROCERY,Olive Oil 1L,4,INR 789.91,0.00,"₹3,160",Credit Card,7,4
ORD01271,2024-10-13,C0180,Hyderabad,Apparel,Denim Jeans,2,"₹1,649",20%,"₹2,639",Cash on Delivery,1,4
ORD02107,2024-04-04,C0073,Dehli,Apparel,Running Shoes,2,"2,089.84",0,"4,179.67",netbanking,1,4
ORD01344,20/10/2024,C0062,ahmedabad,Books,Cookbook,3,603.58,0%,"1,810.73",Debit Card,6,3
ORD02756,18/02/2024,C0070,Hyderabad,Electronics ,Smart Watch,5,"₹3,799",0.05,"18,047.39",Credit Card,2,NULL
ORD01114,"August 15, 2024",C0293,chennai,Books,Textbook,1,"INR 1,326.75",0,"₹1,327",Credit Card,3,2
ORD02346,2025-06-19,C0274,CHENNAI,electronics,Power Bank,1,"1,424.86",10%,"Rs. 1,282.38",Net Banking,6,N/A
ORD01030,2025-04-21,C0308,Ahmedabad,ELECTRONICS,Smart Watch,1,nan,5%,"4,134.63",credit card,5,5
ORD02596,2025-04-09,C0281,delhi,grocery,Olive Oil 1L,2,833.95,0.05,"Rs. 1,584.51",Credit Card,1,3
ORD00643,03/07/2024,C0270,ahmedabad,Electronics,Wireless Earbuds,2,2417,25,"3,625.49",Credit Card,4,N/A
ORD02922,2024-03-02,C0032,Ahmedabad,Home,Bedsheet Set,4,1170,15%,"3,976.95",Cash on Delivery,3,3
ORD02808,2024-02-15,C0136,Madras,grocery,Olive Oil 1L,2,Rs. 766.14,5%,"INR 1,455.67",missing,4,5
ORD01339,2025-06-25,C0173,Bombay,grocery,Olive Oil 1L,4,821,0,"INR 3,283.83",UPI,4,3
ORD00728,03/10/2024,C0434,KOLKATA,electronics,Smart Watch,1,"4,198.71",20,"3,358.97",Debit Card,6,5
ORD00197,06/05/2025,N/A,Mumbai,books,Textbook,1,"₹1,293",15%,,Debit Card,4,4
ORD02758,26-Jun-25,C0426,MUMBAI, Books,Novel,1, 400.82 ,0.00,INR 400.82,upi,1,2
ORD00171,25-Nov-24,C0235,mumbai,Electronics ,Power Bank,2,"1,368.79",0.00,"INR 2,737.57",CC,5,3
ORD00622,08/03/2024,C0411,Mumbai,Grocery,Basmati Rice 5kg,2,null,20,₹892,debit_card,6,N/A
ORD02837,2024-10-05,C0037,kolkata,books,Textbook,10," 1,317.16 ",25,9879,Net Banking,6,4
ORD00089,19/07/2024,C0401,Kolkata, Books,Textbook,4,1130,0,"₹4,521",upi,0,3
ORD00556,2024-08-01,C0374, Bengaluru ,HOME,Pressure Cooker,1,2669,0.10,"2,401.84",netbanking,4,3
ORD01158,2025-06-07,C0359,New Delhi,Electronics ,Smart Watch,1,"4,156.79",10," 3,741.11 ",COD,3,2
ORD01748,2024-09-09,C0006,Madras,CLOTHING,Denim Jeans,2,"1,618.07",5%,"3,074.34",CC,5,4
ORD02210,2024-13-45,C0021,delhi,Groceries,Basmati Rice 5kg,1,568,5,539.52,Credit Card,NULL,5
ORD00480,11/04/2024,C0471,Dehli,CLOTHING,Denim Jeans,5,1516,15,"6,443.32",Debit Card,4,1
ORD00818,10/06/2024,C0122,Bombay,clothing,Running Shoes,3," 2,339.54 ",10,"6,316.75",UPI,1,3
ORD00409,16/08/2024,C0143,mumbai,ELECTRONICS,Power Bank,2,1268,0,"₹2,536",COD,3,5
ORD00333,2024-09-27,C0292,chennai,Home,Table Lamp,5,740.92,0.00,"3,704.60",Credit Card,5,5
ORD02132,11/01/2025,C0137, Mumbai ,ELECTRONICS,Power Bank,4,"1,371.94",NA,"Rs. 5,487.77",COD,2, 
ORD02802,15/03/2025,C0007,Bombay,BOOKS,Cookbook,2,646.60,20%,"₹1,035",Credit Card,99,1
ORD00153,2025-02-24,C0498,Mumbai,Clothing,Running Shoes,3,null,0%," 7,238.61 ",netbanking,4,5
ORD01279,2024-12-12,C0366, Mumbai ,BOOKS,Novel,1,436.75,0%,₹437,UPI,7,NA
ORD02773,12/06/2024,n/a,Hyderabad,GROCERY,Basmati Rice 5kg,1,582,0.00,582.34,COD,3,N/A
ORD02636,10/15/2024,C0111,Dehli,electronics,Wireless Earbuds,4,2546,0.00,"10,185.69",netbanking,5,1
ORD00026,2025-01-23,C0090,CHENNAI,grocery,Basmati Rice 5kg,1, 551.51 ,25,413.63,Cash on Delivery,2,0
ORD02834,30-May-24,C0029,KOLKATA,electronics,Wireless Earbuds,4,"₹2,574",10%,"9,265.09",debit_card,3, 
ORD01262,03/03/2024,C0015,Delhi,Grocery,Coffee 500g,1,₹397,15%, 337.06 ,UPI,3,2
ORD01833,2024-01-13,nan,MUMBAI,books,Novel,1,421,15,Rs. 358.07,Net Banking,4,n/a
ORD01887,17-Dec-24,C0095,hyderabad,clothing,Running Shoes,1,missing,0.05,"₹2,290",UPI,2,2
ORD02959,2024-02-25,C0046,chennai,Electronics,Wireless Earbuds,3,"Rs. 2,702.50",5,"7,702.12",Credit Card,4,4
ORD01323,2024-07-22,C0134,Amdavad,GROCERY,Olive Oil 1L,3,827.15,5%,"2,357.37",Cash on Delivery,1,4
ORD02985,06/06/2024,C0035,KOLKATA,Apparel,Running Shoes,1,N/A,10,"₹1,907",CC,5,-
ORD02723,24/06/2025,C0005,Delhi,Grocery,Olive Oil 1L,4,754.01,0%,n/a,Net Banking,8,4.5
ORD00417,12/09/2024,C0145,Mumbai,books,Cookbook,3,679.21,0%,"INR 2,037.64",Debit Card,4, 
ORD00830,20/12/2024,C0450,ahmedabad,Grocery,Basmati Rice 5kg,3,511.26,20%,"₹1,227",Net Banking,4,4
ORD00651,2025-01-07,C0464,Bangalore,Home,Bedsheet Set,1,"1,112.41",0.10,"Rs. 1,001.17",debit_card,-1,4
ORD00347,09/02/2025,C0199,kolkata,grocery,Coffee 500g,500,383.78,5,NA,Net Banking,5,5
ORD00870,03/02/2025,C0229,NEW DELHI,grocery,Basmati Rice 5kg,1,₹552,?,552.22,COD,5,5
ORD00315,"June 07, 2025",C0070, Hyderabad,HOME,Pressure Cooker,1,"Rs. 3,046.51",N/A,3047,Cash on Delivery,1,3
ORD01375,15/02/2025,C0344, Hyderabad,Electronics,Power Bank,5,"INR 1,277.61",0.00,"Rs. 6,388.05",credit card,2,3
ORD00068,2024-10-14,C0229,delhi,Books,Cookbook,2,616.27,0.05,"1,170.91",credit card,1,3
ORD00565,not recorded,C0368,Bombay,electronics,Wireless Earbuds,2,"2,574.31",15%,4376,credit card,5,4
ORD00252,2024-09-28,C0469,Mumbai,books,Textbook,4,"Rs. 1,355.77",15%,"4,609.63",Net Banking, ,5
ORD02008,24/09/2024,C0466,New Delhi,Home,Pressure Cooker,1,"3,011.15",15,"2,559.48",Cash on Delivery,3,4
ORD01049,2024-08-07,C0059,Bombay,grocery,Coffee 500g,1,392,0.10,727.70,UPI,1,4
ORD02580,2024-09-09,C0053,AHMEDABAD,Books,Textbook,1,1294,10%,"1,164.32",upi,3,5
ORD00371,2025-05-19,C0226,mumbai,grocery,Olive Oil 1L,2,Rs. 706.99,0.00,"Rs. 1,413.98",credit card,null,3
ORD01012,2024-05-29,C0392,MUMBAI,grocery,Olive Oil 1L,2,Rs. 808.39,0.10,"1,455.10",debit_card,-1,5
ORD01614,not recorded,C0261,NEW DELHI,Home & Kitchen,Pressure Cooker,3,"Rs. 3,026.26",10,"8,170.90",COD,3,4
ORD01881,2024-01-23,C0329, Hyderabad,Electronics,Wireless Earbuds,1,2555,10," 2,299.42 ",credit card,4,4
ORD00433,2024-11-05,C0146,HYDERABAD,GROCERY,Coffee 500g,1,Rs. 425.77,0.15,362,debit_card,NA,3
ORD02430,2025-01-19,C0470,Bombay,clothing,Cotton Kurta,1, 847.35 ,10,Rs. 762.61,Net Banking,1,2
ORD00945,31/02/2024,C0327,Hyderabad,Apparel,Denim Jeans,3,"1,522.61",0%,4568,UPI,1,4
ORD00125,23/04/2025,C0240, Mumbai ,Home,Bedsheet Set,1,"1,203.08",10%,"₹1,083",upi,3,4
ORD02516,23-Feb-25,C0255,MUMBAI,Clothing,Running Shoes,1,"2,494.74",0.00,"INR 2,494.74",COD,2,3
ORD02916,2025-04-14,C0330,AHMEDABAD,BOOKS,Cookbook,2,Rs. 654.96,5,"3,223.70",Debit Card,1,3
ORD01242,2024-12-07,C0124,AHMEDABAD,books,Novel,4,Rs. 436.63,0.00,"₹1,747",Credit Card,4,5
ORD02244,"March 19, 2025",C0269,Calcutta,GROCERY,Olive Oil 1L,1,₹761,0%,761.23,Credit Card,3,5
ORD01363,02-Dec-24,C0446,Chennai,clothing,Denim Jeans,2,"Rs. 1,588.74",N/A,"₹2,860",CC,2,4
ORD01707,2024-12-17,,New Delhi,Groceries,Basmati Rice 5kg,2,578.39,20,925.43,Net Banking,3,5
ORD02867,2024-02-17,C0459,MUMBAI,clothing,Denim Jeans,2,"1,586.63",0%,3173,Credit Card,3,4
ORD02655,2025-04-15,C0479,Hyderabad,CLOTHING,Cotton Kurta,1,960,0%,Rs. 960.09,credit card,3,4
ORD01638,26-Jan-24,C0022,chennai,books,Textbook,3,"1,153.27",0.05,3287,debit_card,4,1
ORD02883,2024-04-19,C0261,Delhi,GROCERY,Coffee 500g,5, 400.83 ,N/A,"Rs. 1,803.74",netbanking,-1,1
ORD02783,2024-09-16,C0184,Bombay,electronics,Wireless Earbuds,2,"2,413.58",0.00,"4,827.17",Cash on Delivery,7,5
ORD02824,2024-01-05,C0047,Amdavad,GROCERY,Olive Oil 1L,2,720.09,20%,1152,CC,2,5
ORD00865,2024-09-08,C0047,ahmedabad,grocery,Olive Oil 1L,2,₹729,10," 1,312.38 ",COD,1,5
ORD00290,17/02/2025,C0430,Kolkata,Electronics ,Wireless Earbuds,3,"2,396.26",0%,"7,188.77",UPI,2,4
ORD00300,08/29/2024,C0475,mumbai,Books,Cookbook,10,676.01,5%,"6,422.14",Debit Card,2,5
ORD01802,2024-01-15,C0324, Mumbai ,clothing,Denim Jeans,3,1459,0.10,3940,CC,2,4
ORD02271,2025-04-26,C0072,Chennai,Home & Kitchen,Table Lamp,4,₹809,0.00,"₹3,236",Credit Card,7,4
ORD02498,08-Feb-24,C0140, Bengaluru ,ELECTRONICS,Wireless Earbuds,1,"₹2,343",10%,"₹2,109",Credit Card,5,4
ORD01768,2024-04-28,C0114,Bombay,Home & Kitchen,Table Lamp,2,Rs. 690.57,0.00,1381,COD,3,5
ORD00777,28/08/2024,C0129,Hyderabad,grocery,Basmati Rice 5kg,2,516,N/A,"₹1,032",COD,8,4
ORD02320,14/01/2024,C0330,Amdavad, Books,Novel,3,396.62,0.05,"1,130.37",debit_card,1,2
ORD00081,"March 25, 2025",C0248,NEW DELHI,home,Pressure Cooker,10,"2,990.30",0.05,"₹28,408",credit card,2,0
ORD00791,"May 19, 2024",n/a,Hyderabad,HOME,Pressure Cooker,1,"2,589.88",0.00,"INR 2,589.88",UPI,3,5
ORD00681,12-Jan-24,C0232,kolkata,clothing,Denim Jeans,1,1478,10%,"₹1,330",credit card,1,3
ORD01056,2024-12-05,C0015,NEW DELHI,Books,Cookbook,1,604.93,0%,INR 604.93,CC,7,5
ORD01053,20/05/2024,C0255,Mumbai,electronics,Wireless Earbuds,5,"₹2,476",n/a,"11,143.31",credit card,4,
ORD00323,08/02/2025,C0054,Calcutta,Home,Table Lamp,1,700.49,0.00,"1,637.44",COD,6,3
ORD00409,16/08/2024,C0143,mumbai,ELECTRONICS,Power Bank,2,1268,0,"₹2,536",COD,3,5
ORD01617,2025-05-04,C0277,hyderabad,Electronics ,Wireless Earbuds,1,"₹2,565",0.10,"₹2,309",Cash on Delivery,2,3
ORD02753,2024-02-27,C0003,chennai,Apparel,Running Shoes,2,"₹2,454",n/a,"Rs. 4,416.47",netbanking,3,4
ORD02483,2025-05-20,C0471,Delhi,books,Textbook,1,"1,361.04",0.05," 1,292.99 ",netbanking,7,4
ORD00451,14/02/2025,C0388,chennai,Clothing,Denim Jeans,1,"Rs. 1,464.32",10,"Rs. 1,317.89",Cash on Delivery,5,5
ORD01179,11/03/2025,C0149,KOLKATA,Apparel,Denim Jeans,1,"Rs. 1,637.74",0.10,"₹1,474",Cash on Delivery,1,5
ORD01883,2024-07-06,C0416,kolkata,Clothing,Running Shoes,1,"₹2,465",0.20,"₹1,972",upi,2,5
ORD01175,2024-01-13,C0375,Bengaluru,CLOTHING,Cotton Kurta,1,924.04,0%,Rs. 924.04,CC,2,5
ORD00142,2024-09-23,C0169,Bangalore,HOME,Bedsheet Set,2,"Rs. 1,294.73",5%,"2,459.98",Debit Card,5,5
ORD00479,02/09/2024,C0206,Bombay,Electronics ,Smart Watch,1,"4,359.76",0.05,"Rs. 4,141.77",COD, ,
ORD01371,11/14/2024,?,Bangalore,Groceries,Coffee 500g,1,₹403,0%,403,Credit Card,6,null
ORD01986,2024-11-26,C0437,Mumbai,Electronics,Wireless Earbuds,2,"Rs. 2,535.95",0,"Rs. 5,071.90",UPI,3,NA
ORD01682,2024-08-15,C0408,BANGALORE,Grocery,Olive Oil 1L,4,704.33,0%,"Rs. 2,817.32",netbanking,8,5
ORD02145,2025-03-10,C0213,Calcutta,CLOTHING,Denim Jeans,3," 1,743.72 ",n/a,"₹4,708",UPI,1,6
ORD00868,03/05/2024,C0287,mumbai,BOOKS,Textbook,2,"1,248.89",0.00,2498,Credit Card,3,4
ORD01196,2025-05-31,C0454,Hyderabad,Home & Kitchen,Table Lamp,2,Rs. 798.32,0.15, ,debit_card,5,5
ORD02080,"March 08, 2025",,Bombay,electronics,Wireless Earbuds,3,"₹2,564",0.10,"6,923.10",credit card,2,5
ORD02444,09/06/2024,C0023,Chennai,Home,Table Lamp,3,₹819,0.05,"₹2,334",UPI,2,5
ORD02234,2024-07-08,C0404,CHENNAI,Electronics ,Smart Watch,2,4032,0," 8,063.34 ",UPI,99,0
ORD00178,"March 16, 2025",C0357,mumbai,BOOKS,Textbook,2,"1,170.75",0.00,"₹2,341",nan,1,
ORD01962,2024-02-23,C0274,CHENNAI,GROCERY,Olive Oil 1L,4,730.45,0,"2,921.78",UPI,2,5
ORD01576,2025-01-17,C0440,chennai,electronics,Smart Watch,1,"₹4,139",0.20,"Rs. 3,310.96",Debit Card,3,5
ORD01711,2024-03-10,C0168,Madras, Books,Novel,1,₹397,0%,Rs. 397.45,UPI,4,5
ORD00706,2024-11-06,C0234,ahmedabad,Home,Pressure Cooker,1,"INR 2,761.02",0.10,"2,484.92",Cash on Delivery,4,2
ORD02067,04/01/2024,C0414,KOLKATA,ELECTRONICS,Smart Watch,1,"INR 3,858.71",10%,"3,472.84",credit card,1,2
ORD00184,2024-08-21,C0464,Bengaluru,home,Bedsheet Set,1,"1,278.45",25,959,CC,7,3
ORD00424,05/29/2025,C0157,Madras,books,Textbook,3,"₹1,293",0,"3,880.29",CC,1,2
ORD01284,"June 15, 2025",C0174,delhi,HOME,Pressure Cooker,5," 2,658.28 ",0%,"13,291.38",Credit Card,1,4
ORD00606,12/04/2024,C0417,Chennai,Electronics ,Smart Watch,1,"3,646.28",0%,3646,credit card,2,NA
ORD02876,2024-02-26,C0389,Bombay,Apparel,Denim Jeans,2,"1,736.88",0,"3,473.75",COD,5,?
ORD00611,16/03/2025,C0389,MUMBAI,ELECTRONICS,Smart Watch,1,"₹4,188", ,3560,debit_card,2,4
ORD02316,01/11/2024,C0428,mumbai,Apparel,Running Shoes,1,"Rs. 2,430.72",5,4707,credit card,5,4
ORD00600,03-Mar-24,C0284,Mumbai,HOME,Pressure Cooker,1," 2,552.64 ",0.00,"2,552.64",upi,7,2
ORD02088,08-Mar-25,C0046,CHENNAI,clothing,Running Shoes,10,"2,130.75",10%,"19,176.77",netbanking,-1, 
ORD00369,12/04/2024,C0015,NEW DELHI,Home,Table Lamp,2,Rs. 807.34,0,"₹1,615",Cash on Delivery,nan,4
ORD02689,05/12/2024,C0036, Mumbai ,Books,Textbook,1,"₹1,302",0%,"1,301.62",Debit Card,6,nan
ORD01955,05/17/2024,C0472,hyderabad,Books,Textbook,2,"Rs. 1,239.10",0.05,"Rs. 2,354.29",Debit Card,6,3
ORD01188,2025-04-03,C0006,Chennai,Electronics,Power Bank,2,"INR 1,361.02",0.00," 2,722.05 ",Cash on Delivery,3,
ORD00344,not recorded,C0414,KOLKATA,GROCERY,Olive Oil 1L,1,792.54,0,793,Debit Card,3,3
ORD00163,31/02/2024,C0135, Mumbai , Books,Cookbook,2,Rs. 621.31,0.15,1056,UPI,1,?
ORD01832,27/06/2024,C0356,Madras,grocery,Basmati Rice 5kg,1,INR 505.92,0.15,430.03,Credit Card,2,N/A
ORD01867,"July 05, 2024",C0271,hyderabad,Electronics,Power Bank,4,"1,354.14",10%,"4,874.91",UPI,5,4
ORD01045,10/09/2024,C0035,Kolkata,Books,Cookbook,3, 687.70 ,n/a,"2,063.09",Credit Card,4, 
ORD00555,2024-06-20,C0139,MUMBAI,Clothing,Denim Jeans,1,"₹1,578",15%,"₹1,341",Cash on Delivery,4,0
ORD00943,2024-05-29,C0491,kolkata,Groceries,Basmati Rice 5kg,4,₹554,15%,"1,884.13",netbanking,1,null
ORD01627,17-Aug-24,C0430,kolkata,grocery,Coffee 500g,1,403,20,322.63,debit_card,6,4
ORD02811,2024-03-28,C0013, Mumbai ,grocery,Olive Oil 1L,1,Rs. 766.99,0.00,766.99,Debit Card,1,5
ORD00031,2024-02-22,C0325,Bangalore,Home & Kitchen,Table Lamp,10,737.93,,"Rs. 7,379.26",CC,7,3
ORD02872,2024-04-02,C0143, Mumbai ,Home & Kitchen,Bedsheet Set,1,"1,176.23",0.10,1059,debit_card,2,5
ORD01958,10/01/2025,C0498, Mumbai ,Books,Novel,3,390,5,null,upi,4,4
ORD02993,2025-04-01,C0356,Madras,Electronics,Smart Watch,2,"Rs. 4,201.00",0.00,8402,Cash on Delivery,-1,4
ORD00174,15/06/2025,C0248,NEW DELHI,ELECTRONICS,Smart Watch,4,"INR 4,039.97",10,"₹14,544",credit card,3,2
ORD02578,2025-01-15,C0176,Kolkata,grocery,Basmati Rice 5kg,2,588.74,N/A,"1,177.49",Cash on Delivery,4,n/a
ORD00297,23/04/2025,C0058,MUMBAI,Electronics ,Power Bank,1,"1,383.48",0.25,"1,037.61",Credit Card,3,4
ORD00326,15-Aug-24,C0164,Bengaluru,electronics,Power Bank,1,"1,384.15",10,"Rs. 1,245.74",Net Banking,7,2
ORD01449,2024-02-11,C0393,CHENNAI,electronics,Wireless Earbuds,2,"2,434.70",25,"Rs. 3,652.05",Credit Card,1,5
ORD00412,2024-10-19,C0079,Bengaluru,Groceries,Basmati Rice 5kg,4,566.13,0.25,1698,Credit Card,4,4
ORD02500,not recorded,C0445,mumbai,Electronics,Power Bank,2,"INR 1,385.51",0.15,"2,355.36",Debit Card,3,missing
ORD00529,04/09/2025,C0493,NEW DELHI,clothing,Cotton Kurta,1,811.09,0.05,INR 770.54,Credit Card,5,5
ORD01229,2024-11-01,C0024,Calcutta,GROCERY,Basmati Rice 5kg,2,₹538,null,INR 914.65,COD,1,3
ORD02468,2024-09-02,C0415,New Delhi,BOOKS,Textbook,500,"1,173.54",0.10,"528,095.12",CC,1,4
ORD01150,05/17/2024,-,BANGALORE,Books,Cookbook,3,605.93,25," 1,363.34 ",debit_card,4,3
ORD01209,2024-09-26,C0498,Bombay,ELECTRONICS,Power Bank,1," 1,198.54 ",0," 1,198.54 ",Net Banking,5,5
ORD01717,2025-04-22,C0262,Calcutta, Books,Textbook,1,"₹1,160",0.00,1160,debit_card,6,
ORD01850,2025-05-19,C0428,Bombay,books,Cookbook,1,Rs. 693.32,0.00,693.32,Cash on Delivery,2,1
ORD01980,2024-07-27,C0468,ahmedabad,Home & Kitchen,Pressure Cooker,1," 2,950.36 ",5,"INR 2,802.85",credit card,7,5
ORD00528,19/04/2025,C0205, Bengaluru ,HOME,Table Lamp,1,818.02,0,"₹1,722",Cash on Delivery,NA,3
ORD02593,2025-01-31,C0269,KOLKATA,HOME,Bedsheet Set,4,"1,148.56",10%,"INR 4,134.81",UPI,4,3
ORD00074,15-Jun-25,null,bengaluru,home,Table Lamp,2,800.49,0.05,"₹1,521",credit card,3,3
ORD01534,08/27/2024,C0495,Mumbai,HOME,Bedsheet Set,2,1291,25%,"₹1,937",debit_card,7,4
ORD02162,2024-02-19,C0066,Dehli,Grocery,Basmati Rice 5kg,1, 519.22 ,15%,₹441,netbanking,8,NA
ORD02536,06/03/2025,C0456,Chennai,electronics,Smart Watch,2,"Rs. 3,955.86",20,6329,debit_card,8,4
ORD01789,2024-11-13,C0156,New Delhi,home,Table Lamp,2,₹733,0.10,"1,319.91",UPI,2,2
ORD02380,2024-08-05,C0170,mumbai,Electronics,Smart Watch,2,3644,0.00,"7,287.05",COD,8,5
ORD01254,2025-04-27,C0500,Mumbai,Home,Bedsheet Set,5,"1,209.19",0," 6,045.94 ",COD,4,6
ORD02227,10/04/2025,C0054,Kolkata,CLOTHING,Running Shoes,3," 2,237.75 ",0.10,"₹6,042",CC,N/A,4
ORD02929,2025-05-16,C0266,Calcutta,clothing,Running Shoes,2,"₹2,403",0.25,"INR 3,604.46",debit_card,2,3
ORD01466,04/22/2025,C0498,MUMBAI,Home & Kitchen,Table Lamp,2,678,15%," 1,152.25 ",netbanking,2,4
ORD01361,08/08/2024,C0381,chennai,Clothing,Running Shoes,4,"2,079.22",10,"₹7,485",UPI,3,4
ORD02092,28-May-24,C0014,MUMBAI,grocery,Coffee 500g,1,₹399,0.05,Rs. 378.73,CC,2,5
ORD00411,2024-04-20,C0440,Madras,CLOTHING,Cotton Kurta,1,Rs. 861.74,0,?,Cash on Delivery,5,5
ORD00450,13/02/2024,C0243,Bangalore,Clothing,Running Shoes,1,NULL,0%,"2,214.01",credit card,7,5
ORD01591,2024-03-04,C0447,AHMEDABAD,Apparel,Cotton Kurta,3,926.97,10%,"2,502.81",debit_card,2,4
ORD00901,2024-05-30,C0448, Bengaluru ,Clothing,Running Shoes,1,"Rs. 2,113.55",0.00,"2,113.55",debit_card,3,5
ORD02282,04/17/2025,C0075,kolkata,BOOKS,Cookbook,5,665.11,25,"₹2,494",CC,3,0
ORD00913,2024-10-31,C0300,mumbai,grocery,Basmati Rice 5kg,1,Rs. 604.55,0,604.55,UPI,1,3
ORD02549,18-May-25,C0006,CHENNAI,Groceries,Olive Oil 1L,1,827.92,5,Rs. 786.53,debit_card,4,1
ORD00613,2024-09-13,C0411,Mumbai,Clothing,Denim Jeans,0,"₹1,655",0%,0.00,debit_card,3,4
ORD01609,2024-10-29,C0213,Calcutta,home,Table Lamp,4,740,5,"INR 2,812.60",upi,7,4
ORD00325,14/06/2024,C0399,MUMBAI,Electronics,Smart Watch,1,"Rs. 3,984.49",0.00,"₹3,984",UPI,1,4
ORD00508,2025-01-04,C0210, Mumbai ,ELECTRONICS,Wireless Earbuds,1,"2,664.46", ,"Rs. 2,664.46",credit card,2,nan
ORD02692,2024-10-29,C0266,kolkata,Grocery,Olive Oil 1L,2,712,0.00," 1,423.03 ",Net Banking,1,5
ORD02873,06/14/2025,C0071,NEW DELHI,Electronics,Smart Watch,5,"₹4,271",5%," 20,288.79 ",UPI,1,5
ORD00496,03-Feb-24,C0143,MUMBAI,Apparel,Running Shoes,3," 2,180.22 ",0.10,"Rs. 5,886.59",COD,4,5
ORD02494,"June 05, 2024",C0222,Amdavad,CLOTHING,Running Shoes,4,"₹2,349",0.00,"Rs. 9,396.93",Net Banking,4,4
ORD02609,05/13/2025,C0077,kolkata,grocery,Basmati Rice 5kg,5,562.26,0.00,n/a,Credit Card,3,N/A
ORD02890,03/07/2024,C0029,kolkata,Home,Table Lamp,500,₹746,0%,"Rs. 372,824.06",upi,1,3
ORD01006,2025-04-12,C0094,Madras,books,Textbook,1,1300,0%,"1,299.80",Credit Card,3,missing
ORD02700,02/03/2024,C0332,mumbai, Books,Textbook,1,"1,203.15",25,902,CC,2,3
ORD01719,15-Dec-24,C0265,Bombay,ELECTRONICS,Smart Watch,1,"₹3,710",0,"3,709.78",Debit Card,?,5
ORD00240,2024-10-28,C0192, Mumbai ,Electronics,Power Bank,1," 1,269.53 ",10,"1,142.57",UPI,2,n/a
ORD02472,24-Mar-24,C0130,New Delhi,Groceries,Olive Oil 1L,2,751.71,0%,1503,Cash on Delivery,2,5
ORD02024,not recorded,C0336,MUMBAI,Home,Pressure Cooker,1,"2,606.57",0.00,2607,CC,3,4
ORD02384,2025-05-01,C0075,Kolkata,BOOKS,Novel,1,426.58,10,383.92,netbanking,1,3
ORD01331,2024-06-14,C0262,Kolkata,home,Pressure Cooker,3,"3,051.24",0,"₹9,154",UPI,1,5
ORD01002,07-Feb-25,C0185,HYDERABAD,Books,Novel,2,367.41,0.05,698.08,COD,4,0
ORD01193,2024-03-31,C0175,Hyderabad,Home & Kitchen,Pressure Cooker,1,2599,20,"2,079.49",Debit Card,7,4
ORD02203,19/03/2024,C0422,MUMBAI,books,Cookbook,1,591.56,25%,443.67,Net Banking,2,1
ORD02964,2024-10-03, , Mumbai ,Electronics ,Wireless Earbuds,3,"2,269.22",0.05,"6,467.28",upi,1,nan
ORD00890,2024-08-13,C0252,mumbai,Home & Kitchen,Bedsheet Set,5,"1,223.02",0.00," 6,115.09 ",UPI,8,4
ORD01492,29/04/2025,C0483,Madras,books,Novel,2,Rs. 418.19,n/a,752.74,debit_card,4,3
ORD01724,19/12/2024,C0363,Amdavad,grocery,Basmati Rice 5kg,500,Rs. 496.60,20%,"₹198,641",Credit Card,2,3
ORD00545,05/19/2025,C0367,MUMBAI,ELECTRONICS,Smart Watch,2,"Rs. 4,289.36",5,"Rs. 8,149.78",CC,2,4
ORD01512,not recorded,C0422,MUMBAI,Home & Kitchen,Pressure Cooker,1,2647,0%,2647,debit_card,7,2
ORD02981,"August 03, 2024",C0061,Mumbai,grocery,Olive Oil 1L,1,₹795,0.15,Rs. 675.50,Debit Card,1,5
ORD01733,2024-01-17,C0341,Bombay,Books,Novel,3,₹380,0.05,"1,081.68",Credit Card,2,3
ORD02356,"January 02, 2025",C0326, Hyderabad,Apparel,Running Shoes,5,"₹2,256",0.00,"INR 11,279.29",Cash on Delivery,1,2
ORD01180,24-Jul-24,C0018,Bangalore,books,Cookbook,10,624.54,5%,"5,933.14",Debit Card,3,n/a
ORD00583,"January 19, 2025",C0325,Bengaluru,BOOKS,Cookbook,1,605.53,0.00,INR 605.53,Debit Card,5,5
ORD02998,"April 04, 2025",C0162,Kolkata,Groceries,Olive Oil 1L,1,₹729,0.10,₹656,netbanking,7,2
ORD00719,2024-01-17,C0205,BANGALORE,Grocery,Olive Oil 1L,10,₹847,0.00,"₹8,469",Net Banking,4,4
ORD00953,26-May-24,C0271,Hyderabad,BOOKS,Cookbook,3,NULL,n/a,"1,819.62",Debit Card,2,-
ORD02054,2024-12-08,C0410,Chennai,home,Bedsheet Set,1,"Rs. 1,102.35",NULL,Rs. 937.00,UPI,0, 
ORD02792,2024-10-15,C0090,chennai, Books,Cookbook,1,Rs. 699.17,10,629.26,UPI,2,nan
ORD01481,10/04/2024,C0489,Kolkata, Books,Cookbook,3,₹704,10%,"Rs. 1,899.49",upi,8,4
ORD00415,2024-01-17,C0066,delhi,clothing,Cotton Kurta,2, 979.29 ,0.15,1665,netbanking,6,5
ORD01594,14-Jun-24,C0251,Dehli,GROCERY,Olive Oil 1L,4,Rs. 781.29,10%,2813,missing,8,missing
ORD00507,25/06/2024,C0408,Bangalore,home,Table Lamp,2,699.27,20%,"1,118.83",COD,missing,-
ORD01256,2025-05-18,C0199,Kolkata,home,Bedsheet Set,2,"₹1,258",5,2390,UPI,4,4
ORD02523,2025-06-15,C0246,Madras,Apparel,Cotton Kurta,3,893,0.00,"Rs. 2,680.22",upi,3,5
ORD00109,12/07/2024,C0169, Bengaluru ,Grocery,Coffee 500g,1,₹463,0%,463,credit card,2,4
ORD02398,04/06/2025,C0027,Hyderabad,Apparel,Cotton Kurta,2,Rs. 868.00,10%,"₹4,421",credit card,2, 
ORD00928,02/08/2024,C0217,Amdavad,HOME,Bedsheet Set,2,"1,108.88",0%,"₹2,218",Debit Card,1,4
ORD01103,2024-04-17,C0179, Mumbai ,Books,Novel,5,403,0,"Rs. 2,015.32",Cash on Delivery,4,N/A
ORD01018,2024-07-20,C0303,BANGALORE,home,Table Lamp,1,747,0%, 747.23 ,CC,5,4
ORD00319,15/05/2025,C0405,Madras, Books,Cookbook,3,609.50,0.00,"Rs. 1,828.49",credit card,,3
ORD01094,04-Feb-24,C0433,Chennai,Groceries,Coffee 500g,1,384,0.10,INR 345.51,Cash on Delivery,6,0
ORD01718,2025-05-26,C0473,AHMEDABAD, Books,Novel,4,INR 416.60,0.00,"1,666.38",UPI,2,3
ORD01957,2024-03-23,C0218,chennai,Home,Table Lamp,3,763,5%," 2,175.47 ",COD,3,4
ORD02209,2024-02-11,C0155,BANGALORE, Books,Textbook,3,"₹1,355",0,"₹4,065",CC,3,3
ORD01037,2024-07-27,C0172,Hyderabad,Home & Kitchen,Bedsheet Set,1,1127,0,"₹1,127",COD,4,missing
ORD00403,2024-06-11,C0345,Hyderabad,ELECTRONICS,Smart Watch,3,"₹3,867",0.00,11601,UPI,1,4
ORD01974,2025-04-17,C0302,Chennai,ELECTRONICS,Wireless Earbuds,2,"2,508.74",15,"4,264.85",UPI,3,4
ORD00813,2024-03-17,C0305,MUMBAI,Clothing,Denim Jeans,2,1749,0,"INR 3,497.70",Credit Card,3,2
ORD01972,12-Mar-24,C0295,Chennai,books,Cookbook,5,683.32,15%,"2,904.12",Net Banking,3,N/A
ORD00848,04/05/2025,C0046,Chennai,Clothing,Running Shoes,4,2235,15,7600,Credit Card,3, 
ORD00760,31/02/2024,C0391,Delhi,clothing,Running Shoes,1,2260,10,2034,UPI,2,missing
ORD01840,2024-06-02,C0276,AHMEDABAD,GROCERY,Coffee 500g,1,413.73,5,missing,debit_card,4,3
ORD00388,12/09/2024,C0170,mumbai,HOME,Pressure Cooker,3,"₹2,918",10,7878,debit_card,1,NULL
ORD02765,"January 20, 2025",C0116, Mumbai , Books,Novel,1,409,0%,INR 408.68,COD,1,4
ORD00582,2024-12-24,C0417,Madras,Home & Kitchen,Pressure Cooker,1,"2,534.16",0,"2,534.16",Net Banking,nan,5
ORD00786,02/06/2025,C0111,delhi,ELECTRONICS,Power Bank,5,"₹1,367",0.10,"Rs. 6,153.38",Cash on Delivery,4,n/a
ORD00558,2024-06-16,C0009,HYDERABAD,CLOTHING,Denim Jeans,1,1658,5%,1575,Net Banking,4,2
ORD02621,"April 27, 2024",C0428, Mumbai ,home,Table Lamp,1,Rs. 737.58,0.10,INR 663.83,credit card,4,3
ORD01565,2024-07-08,C0321,kolkata,Books,Novel,1,Rs. 432.96,0.10,₹390,credit card,2,5
ORD00297,23/04/2025,C0058,MUMBAI,Electronics ,Power Bank,1,"1,383.48",0.25,"1,037.61",Credit Card,3,4
ORD01038,2025-06-12,C0113,Delhi,clothing,Running Shoes,1," 2,152.94 ",0.15,"₹1,830",Cash on Delivery,5,2
ORD01863,12/07/2024,C0301,CHENNAI,Clothing,Running Shoes,1,2386,0," 2,386.34 ",Debit Card,4,N/A
ORD00071,21-Apr-24,C0151,Hyderabad,books,Novel,1, 381.12 , ,343.01,debit_card,1,5
ORD02220,06/04/2025,C0401,KOLKATA,Home & Kitchen,Bedsheet Set,3,"₹1,237",0.00,"Rs. 3,711.11",Debit Card,2,2
ORD02333,not recorded,C0006,Madras,GROCERY,Olive Oil 1L,1,INR 772.74,15%,Rs. 656.83,Net Banking,1,4
ORD02572,2024-09-28,C0426,mumbai,CLOTHING,Running Shoes,2,"Rs. 2,357.37",0,"₹4,715",COD,1,5
ORD01911,2025-02-05,C0169,Bengaluru,electronics,Smart Watch,2,"Rs. 3,804.91",15,"6,468.34",credit card,3,2
ORD00057,28-Feb-25,null,Mumbai,Books,Novel,1,382,0.20,Rs. 305.39,COD,2,3
ORD02255,25/01/2025,C0337, Mumbai ,Groceries,Basmati Rice 5kg,5,507.81,0.00,"₹2,539",CC,3,4
ORD02806,2024-13-45,C0478,CHENNAI,GROCERY,Basmati Rice 5kg,4, 603.03 , ,"INR 3,840.00",netbanking,4,4
ORD01377,11-Jan-25,C0382, Hyderabad,clothing,Cotton Kurta,2,834.67,20,1335,credit card,6,4
ORD01806,04-May-25,C0379,Ahmedabad,Electronics ,Wireless Earbuds,1,"2,650.77",5,2518,CC,2,N/A
ORD02856,2024-12-11,C0056,Calcutta,books,Novel,4, 416.37 ,0%,"1,665.49",UPI,6,4
ORD01058,11-Nov-24,C0125,MUMBAI,ELECTRONICS,Smart Watch,2,"₹3,938",10%,7088,Debit Card,2,5
ORD01337,"March 03, 2024",C0411,MUMBAI,GROCERY,Basmati Rice 5kg,2,₹602,5,"₹1,144",debit_card,7,missing
ORD00310,2025-02-15,C0140,Bangalore, Books,Novel,1,INR 400.14,0.10,360,Net Banking,7,5
ORD02831,2024-11-06,C0425,Madras,HOME,Table Lamp,10,Rs. 771.81,0.00," 7,718.06 ",netbanking,6,5
ORD02212,14/06/2024,C0439,Ahmedabad,HOME,Bedsheet Set,2,"Rs. 1,160.28",20,"1,856.45",debit_card,-1,4
ORD01011,2024-11-06,C0350,NEW DELHI,home,Pressure Cooker,2,"₹2,522",0.00,"₹5,044",Debit Card,8,n/a
ORD02630,2024-03-30,C0489,KOLKATA,GROCERY,Coffee 500g,3,429.07,N/A,"1,094.14",upi,1,?
ORD01608,22/04/2024,C0224,Calcutta,Apparel,Denim Jeans,3,"1,686.62",0%,"INR 5,059.86",upi,3,-
ORD01245,2024-05-25,C0311,Mumbai,Electronics,Power Bank,1,"1,292.88",0.00,n/a,Net Banking,2,4
ORD00394,2024-02-05,C0391,Dehli,ELECTRONICS,Wireless Earbuds,1,"2,596.03",5%,"2,466.22",COD,7,3
ORD02752,2025-04-30,C0392,mumbai,electronics,Wireless Earbuds,1,"₹2,689",0,"Rs. 6,607.36",CC,2,3
ORD00487,03/19/2024,C0127,MUMBAI,Home,Pressure Cooker,2,"Rs. 2,947.30",20,"4,715.68",debit_card,4,5
ORD01692,"April 04, 2024",C0111,delhi,Clothing,Cotton Kurta,1,862.69,5,Rs. 819.56,Debit Card,2,
ORD00533,04/02/2024,C0483,Madras,electronics,Smart Watch,1,"3,919.56",20%,"3,135.65",debit_card,4,missing
ORD02141,06/09/2025,C0351, Hyderabad,Home & Kitchen,Table Lamp,1,739.07,10%, 665.16 ,Debit Card,4,1
ORD00569,2025-04-03,C0019,CHENNAI,GROCERY,Basmati Rice 5kg,3,Rs. 602.63,0%,"₹1,808",Debit Card,4,5
ORD02403,04-Jan-24,C0382,HYDERABAD,Grocery,Olive Oil 1L,1,778,0,778,Debit Card,2,4
ORD01135,2024-10-29,C0225,ahmedabad,Books,Novel,1,385.10,5%,366,Credit Card,2,1
ORD01035,04/01/2025,C0257, Hyderabad,Books,Cookbook,1, 651.12 ,15,553.45,UPI,2,3
ORD00933,2025-01-04,C0365,mumbai,Home & Kitchen,Pressure Cooker,1,"₹2,705",5%,2570,Net Banking,3,5
ORD00841,2024-03-11,C0333,New Delhi, Books,Textbook,1,"₹1,229",25,921.67,CC,8,5
ORD02475,23/03/2025,C0381,CHENNAI,ELECTRONICS,Wireless Earbuds,2,"Rs. 2,376.17",10,"4,277.11",netbanking,2,
ORD02078,24-Jun-25,C0047,ahmedabad,electronics,Power Bank,4," 1,360.42 ",0,5442,credit card,1,n/a
ORD02070,,C0255,Mumbai,Electronics ,Smart Watch,1,"4,000.65",0.05,"INR 3,800.62",Net Banking,4,4
ORD02682,26/05/2025,C0324,mumbai,grocery,Coffee 500g,1,Rs. 446.18,0.10,401.56,debit_card,null,3
ORD02385,15-Feb-25,C0031,Kolkata, Books,Novel,5,₹384,5," 1,825.89 ",upi,1,4
ORD00437,10/04/2024,C0058,MUMBAI,electronics,Wireless Earbuds,2,"INR 2,435.21",10,"INR 4,383.37",debit_card,3,N/A
ORD02789,03/26/2024,C0310,Mumbai,ELECTRONICS,Power Bank,1, ,0%,"1,208.22",debit_card,3,-
ORD00121,"April 09, 2024",C0043,delhi,Clothing,Cotton Kurta,1,Rs. 819.18,0.10,INR 737.26,Debit Card,8,5
ORD02051,2025-04-29,C0426, Mumbai ,home,Table Lamp,1,693,null,₹554,netbanking,5,4
ORD00810,2025-06-11,C0056,Calcutta,Home,Table Lamp,2,Rs. 793.99,0," 1,587.98 ",credit card,3,4.5
ORD01978,2025-05-06,C0480,NEW DELHI,electronics,Smart Watch,1,"Rs. 3,690.42",0.10,"Rs. 3,321.38",COD,4,4
ORD01722,2024-09-30,C0257,HYDERABAD,HOME,Table Lamp,2,₹766,10,"Rs. 3,194.21",Cash on Delivery,2,3
ORD01579,2024-05-26,C0244, Hyderabad,Groceries,Olive Oil 1L,3,null,0.10,"Rs. 1,986.44",CC,4,NULL
ORD00314,2025-03-01,C0157,Madras,ELECTRONICS,Smart Watch,2,"4,189.59",0.20,"Rs. 6,703.34",Credit Card,3,5
ORD02273,2024-06-14,C0031,KOLKATA,ELECTRONICS,Wireless Earbuds,1,"2,373.98",0%,"2,373.98",Cash on Delivery,1,4
ORD00234,31/02/2024,C0112,Hyderabad, Books,Novel,1,378.95,0,₹379,debit_card,2,4
ORD02460,18/04/2024,C0118,BANGALORE,Home & Kitchen,Pressure Cooker,5,"₹2,953",0.25," 11,072.63 ",Debit Card,missing,5
ORD01026,01/31/2025,C0341,Bombay,Grocery,Olive Oil 1L,1, 785.29 ,0,INR 785.29,Net Banking,8,4
ORD02390,2024-07-15,C0489,Kolkata,Clothing,Running Shoes,1,"INR 2,069.50",20%,"4,778.44",Cash on Delivery,4,N/A
ORD02908,2024-04-25,C0195,ahmedabad,Home,Bedsheet Set,3,"Rs. 1,193.62",0.15,"Rs. 3,043.73",debit_card,5,3
ORD00696,2024-07-31,C0228,Kolkata,Home,Table Lamp,1,null,15,583,CC,3,0
ORD00112,20/04/2024,C0126,Hyderabad,GROCERY,Coffee 500g,1,₹444,25%,333.26,upi,2,4
ORD01197,2024-07-23,C0175,Hyderabad,Grocery,Basmati Rice 5kg,1,₹518,10%,₹466,upi,2,5
ORD02010,28/02/2024,C0388,CHENNAI,electronics,Wireless Earbuds,2,"₹2,388",0,"Rs. 4,776.29",Debit Card,1,5
ORD00566,31/02/2024,C0313,ahmedabad,BOOKS,Textbook,1,"₹1,289",0.00,"1,289.08",Credit Card,5,missing
ORD01117,15/01/2024,C0460,Hyderabad,HOME,Bedsheet Set,1,"Rs. 1,125.87",0%,"Rs. 1,125.87",Cash on Delivery,1,4
ORD01584,2024-06-07,C0258,mumbai,home,Pressure Cooker, ,2991,25,2244,CC,2,n/a
ORD00473,29-Jun-25,null,Amdavad,Groceries,Coffee 500g,2,390,0,780,CC,7,missing
ORD02585,2025-03-09,C0177,Bombay,Electronics,Smart Watch,1,"Rs. 4,300.54",0%,4301,Net Banking, ,2
ORD01740,"September 10, 2024",C0061,Bombay,clothing,Running Shoes,1,"Rs. 2,077.58",0.20,"Rs. 1,662.06",Net Banking,2,4
ORD02520,"June 19, 2024",C0172,Hyderabad,HOME,Bedsheet Set,1,"1,275.99",0.25,₹957,credit card,3, 
ORD01836,04/02/2024,C0213,Calcutta,books,Novel,2,Rs. 417.77,0.00,₹836,upi,1,3
ORD02100,2025-06-26,C0301,CHENNAI,BOOKS,Cookbook,1,698,0%,NULL,Debit Card,3,4
ORD02835,01/29/2024,C0409,Bombay, Books,Textbook,2,1246,0.00,"Rs. 2,491.63",COD,1,4
ORD01378,31/03/2025,C0016,mumbai,Clothing,Cotton Kurta,2,Rs. 983.70,0.05,"₹1,869",netbanking,5,4
ORD00898,2024-06-10,C0190,BANGALORE,electronics,Power Bank,1,1363,15%,"INR 1,158.48",Debit Card,?,3
ORD01227,2024-08-28,C0036,Mumbai,CLOTHING,Denim Jeans,10,"Rs. 1,533.37",0.00,"Rs. 15,333.73",credit card,4,5
ORD00362,"May 09, 2024",C0249,Hyderabad,Home,Pressure Cooker,4,"2,762.68",5%," 24,848.84 ",UPI,2,5
ORD00136,25-Oct-24,C0250,BANGALORE,Electronics,Smart Watch,2,"Rs. 3,765.10",0.25,NA,netbanking,0,4
ORD01293,2025-05-14,C0500, Mumbai ,Home,Pressure Cooker,2,"INR 2,948.59",0.10,"5,307.46",Credit Card,2,5
ORD02213,2025-02-14,C0446,Madras,electronics,Smart Watch,10,"3,857.10",0%,"38,570.97",netbanking,8,
ORD02663,14/11/2024,C0455,Bombay,home,Table Lamp,3,₹748,0%,"2,243.00",COD,3,4
ORD02304,2024-12-31,C0134,AHMEDABAD,BOOKS,Textbook,1,"₹1,233",0,"Rs. 1,232.94",Credit Card,NULL,4
ORD00367,2025-06-26,C0132, Hyderabad,Home,Pressure Cooker,2,"₹2,655",20%,"INR 4,247.28",netbanking,4,3
ORD01923,2025-02-15,C0016,mumbai,Clothing,Cotton Kurta,2,987.52,25%,"1,481.28",COD,3,3
ORD00030,2025-03-15,C0262,Kolkata,clothing,Running Shoes,1," 2,121.99 ",0%,n/a,Credit Card,4,1
ORD02553,2024-04-29,C0366,Bombay,GROCERY,Olive Oil 1L,1,736.51,0.10,663,UPI,5,3
ORD00023,28/06/2025,C0088,NEW DELHI,Electronics ,Wireless Earbuds,1,"2,339.40",0.15,"1,988.49",CC,5,5
ORD01107,30-Jun-24,C0108, Mumbai ,Grocery,Coffee 500g,10,Rs. 401.48,5,"Rs. 3,814.10",netbanking,2,NULL
ORD02974,not recorded,C0342,Calcutta,Home,Table Lamp,2,769.64,5,"Rs. 1,462.32",COD,4,2
ORD01695,2024-03-17,C0400,New Delhi,ELECTRONICS,Wireless Earbuds,2,"₹2,574",nan,"14,466.47",debit_card,6,3
ORD00421,2025-02-12,C0243, Bengaluru ,books,Textbook,1,"₹1,353",10%,"1,973.70",debit_card,2,5
ORD01661,2024-12-13,C0111,Delhi,HOME,Pressure Cooker,1,"INR 3,044.32",10,"2,739.89",netbanking,4,NA
ORD00461,03/02/2025,C0277,Hyderabad,ELECTRONICS,Wireless Earbuds,3," 2,620.57 ",0.05,"7,468.63",COD,6,NA
ORD00044,23-May-24,C0126,HYDERABAD,CLOTHING,Cotton Kurta,1,955.41, ,955.41,UPI,2,4
ORD00088,2024-03-04,C0172,Hyderabad,Home & Kitchen,Bedsheet Set,4,"INR 1,128.08",0.15," 3,835.46 ",Credit Card,?,3
ORD01223,11/25/2024,C0117, Mumbai ,Clothing,Cotton Kurta,4,909,15,3092,?,0,4
ORD00671,2024-11-01,C0152,New Delhi,clothing,Cotton Kurta,5,953.94,0.05,"4,531.19",CC,6,4
ORD00283,2024-01-14,C0055, Mumbai ,Electronics ,Smart Watch,1,"4,038.78",15%," 3,432.97 ",COD,3,3
ORD00872,10/02/2025,C0158,Mumbai,electronics,Wireless Earbuds,1,2324,0,"INR 2,323.65",Net Banking,1,5
ORD01095,2024-02-01,C0414,Calcutta,clothing,Denim Jeans,1,1689,0%,N/A,UPI,7,5
ORD00692,"March 22, 2024",C0198,KOLKATA,ELECTRONICS,Smart Watch,1,3776,10%,"Rs. 3,398.08",Debit Card,7,4
ORD00747,2024-05-13,C0499, Hyderabad,BOOKS,Cookbook,1,Rs. 704.23,0.00,₹704,UPI,7,4
ORD00799,2024-12-01,C0358,Bengaluru,Books,Cookbook,1, ,0.00,₹667,Credit Card,7,
ORD00534,31/02/2024,C0159, Bengaluru ,Home & Kitchen,Bedsheet Set,1,"1,196.78",0,"Rs. 1,196.78",Debit Card,3,
ORD01672,"May 30, 2025", ,Bombay,Books,Cookbook,1,643.79,15,INR 547.22,netbanking,,4
ORD02502,2024-03-29,C0317,Hyderabad,Books,Novel,3,362.88,15%,925.33,Credit Card,5,5
ORD02406,26/12/2024,C0124,Amdavad,Electronics ,Power Bank,2,"1,229.12",20,"3,622.37",Credit Card,3,4
ORD02440,"March 12, 2024",C0259,CHENNAI,BOOKS,Textbook,5,"1,157.66",0.20,"INR 4,630.62",UPI,3,4
ORD02158,06-Sep-24,C0378,mumbai,electronics,Power Bank,4,1426,-,"5,702.11",netbanking,4,4
ORD02695,"June 07, 2025",C0009,hyderabad,Electronics ,Power Bank,4," 1,193.81 ",0%,"12,740.12",Cash on Delivery,7,6
ORD01341,29-Apr-24,C0127,MUMBAI,ELECTRONICS,Power Bank,2,"₹1,291",10,"Rs. 2,324.56",debit_card,5,6
ORD01890,2024-06-10,C0024,Calcutta,Clothing,Denim Jeans,1,"₹1,504",0," 1,504.13 ",upi,8,null
ORD00811,2024-08-03,C0270,Ahmedabad, Books,Textbook,1,"₹1,373",0.10,"1,235.47",Cash on Delivery,3,n/a
ORD00595,"March 09, 2025",C0242,Chennai,books,Novel,2,420.81,20%,INR 673.29,credit card,2,4
ORD01868,02/09/2024,C0184, Mumbai ,Home & Kitchen,Bedsheet Set,4,"1,109.14",0.00,"Rs. 4,436.56",upi,3,3
ORD02237,2024-11-01,C0161,Bombay,Electronics,Smart Watch,10,-,20,"29,743.24",upi,8,3
ORD00686,12-Sep-24,C0375, Bengaluru ,grocery,Olive Oil 1L,1,828.11,15%,704,Debit Card,5,5
ORD01407,not recorded,C0301,Chennai, Books,Textbook,1,"INR 1,269.08",0.00,"1,269.08",UPI,7,3
ORD00222,08/05/2025,missing,kolkata,CLOTHING,Cotton Kurta,2,932.59,0.25,"₹1,399",upi,1,0
ORD00544,30/08/2024,C0441,ahmedabad,Electronics,Wireless Earbuds,1,"2,308.21",0,"Rs. 2,308.21",Debit Card,1,3
ORD01270,2024-02-16,C0436,Bengaluru,home,Bedsheet Set,1,"Rs. 1,313.81",0%,"1,313.81",upi,7,NA
ORD02187,25/06/2025,C0094,CHENNAI,HOME,Table Lamp,1,776,20,₹621,credit card,1,3
ORD02646,2024-06-10,missing,CHENNAI,ELECTRONICS,Power Bank,2,"Rs. 1,314.19",0,"Rs. 2,628.37",netbanking,3, 
ORD01042,03-Apr-25,C0195,ahmedabad,Apparel,Denim Jeans,2," 1,506.49 ",0.20,"2,410.38",Cash on Delivery,2,5
ORD00908,07/01/2024,C0409, Mumbai ,GROCERY,Basmati Rice 5kg,1,INR 545.58,-,₹491,Credit Card,4,missing
ORD01091,2024-09-12,C0169,BANGALORE,Books,Cookbook,1,660.67,0,660.67,CC,4,3
ORD01101,09/09/2024,C0320, Hyderabad, Books,Cookbook,3,₹680,0,2039,Debit Card,6,5
ORD00677,13-Nov-24,C0241,bengaluru,CLOTHING,Cotton Kurta,2,Rs. 857.24,0,"1,714.49",debit_card,6,4
ORD00683,2024-10-18,C0337,mumbai,Grocery,Olive Oil 1L,1,₹856,0.00,856,Cash on Delivery,1,3
ORD02119,2025-04-01,C0349, Mumbai ,CLOTHING,Denim Jeans,2,"Rs. 1,690.97",0,N/A,Credit Card,8,6
ORD00273,"May 19, 2024",C0124,Amdavad,grocery,Basmati Rice 5kg,2,553,0%,"Rs. 1,105.52",Cash on Delivery,5,3
ORD00522,not recorded,C0372,Hyderabad,ELECTRONICS,Power Bank,2,"₹1,300",20%,"Rs. 2,079.23",COD,5,
ORD01376,2024-01-18,C0139,mumbai,Grocery,Olive Oil 1L,4,-,0.10,"2,834.42",Cash on Delivery,NA,4
ORD01394,2024-09-11,C0165,MUMBAI,Books,Novel,1,₹439,0.05,null,CC,1,2
ORD00602,2024-03-22,C0252,MUMBAI,Grocery,Olive Oil 1L,1,₹731,0,Rs. 731.25,CC,1,
ORD00946,21-Dec-24,C0071,New Delhi,Electronics ,Power Bank,1,"1,333.18",0.00,"₹1,333",credit card,6,4
ORD00351,2024-08-23,C0131,delhi,Apparel,Cotton Kurta,1,815.07,missing,734,debit_card,4,2
ORD02114,29-May-24,C0478,Madras,electronics,Power Bank,1,"₹1,284",0.00,"₹1,284",debit_card,3,5
ORD01601,"November 29, 2024",C0126,Hyderabad,Electronics ,Smart Watch,3,"₹3,735",10%,10084,COD,3,3
ORD02363,2024-08-22,C0341,Bombay,Electronics,Smart Watch,2,4032,15,"6,855.00",,8,2
ORD00742,2024-08-30,C0233,CHENNAI,GROCERY,Coffee 500g,2,402,0,804.64,upi,2,NA
ORD02647,2024-02-21,C0364,Amdavad,books,Novel,1,Rs. 397.50,0,Rs. 397.50,COD,2,3
ORD01656,23/09/2024,C0108,MUMBAI,clothing,Denim Jeans,1,"Rs. 1,572.88",15,"1,336.95",Debit Card,4,4
ORD02955,09/02/2024,C0442,Madras,BOOKS,Novel,2,365.06,0.10,657,credit card,1,1
ORD02913,2024-09-28,C0445,MUMBAI,Clothing,Denim Jeans,3,"₹1,524",0,"4,573.17",netbanking,4,6
ORD02667,2025-03-17,C0115,New Delhi,Home & Kitchen,Table Lamp,1,781.38,10%,Rs. 703.24,COD,5,5
ORD00169,14/05/2025,C0300, Mumbai , Books,Novel,2,412.22,0.00,Rs. 824.43,credit card,5,4
ORD01346,"February 15, 2025",C0261,Dehli,home,Bedsheet Set,2,"₹1,307",?,"₹2,614",debit_card,1,5
ORD01780,12/02/2025,C0167,KOLKATA,Electronics,Wireless Earbuds,4,2271,15,"7,720.16",debit_card,4,4
ORD01813,06/12/2025,C0132, Hyderabad,Home & Kitchen,Pressure Cooker,1,"2,534.71",0," 2,534.71 ",credit card,4,4
ORD01234,2024-13-45,C0043,Delhi, Books,Novel,5,Rs. 414.70,0.10,"₹1,866",UPI,1,4
ORD00941,2025-03-20,C0238,New Delhi,Electronics,Power Bank,2,"₹1,347",0,"Rs. 2,693.72",netbanking,1,3
ORD02121,2025-05-09,C0007,mumbai,Electronics,Power Bank,1,"1,199.20",0%,"₹1,199",debit_card,2,0
ORD02779,2025-03-31,C0016,Bombay,BOOKS,Textbook,1,"INR 1,293.44",0,"Rs. 1,293.44",credit card,4,5
ORD02280,2024-05-13,C0437,MUMBAI,ELECTRONICS,Wireless Earbuds,2,"2,431.70",0.20,"₹3,891",Cash on Delivery,NULL,3
ORD00220,12/25/2024,C0359,Delhi,Electronics ,Power Bank,2,"₹1,365",15,"2,320.00",Cash on Delivery,3,3
ORD00368,10-Oct-24,C0469, Mumbai ,Home & Kitchen,Pressure Cooker,1,"₹2,706",5%,,netbanking,7,1
ORD02303,2024-04-20,C0130,Delhi,HOME,Table Lamp,3,₹730,10,1970,Credit Card,7,1
ORD02323,2024-06-20,C0029,kolkata,BOOKS,Novel,3,INR 377.61,10,"₹1,020",Credit Card,4,3
ORD02032,"February 13, 2024",C0157,Chennai,clothing,Cotton Kurta,0,911.98,nan,Rs. 0.00,credit card,3,NULL
ORD01374,2025-06-07,C0425,CHENNAI, Books,Novel,10,393,10,"₹8,982",upi,?,NA
ORD00352,2025-06-28,C0131,New Delhi,Clothing,Denim Jeans,1,"Rs. 1,554.06",0.00,"Rs. 1,554.06",Cash on Delivery,4,4
ORD02919,06-Jun-25,NA,AHMEDABAD,BOOKS,Textbook,2,"₹1,301",0,"INR 2,602.28",upi,6,5
ORD02901,2025-04-17,C0406,kolkata,books,Textbook,10,nan,0%,?,UPI,1,4
ORD02582,2025-01-14,C0354,MUMBAI,Home & Kitchen,Pressure Cooker,4,"INR 2,936.88",n/a,11748,Credit Card,4,0
ORD01937,04/04/2025,C0297,delhi,grocery,Olive Oil 1L,1, 749.98 ,10,Rs. 674.98,Cash on Delivery,5,NA
ORD02744,14-Aug-24,C0333,delhi,Groceries,Basmati Rice 5kg,2,Rs. 573.89,0,"1,147.79",Net Banking,N/A,4
ORD02418,not recorded,C0029,kolkata,Home & Kitchen,Bedsheet Set,2,"1,306.17",0.10,"Rs. 2,351.11",netbanking,4,3
ORD00499,2024-06-09,C0017,bengaluru,clothing,Running Shoes,N/A,"2,489.30",10%," 2,240.37 ",Debit Card,1,5
ORD01710,2025-01-15,C0479,Hyderabad,books,Cookbook,1,₹654,10,588.47,Cash on Delivery,3,2
ORD00211,2025-02-19,C0062,Amdavad,Home,Pressure Cooker,2," 2,768.52 ",0.25,"4,152.77",credit card,6,1
ORD01396,2024-09-15,C0202,BANGALORE,Groceries,Olive Oil 1L,10,703,15,"₹5,976",upi,2,NULL
ORD00802,2024-05-12,C0209,Chennai,ELECTRONICS,Power Bank,1,"Rs. 1,276.36",10,"INR 1,148.73",credit card,6,4
ORD00228,11/16/2024,C0033,hyderabad,grocery,Coffee 500g,1,405.56,0.00,405.56,Cash on Delivery,5,2
ORD00366,2025-04-30,C0429,Chennai,electronics,Power Bank,3,1375,5,"3,919.12",Cash on Delivery,2,4
ORD02576,2024-01-30,C0300,Bombay,Grocery,Olive Oil 1L,1,772.50,0%,₹772,COD,6,6
ORD00277,2025-06-22,C0309,Calcutta,Clothing,Denim Jeans,4," 1,636.77 ",0.15,"Rs. 13,559.67",UPI,5,4
ORD02177,23/04/2024,C0465,Kolkata,books,Novel,2,375,-,637.21,Debit Card,7, 
ORD02673,06-May-24,C0248,Dehli,Books,Cookbook,3,Rs. 684.77,20%,"1,643.45",Cash on Delivery,5, 
ORD01296,,C0253,ahmedabad,Grocery,Coffee 500g,5,410.68,0,"₹2,053",debit_card,7,
ORD00408,03-Mar-24,C0128,Madras,Home,Bedsheet Set,1,"1,318.35",15,"Rs. 1,120.60",Debit Card,6,
ORD02013,22-Apr-25,C0377,Kolkata,Clothing,Running Shoes,500,"Rs. 2,347.46",0.15,2967539,credit card,4,6
ORD01072,2024-02-24,C0450,AHMEDABAD,BOOKS,Textbook,1,"1,224.35",0%,1224,CC,4,5
ORD02382,08-Jan-25,C0052,Amdavad,books,Cookbook,3,Rs. 586.08,10%,"1,582.42",debit_card,4,2
ORD00840,2024-05-09,C0300, Mumbai ,Home,Table Lamp,2,692.95,0.05,"1,316.60",debit_card,5,3
ORD01910,2025-01-15,C0192,mumbai,books,Textbook,1,"Rs. 1,270.38",15,"1,079.82",credit card,2,3
ORD02939,14/02/2025,C0063, Mumbai ,Books,Novel,1,₹409,15%,611,netbanking,5,1
ORD00652,09/16/2024,C0026,Calcutta,Books,Textbook,3,"Rs. 1,248.24",0.00,"₹3,745",netbanking,5,3
ORD00008,08-Jan-24,C0176,Kolkata,Home,Bedsheet Set,1,1195,0.15,1930,Net Banking,4,5
ORD00730,2024-08-20,C0310,mumbai,Apparel,Cotton Kurta,2,839,10," 1,509.77 ",CC,1,5
ORD01273,2025-04-20,C0156,Dehli, Books,Cookbook,2,669.80,0,"INR 1,339.60",UPI,6,
ORD00839,"August 21, 2024",C0116,MUMBAI,BOOKS,Cookbook,4,595.40,10%,"2,143.44",Net Banking,NA,3
ORD00416,2024-09-27,C0423,Bombay,books,Textbook,1," 1,321.66 ",0.10,"1,189.50",upi,nan,5
ORD02881,2024-09-29,C0253,AHMEDABAD,clothing,Cotton Kurta,1,₹953,0.00,953.40,upi,-1,N/A
ORD02504,24-Jan-25,C0112,hyderabad,Grocery,Olive Oil 1L, ,-,0%,"1,622.55",upi,6,5
ORD01766,2024-12-09,C0477,kolkata,Apparel,Running Shoes,2," 2,492.62 ",5,"4,735.98",Net Banking,-,4.5
ORD02911,09-Sep-24,C0321,KOLKATA,Home & Kitchen,Pressure Cooker,2,"₹2,856",15%,4856,UPI,7,3
ORD00200,2025-05-20,C0336,Bombay,GROCERY,Basmati Rice 5kg,4,526,0%,"Rs. 2,103.84",Debit Card,4,4
ORD00284,2024-10-26,C0310, Mumbai ,ELECTRONICS,Power Bank,1,"Rs. 1,305.74",15,1110,credit card,4,4
ORD00232,"October 03, 2024",C0413,mumbai,CLOTHING,Cotton Kurta,5,₹906,0%,missing,CC,7,4
ORD00694,2025-03-14,C0430,kolkata, Books,Novel,1,₹381,nan, 381.44 ,COD,3,6
ORD02995,"January 20, 2025",C0043,New Delhi,Clothing,Running Shoes,4,N/A,0.00,"9,473.85",Credit Card,3,n/a
ORD00097,18/01/2025,C0074,Ahmedabad,books,Textbook,1,"1,215.07",nan,911.30,netbanking,5,4
ORD01420,08/21/2024,C0416,Kolkata, Books,Novel,1,387.83,0.10,349.04,Cash on Delivery,3,4
ORD02623,23/06/2025,C0444,mumbai,HOME,Pressure Cooker,2,"2,877.13",0.25,"INR 4,315.69",netbanking,6,3
ORD01455,2024-09-18,C0240,Mumbai,clothing,Running Shoes,2,"Rs. 2,415.68",0.00,"4,831.35",CC,8,2
ORD01651,12/05/2024,C0161,MUMBAI,Home & Kitchen,Pressure Cooker,null,2890,missing,"Rs. 2,889.98",upi,3,4
ORD01475,2024-09-29,C0076,Calcutta,Grocery,Olive Oil 1L,2,Rs. 819.99,nan,1640,Credit Card,1,nan
ORD01230,05/02/2024,C0326,Hyderabad,books,Cookbook,1,INR 643.54,0.00,Rs. 643.54,debit_card,6,3
ORD02921,02/01/2025,C0126,HYDERABAD,BOOKS,Cookbook,-2, 599.47 ,15%,0.00,Net Banking,6,4
ORD02953,09-Nov-24,C0325,Bangalore,books,Novel,4,INR 432.52,0.20,N/A,N/A,3,NA
ORD01473,2024-05-08,C0022,Chennai,Books,Textbook,1,1245,0,1245,debit_card,4,5
ORD01443,"February 07, 2025",C0219,Hyderabad,Clothing,Denim Jeans,1,"1,516.76",0.20,"1,213.41",Credit Card,2,4
ORD00105,11/18/2024,C0081,Delhi,ELECTRONICS,Power Bank,2,"Rs. 1,332.94",missing,"Rs. 2,532.58",COD,8,N/A
ORD02276,"April 17, 2024",C0413,Mumbai,CLOTHING,Cotton Kurta,2,₹942,0.20,1506,UPI,4,4
ORD01106,05/02/2025,C0188,HYDERABAD,Electronics,Smart Watch,5,"₹3,681",0,"Rs. 18,407.50",debit_card,6,6
ORD01552,2024-04-22,C0473,ahmedabad,Apparel,Cotton Kurta,2, 874.81 ,0.10,"1,574.65",COD,5,5
ORD01065,2024-07-14,C0180,HYDERABAD,Books,Novel,2,INR 430.95,0.00,862,netbanking,4,3
ORD01237,not recorded,,Bombay,Groceries,Olive Oil 1L,3, 716.40 ,20,"1,719.36",COD,5,5
ORD02190,2024-09-15,C0401,KOLKATA,Electronics ,Wireless Earbuds,2,2321,0,"INR 4,641.53",CC,2,null
ORD01024,2024-03-21,C0279,Bombay,Apparel,Cotton Kurta,2,₹957,0.00,"₹1,913",Credit Card,3,n/a
ORD00227,11/30/2024,C0143, Mumbai ,Electronics ,Power Bank,1," 1,378.71 ",0.20,"Rs. 1,102.97",COD,3,6
ORD01081,2024-08-21,C0064,CHENNAI,Home,Bedsheet Set,4," 1,187.35 ",0%,"4,749.41",Net Banking,1,3
ORD02345,07/11/2024,C0179, Mumbai ,BOOKS,Textbook,1," 1,338.55 ", ,"Rs. 1,338.55",Credit Card,6,N/A
ORD02656,15-Jan-25,C0319, Hyderabad,home,Table Lamp,1, 745.98 ,0,Rs. 745.98,CC,4,4
ORD02026,"March 12, 2024",C0193,Bengaluru,clothing,Cotton Kurta,2,940.56,0.00,"1,881.12",debit_card,5,0
ORD00931,11-Jul-24,C0270,Amdavad,Home & Kitchen,Bedsheet Set,4,"Rs. 1,099.40",0%,"4,397.59",Cash on Delivery,3,4
ORD01079,2024-04-24,C0380,CHENNAI,Clothing,Cotton Kurta,3, 900.30 ,0,"₹2,701",Cash on Delivery,nan,3
ORD01905,30/01/2024,C0486,mumbai,Electronics ,Wireless Earbuds,2,"₹2,691",10,"4,844.29",debit_card,8,5
ORD02105,2024-05-09,C0354,MUMBAI,CLOTHING,Running Shoes,2,"Rs. 2,349.53",0.00,4699,upi,2,0
ORD00728,03/10/2024,C0434,KOLKATA,electronics,Smart Watch,1,"4,198.71",20,"3,358.97",Debit Card,6,5
ORD01671,30-Sep-24,C0037,kolkata,BOOKS,Textbook,4,"Rs. 1,227.98",5%, ,Net Banking,4,5
ORD00465,2024-05-13,C0286,Mumbai, Books,Cookbook,10,599,0%,"INR 5,992.40",credit card,0,3
ORD00790,22-Feb-24,C0072,Madras,GROCERY,Coffee 500g,2,Rs. 455.06,10%,819.12,Cash on Delivery,0,3
ORD00762,2024-01-20,C0485,ahmedabad,Home & Kitchen,Pressure Cooker,2,"₹2,690",0,"5,380.55",netbanking,-,3
ORD00773,2025-05-22,C0369,Dehli,GROCERY,Coffee 500g,1,₹461,15%,391,netbanking,nan,2
ORD01738,2024-07-09,C0149,KOLKATA,HOME,Bedsheet Set,10,nan,0.00,"11,366.51",netbanking,4,4
ORD01265,2024-13-45,C0166,Mumbai,books,Textbook,2,"1,373.08",?,"Rs. 2,059.61",Cash on Delivery,1,5
ORD02848,2024-10-20,C0425,CHENNAI,Clothing,Running Shoes,10,"2,388.65",0.10,"21,497.86",upi,6,4
ORD01685,06/05/2024,C0034,bengaluru,Books,Cookbook,1,Rs. 694.77,,₹625,Cash on Delivery,1,2
ORD00213,2024-06-12,C0439,ahmedabad,GROCERY,Basmati Rice 5kg,1,₹495,, 470.25 ,CC,8,missing
ORD00013,2024-01-02,C0483,chennai,CLOTHING,Running Shoes,1,"2,461.46",0.25,"1,846.10",COD,3,NA
ORD02962,2024-05-22,C0486, Mumbai ,Home,Table Lamp,4,-,0.00,"2,732.84",Debit Card,5,5
ORD00423,"June 26, 2024",C0361,HYDERABAD,Grocery,Basmati Rice 5kg,4,₹566,0.00,"₹2,263",UPI,4,3
ORD02176,2025-06-11,C0189, Bengaluru ,BOOKS,Novel,1,426.89,5%,405.55,Cash on Delivery,6,2
ORD01730,15-May-25,-,bengaluru,electronics,Smart Watch,1,"3,953.89",0.00,"Rs. 3,953.89",credit card,6,n/a
ORD02497,2024-08-22,C0341,mumbai,clothing,Denim Jeans,1,-,10,"₹1,522",netbanking,8,5
ORD02395,2025-02-12,C0195,Ahmedabad,home,Bedsheet Set,1,"₹1,301",0.05,"Rs. 1,235.72",UPI,5,5
ORD02895,"June 19, 2024",C0322,NEW DELHI,HOME,Pressure Cooker,1,"3,054.73",15%,2597,netbanking,3, 
ORD01124,2024-11-09,C0431,New Delhi,Clothing,Denim Jeans,4,"1,656.05",0.10,"INR 5,961.77",debit_card,2,1
ORD02367,27-Nov-24,C0169,BANGALORE, Books,Novel,2,INR 387.54,0.10,697.58,CC,4,4
ORD02588,04/05/2025,C0116,Mumbai,Electronics ,Power Bank,1,"1,406.17",10%,"INR 1,265.55",Debit Card,2,4
ORD01676,26-Mar-24,C0255,mumbai,books,Textbook,1,"Rs. 1,229.68",20,984,Debit Card,6,5
ORD00510,16-Aug-24,C0089,bengaluru,CLOTHING,Denim Jeans,1,"Rs. 1,581.31",5,"1,502.25",Credit Card,5,3
ORD00645,2024-11-11,C0317,hyderabad,GROCERY,Olive Oil 1L,2,717,10%,"1,290.18",debit_card,7,4
ORD00598,07/10/2024,C0111,Delhi,Home & Kitchen,Pressure Cooker,2,"2,985.54",10,"5,373.98",CC,1,6
ORD00979,23-Mar-24,C0297,New Delhi,GROCERY,Olive Oil 1L,1,815.17,-,₹734,netbanking,7,5
ORD00806,2024-04-16,C0157,CHENNAI,Electronics ,Smart Watch,3,"4,376.16",5,"INR 12,472.05",credit card,5,?
ORD02458,2024-07-18,C0388,Chennai,ELECTRONICS,Wireless Earbuds,2,"2,535.45",0%,"5,070.90",Net Banking,0,4
ORD02698,2025-05-23,C0173,MUMBAI,GROCERY,Basmati Rice 5kg,2, 528.81 ,0.10,951.85,credit card,1,5
ORD00519,16/01/2024,C0391,Dehli,clothing,Cotton Kurta,1,₹913,0.25,685,Net Banking,2,6
ORD02555,2025-01-14,C0028,Amdavad, Books,Cookbook,2,INR 696.10,0%,"1,392.19",netbanking,0,4
ORD00574,07-Oct-24,C0330,Ahmedabad,Home & Kitchen,Bedsheet Set,1,"₹1,224",20%,979.06,UPI,5,0
ORD02988,29-Jul-24,C0356,CHENNAI,ELECTRONICS,Smart Watch,1,"4,227.52",10%,3805,upi,5,-
ORD02781,2025-06-18,C0157,Madras,clothing,Cotton Kurta,1,824.83,10,742,UPI,1,0
ORD01160,24/03/2025,C0438,Amdavad,HOME,Table Lamp,2, 773.81 ,null,"1,547.62",COD,3,4
ORD02315,2024-04-10,C0041,BANGALORE,grocery,Coffee 500g,1, 384.99 ,10%,346.49,netbanking,1,2
ORD01727,"January 16, 2024",C0293,chennai,ELECTRONICS,Smart Watch,2,3905,0.15,6639,credit card,6,1
ORD02047,2025-04-25,C0385,ahmedabad,home,Pressure Cooker,3,2710,20%,"₹6,505",upi,1,3
ORD02865,31/02/2024,C0336,MUMBAI,Home,Bedsheet Set,1,"₹1,146",5,"1,088.91",Debit Card,3,3
ORD00124,2024-06-23,C0182, Mumbai ,electronics,Power Bank,2,"1,335.85",5,"Rs. 2,538.11",Debit Card,4,n/a
ORD01235,"January 31, 2025",C0132,Hyderabad,Electronics,Power Bank,1," 1,240.42 ",20%,992.34,Net Banking,3,2
ORD00221,11/05/2024,C0159,Bengaluru,Electronics ,Power Bank,2,"1,286.32",0.10," 2,315.38 ",UPI,1,3
ORD02966,2024-12-22,C0190,Bangalore,Apparel,Running Shoes,1," 2,162.03 ",15,"Rs. 1,837.73",Net Banking,6,3
ORD00359,,C0120,Delhi,ELECTRONICS,Smart Watch,2,4015,10,"7,227.05",nan, ,2
ORD02452,2025-02-24,C0113,delhi,Groceries,Olive Oil 1L,2,838.87,0%,"1,677.74",COD,NULL,
ORD01872,2024-08-11,C0210,MUMBAI,Books,Textbook,10,"₹1,292",5,12279,COD,5,2
ORD01690,2025-06-05,C0393,Chennai,Apparel,Cotton Kurta,3,₹870,0.15,"₹2,218",debit_card,-,2
ORD00260,2025-01-04,C0036,mumbai,electronics,Wireless Earbuds,1,"2,251.10",0.20,"1,800.88",Net Banking,5,0
ORD02828,2025-01-23,C0235,mumbai,Groceries,Coffee 500g,5,₹415,0.05,"1,969.90",credit card,1,5
ORD00880,20/09/2024,C0124,AHMEDABAD,Grocery,Olive Oil 1L,5,Rs. 734.12,0.10,"₹3,304",Cash on Delivery,-, 
ORD02441,2024-11-17,C0308,Amdavad,Electronics,Wireless Earbuds,null,"2,549.95",-,7267,upi,2,4
ORD00965,2024-11-04,C0248,delhi,BOOKS,Cookbook,3, 644.63 ,0.00,"₹1,934",Credit Card,NA,4
ORD01048,26/04/2024,C0191,Bombay, Books,Novel,-,416.46,0%,"2,082.29",Cash on Delivery,?,missing
ORD02687,2024-04-01,C0482,MUMBAI,Electronics,Wireless Earbuds,3,"₹2,261",0,"6,781.79",credit card,3,4
ORD02442,14/10/2024,C0434,Kolkata,CLOTHING,Cotton Kurta,2,883,0,"1,765.19",netbanking,1,5
ORD01559,2024-13-45,C0151,HYDERABAD,CLOTHING,Denim Jeans,2,NA,0," 3,453.38 ",CC,6,4
ORD00863,09/03/2024,C0004,MUMBAI,Apparel,Running Shoes,5,"Rs. 2,513.65",10,"11,311.45",debit_card,4,4
ORD02772,16/04/2025,C0432,Ahmedabad,ELECTRONICS,Wireless Earbuds,1,"₹2,517",10,"Rs. 2,264.86",netbanking,5,6
ORD02373,,C0024,kolkata,Home,Pressure Cooker,1,"2,660.37",20%,"₹2,128",Net Banking,2,-
ORD00457,2024-09-25,C0096,ahmedabad,Books,Novel,2,387,15,657.77,UPI,5,5
ORD00463,2024-04-06,C0193,BANGALORE,Books,Novel,2,Rs. 373.67,missing,672.61,Debit Card,3,missing
ORD02270,2024-06-07,C0070,Hyderabad,Home & Kitchen,Bedsheet Set,1,1265,0%,2274,Credit Card,2,NULL
ORD01382,2024-12-15,C0248,Delhi,books,Textbook,1,"Rs. 1,298.59",,"1,298.59",Cash on Delivery,2,3
ORD01570,28/10/2024,C0045,MUMBAI,clothing,Running Shoes,1,"2,175.99",0,5818,Cash on Delivery,3,NULL
ORD00382,2024-02-28,C0048,kolkata,CLOTHING,Running Shoes,1,"₹2,256",0%,"6,716.00",N/A,99,5
ORD00927,"May 29, 2025",C0126,HYDERABAD,Books,Textbook,3,"Rs. 1,248.11",0.05,"3,557.12",Cash on Delivery,4,1
ORD01125,2024-03-09,C0101,BANGALORE,ELECTRONICS,Power Bank,1,1289,0%,"1,288.59",COD,3,2
ORD00756,26-Apr-25,C0041,BANGALORE,HOME,Table Lamp,2, 777.93 ,0%,"1,555.85",CC,3,4
ORD02517,2024-01-26,C0137,MUMBAI,grocery,Basmati Rice 5kg,3,496.01,0,?,upi,5,5
ORD01815,2024-02-08,C0431,Dehli,Home & Kitchen,Pressure Cooker,1,"3,076.56",0.05,2923,upi,2,missing
ORD01462,2024-03-02,C0016,mumbai,Home & Kitchen,Pressure Cooker,1,"₹2,948",0.10,"Rs. 2,653.06",Credit Card,2,4
ORD02197,2025-03-07,C0276,Ahmedabad,Electronics ,Power Bank,1,"₹1,426",10%,1283,Net Banking,3,4
ORD02184,not recorded,C0097,Madras,Home & Kitchen,Pressure Cooker,1,"INR 2,771.88",25%," 2,078.91 ",netbanking,3,4
ORD00858,2025-01-25,C0058,Mumbai,clothing,Running Shoes,3,"2,392.36",20%,5742,Debit Card,4,4
ORD01843,10/29/2024,C0356,Chennai,Clothing,Denim Jeans,2,1440,20,"₹2,304",COD,2,0
ORD02033,2024-12-05,C0111,delhi,BOOKS,Cookbook,3,INR 655.58,5,"5,329.95",COD,2,missing
ORD02809,27/05/2024,C0046,CHENNAI,clothing,Running Shoes,3,"2,363.70",0.05,6737,debit_card,5,3
ORD02408,29-Jun-25,C0475,Bombay,ELECTRONICS,Smart Watch,2,missing,0.05,"7,982.39",UPI,2,3
ORD02335,2024-09-10,C0195,Amdavad,Books,Cookbook,3,INR 676.80,10,"₹1,827",Net Banking,4,1
ORD00963,2025-01-17,C0165,MUMBAI,clothing,Cotton Kurta,2,901.80,0.10,"₹1,623",Net Banking,1,4
ORD01240,01/03/2025,C0192,MUMBAI,Electronics ,Smart Watch,4,"₹4,228",15%,"₹14,375",Net Banking,1,4.5
ORD00543,01/02/2025,C0009,Hyderabad,GROCERY,Olive Oil 1L,1,₹789,5%,749.23,Cash on Delivery,4,1
ORD02941,15/09/2024,C0131,Delhi,Electronics,Power Bank,N/A,"1,393.58",25%,"Rs. 1,045.18",UPI,1,4
ORD01338,2024-06-07,C0444,Bombay,electronics,Smart Watch,10,"3,797.30",25,28480,credit card,7,N/A
ORD01236,2024-07-03,C0195,ahmedabad,home,Pressure Cooker,2,2945,10%,"Rs. 5,301.27",Cash on Delivery,5,4
ORD02949,2024-07-08,C0147,New Delhi,Home,Bedsheet Set,1,"₹1,237",0,"₹1,237",Net Banking,2,6
ORD02180,30/04/2025,C0209,Chennai,grocery,Olive Oil 1L,1,808,0,₹808,upi,5,0
ORD02470,2024-10-03,C0401,Calcutta, Books,Cookbook,3,692.12,20,"1,661.08",Net Banking,5,missing
ORD00950,03/29/2024,C0212,Calcutta,Electronics,Wireless Earbuds,1,"2,676.88",0,"₹2,677",UPI,3,NULL
ORD02196,05-Sep-24,C0009,hyderabad,HOME,Pressure Cooker,1,missing,0.00,"2,827.57",Net Banking,6,5
ORD01221,"January 03, 2024",C0070,HYDERABAD,HOME,Table Lamp,2,724,25%,"Rs. 1,085.30",credit card,3,4
ORD02952,not recorded,C0179,Bombay,BOOKS,Novel,2,₹369,0.00, 737.27 ,COD,1,3
ORD02787,24-Jun-25,C0066,New Delhi, Books,Novel,5,INR 369.63,0.00,"Rs. 1,848.16",debit_card,8,n/a
ORD01463,2024-12-18,C0134,AHMEDABAD,Books,Textbook,1,"₹1,360",5,1292,debit_card,2,5
ORD02469,14/11/2024,C0166,Mumbai,Home,Pressure Cooker,1,"2,859.70",0.15,"₹2,431",COD,2,4
ORD02017,27/12/2024,C0317, Hyderabad,BOOKS,Cookbook,1,Rs. 613.58,20,INR 490.87,netbanking,6,n/a
ORD00991,17/06/2024,C0304,bengaluru,Grocery,Coffee 500g,2,N/A,0.05,nan,CC,-1,5
ORD00436,2025-01-01,C0304,Bangalore,books,Novel,4,INR 387.50,0,"Rs. 1,550.00",Net Banking,8,missing
ORD01000,"June 28, 2025",C0018,BANGALORE,Groceries,Basmati Rice 5kg,1,500.82,5,₹476,Net Banking,6,4
ORD00238,02/17/2025,C0148,AHMEDABAD,CLOTHING,Cotton Kurta,2,₹931,0.00, ,COD,6,5
ORD02722,08/27/2024,C0076,Kolkata,Clothing,Cotton Kurta,1,871.77,-,INR 871.77,Credit Card,?,4
ORD00110,2024-02-13,C0019,chennai,clothing,Cotton Kurta,4,904,5,"3,434.34",CC,1,5
ORD00782,2024-12-06,C0045,mumbai,BOOKS,Novel,2,361.24,-,686.35,Net Banking,7,4
ORD02098,2025-03-05,C0283,AHMEDABAD,clothing,Running Shoes,4,"2,428.87",15%,"8,258.16",Debit Card,5,1
ORD00164,2025-05-31,C0448, Bengaluru ,home,Bedsheet Set,1,"Rs. 1,211.78",20%,₹969,Credit Card,?,4
ORD00289,04/01/2024,C0310,Bombay,Groceries,Coffee 500g,3,Rs. 439.95,15%,?,CC,6,0
ORD00253,22/02/2024,C0009,HYDERABAD,Grocery,Olive Oil 1L,2, 825.96 ,0.10,"₹1,487",Cash on Delivery,3,NA
ORD01162,2024-07-30,?,Ahmedabad,Home,Table Lamp,4,740.83,0.10,2667,CC,3,null
ORD02169,2024-04-11,C0134,ahmedabad,Home & Kitchen,Bedsheet Set,3,1094,5,3117,Debit Card,-1,5
ORD01949,2024-04-26,C0374,bengaluru,Grocery,Basmati Rice 5kg,2,577.60,5,"INR 1,097.45",credit card,1,4
ORD00768,2024-04-26,C0410,CHENNAI,Electronics,Power Bank,10,"Rs. 1,198.87",NULL,"Rs. 9,590.94",debit_card,3,5
ORD00788,2024-12-01,n/a, Bengaluru ,home,Pressure Cooker,1,"2,818.66",10%,"INR 7,377.01",COD,3,5
ORD01360,23/11/2024,C0361,Hyderabad,ELECTRONICS,Smart Watch,3,"4,249.22",0,"12,747.66",debit_card,4,N/A
ORD00832,30/05/2025,C0427,Madras,CLOTHING,Running Shoes,4,"2,466.49",15,"INR 8,386.07",UPI,4,5
ORD01930,27/01/2025,C0141,Amdavad,electronics,Power Bank,1,"1,354.10",10,"2,435.26",Credit Card,missing,0
ORD01386,2024-11-18,C0112,Hyderabad,Groceries,Coffee 500g,3,427.49,nan,1218,Net Banking,1,0
ORD02804,2024-11-19,C0310, Mumbai ,grocery,Basmati Rice 5kg,1,599.64,15%,-,Credit Card,2,3
ORD02381,2025-02-23,C0376,mumbai,Clothing,Denim Jeans,3,"Rs. 1,510.93",15,"3,852.87",Debit Card,1,4
ORD02904,16/06/2025,C0281,Delhi,books,Novel,10,426.35,0%,"INR 4,263.53",upi,5,4
ORD01269,14/03/2025,C0133,mumbai,electronics,Power Bank,2,"1,240.51",0.25,1861,COD,2,N/A
ORD02253,02/05/2024,C0193,Bangalore,Home,Table Lamp,2,760,0,"1,519.66",debit_card,4,3
ORD01290,2024-03-08,C0287,Mumbai,grocery,Olive Oil 1L,1,₹798,0.00,798,Credit Card,missing,4
ORD01299,2024-04-09,C0252,MUMBAI,Apparel,Running Shoes,1,2273,0.05,"2,159.80",COD,5,3
ORD02448,2024-09-13,C0182,Mumbai,HOME,Pressure Cooker,3,2690,0.10,"Rs. 7,261.79",Cash on Delivery,4,4
ORD00462,2024-05-14,C0209,Madras,Home,Bedsheet Set,1,"1,276.95",15,"1,085.41",Cash on Delivery,4,5
ORD01741,2024-04-11,C0194,Bombay,home,Pressure Cooker,1,"₹2,934",20," 2,347.42 ",Cash on Delivery,1,5
ORD01511,26/05/2024,C0484, Bengaluru ,electronics,Smart Watch,1,-,0%,"Rs. 6,998.69",credit card,1,2
ORD00158,"February 03, 2025",NA,CHENNAI,Home,Bedsheet Set,5,"1,134.10",10%,"5,103.45",UPI,6,5
ORD00904,08-Aug-24,C0341,MUMBAI,electronics,Smart Watch,1,3850,0,NA,upi,8,null
ORD02004,2024-01-07,C0252,mumbai,Home & Kitchen,Bedsheet Set,1,"₹1,185",15,"1,007.56",netbanking,,N/A
ORD02951,02/08/2024, ,Calcutta, Books,Textbook,1,"1,324.80",0," 1,324.80 ",netbanking,2,3
ORD00678,25-Nov-24,C0247,Bengaluru,Electronics ,Wireless Earbuds,4,"2,357.97",0.10,"Rs. 8,488.69",Cash on Delivery,0,3
ORD01761,"June 15, 2025",C0145,mumbai,Books,Novel,2,₹369,0%,Rs. 738.84,-,4,4
ORD02412,2024-01-31,C0371,Mumbai,Electronics,Power Bank,2," 1,327.24 ",NA,"₹2,654",Credit Card,2,5
ORD00239,2024-05-30,C0013,mumbai,Home & Kitchen,Pressure Cooker,1,"2,528.08",5,"₹2,402",Debit Card,3,1
ORD00882,24-Jan-24,C0018,bengaluru,GROCERY,Basmati Rice 5kg,2, 552.13 ,0.00,"Rs. 1,104.27",Net Banking,4,3
ORD01400,04/10/2024,C0100,MUMBAI,Grocery,Olive Oil 1L,4,831.96,0.00,"3,327.83",UPI,2,4
ORD00244,2024-09-20,C0256,delhi,grocery,Olive Oil 1L,10,710.00,10%,"₹6,390",debit_card,3,3
ORD00101,10/12/2024,C0206,Mumbai,Home,Bedsheet Set,2,"₹1,149",0,2299,Net Banking,5,4
ORD00316,07/06/2024,C0336,Bombay,clothing,Running Shoes,2," 2,454.35 ",0.00,"4,908.70",upi,2,missing
ORD00912,2025-02-23,C0038,CHENNAI,HOME,Bedsheet Set,2,"₹1,260",20,"₹2,016",netbanking,2,2
ORD01098,2024-11-19,C0049,Ahmedabad,Home,Bedsheet Set,1,"₹1,121",15%,₹953,COD,,2
ORD01002,07-Feb-25,C0185,HYDERABAD,Books,Novel,2,367.41,0.05,698.08,COD,4,0
ORD00980,2024-03-13,C0401,Calcutta,BOOKS,Novel,1,392,25,294.23,Debit Card,3,
ORD00262,"July 07, 2024",C0001,mumbai,grocery,Olive Oil 1L,10,731.82,0%,"Rs. 7,318.22",credit card,n/a,5
ORD02005,2024-05-16,C0412,KOLKATA,Electronics ,Wireless Earbuds,1,"2,644.90",0.00,"2,644.90",Credit Card,3,nan
ORD01726,05/03/2024,C0212,KOLKATA,Clothing,Denim Jeans,1,N/A,0%,"1,691.17",Credit Card,4,4
ORD00196,11-Jan-24,null,mumbai,Electronics ,Power Bank,10,"1,340.41",0.00,"₹37,640",debit_card,3,5
ORD01862,2025-05-26,C0055,mumbai,ELECTRONICS,Smart Watch,1,3886,20,"₹9,004",CC,3,5
ORD01779,2025-03-21,C0440,CHENNAI,books,Novel,1, 364.47 ,20%,INR 291.58,Credit Card,4,4
ORD01821,20/09/2024,C0394, Mumbai ,CLOTHING,Cotton Kurta,1,INR 878.77,0,878.77,netbanking,1,5
ORD00180,2024-10-25,C0020,ahmedabad,Electronics,Smart Watch,5,"Rs. 4,233.86",0," 21,169.30 ",debit_card,8,2
ORD01599,28/04/2025,C0216,bengaluru,CLOTHING,Running Shoes,2,nan,10,4307,debit_card,4,4
ORD02365,"October 17, 2024",C0318,kolkata,Apparel,Running Shoes,2,"2,263.47",0.20,"3,621.56",COD,-1,5
ORD02296,"April 03, 2024",C0128,Chennai,Groceries,Coffee 500g,4,425,0.00," 2,813.29 ",Credit Card,1,4
ORD02229,"February 26, 2025",C0451,Amdavad,Electronics ,Wireless Earbuds,1,"₹2,552",0%,,upi,6,0
ORD00341,07-Mar-24,C0015,New Delhi,Home,Pressure Cooker,3,"INR 2,992.20",5,"Rs. 8,527.78",upi,3,2
ORD02160,14/03/2025,C0478,chennai,GROCERY,Basmati Rice 5kg,1,Rs. 527.15,0%,527.15,Cash on Delivery,2,5
ORD01232,02/06/2024,n/a,Bangalore,Electronics,Wireless Earbuds,1,"2,407.02",missing,"₹2,166",CC,2,3
ORD00749,2024-05-13,C0272,Mumbai, Books,Cookbook,2, 636.60 ,0.10,"Rs. 1,145.87",credit card,6,4
ORD02645,"September 03, 2024",C0149,KOLKATA,HOME,Table Lamp,1,Rs. 694.19,0.00, 694.19 ,credit card,7,?
ORD00663,"December 13, 2024",C0350,delhi,books,Novel,2,434,0.10,780.85,credit card,2,4
ORD00481,10/01/2024,C0332, Mumbai ,ELECTRONICS,Smart Watch,1,"₹3,972",5%,"3,773.72",Net Banking,1,4
ORD00804,2024-06-30,C0419,BANGALORE,Home & Kitchen,Bedsheet Set,1,"1,183.51",0,"₹1,184",nan,3,4
ORD02944,01/06/2024,C0077,KOLKATA,Grocery,Basmati Rice 5kg,1,539.99,15, 458.99 ,upi,5,2
ORD02699,20/04/2024,C0217,AHMEDABAD,ELECTRONICS,Wireless Earbuds,1," 2,553.07 ",0.00," 2,553.07 ",debit_card,-1,
ORD01412,2024-02-16,C0269,Calcutta,Groceries,Olive Oil 1L,1,838.47,5%,Rs. 796.54,COD,4, 
ORD02484,2024-08-08,C0263,Calcutta,ELECTRONICS,Power Bank,10,"1,291.54",10%,"11,623.88",netbanking,1,3
ORD00550,31/03/2024,C0396,Mumbai,Books,Novel,1,418.64,5,397.71,Credit Card,4,nan
ORD01499,2025-05-11,C0029,Calcutta,Books,Cookbook,4,633.53,25%,"2,907.05",Debit Card,5,4
ORD00784,06/23/2024,C0227,AHMEDABAD,Electronics,Wireless Earbuds,1,2461,0.00,"5,964.76",Cash on Delivery,2,4
ORD02764,06/24/2024,C0189,Bangalore,Electronics,Smart Watch,1,"4,187.93",10%,3769,credit card,1,3
ORD02226,04/03/2025,C0300,Bombay,electronics,Wireless Earbuds,1,"Rs. 2,299.77",null,"2,069.79",UPI,3,0
ORD00743,2024-10-23,C0411,Bombay,BOOKS,Cookbook,1,597,0,"1,200.89",Net Banking,4,5
ORD02464,03/07/2025,C0150,ahmedabad,Grocery,Coffee 500g,1,410.54,0%,411,Credit Card,2,0
ORD01790,2024-12-26,C0226,mumbai,Groceries,Basmati Rice 5kg,1,539,20,INR 430.90,Net Banking,7,0
ORD02852,2024-08-08,C0136,chennai,books,Cookbook,2,689.23,15%,1172,netbanking,2,-
ORD01967,27/04/2024,C0194,Bombay,books,Novel,2,NULL,0.00,₹857,Credit Card,1,
ORD02002,2025-02-12,C0058,mumbai,Apparel,Cotton Kurta,5,₹877,5,"₹4,167",Net Banking,8,null
ORD02882,2024-13-45,C0381,chennai,GROCERY,Olive Oil 1L,1,Rs. 739.89,0.10,666,netbanking,1,3
ORD02354,"May 19, 2025",C0322,NEW DELHI,Electronics ,Power Bank,3,null,0.00,3816,Net Banking,3,3
ORD01069,2025-02-06,C0367,Mumbai,books,Textbook,1,"1,177.87",0,"1,177.87",Cash on Delivery,N/A,5
ORD00248,12-Nov-24,C0157,Madras,home,Table Lamp,1,734.18,15%,INR 624.06,upi,3,3
ORD02120,30/03/2024,C0362,bengaluru,HOME,Table Lamp,1,783,0%, 783.00 ,Cash on Delivery,6,3
ORD01189,2024-04-24,C0130,NEW DELHI,Electronics,Power Bank,1,"₹1,269",0," 1,269.14 ",COD,3,4
ORD02776,30-Apr-24,C0040,Bombay,books,Novel,5,Rs. 393.44,10%,"₹1,770",debit_card,1,4
ORD00627,2024-01-05,C0113,delhi,Books,Cookbook,2,687,0.15,"1,167.72",Credit Card,2,n/a
ORD00348,2025-05-05,C0076,KOLKATA,Books,Novel,3,₹363,5%,"1,035.60",CC,5,3
ORD00279,"April 18, 2025",C0372,HYDERABAD,HOME,Table Lamp,4,INR 689.69,25,"2,069.08",credit card,3,
ORD02205,23/07/2024,C0485,AHMEDABAD,GROCERY,Olive Oil 1L,3,761.82,10%,n/a,netbanking,nan,3
ORD02721,"February 18, 2024",C0079,bengaluru,books,Cookbook,2,708.75,15%,"1,204.88",debit_card,4,NULL
ORD00656,28-Sep-24,C0049,ahmedabad,clothing,Running Shoes,1,"Rs. 2,475.89",0,2476,upi,2,1
ORD02874,"June 29, 2025",C0342,Kolkata,HOME,Pressure Cooker,2,"2,884.83",0.00,5770,Cash on Delivery,4,?
ORD01322,06/15/2025,C0407,Kolkata,Grocery,Coffee 500g,4,462.68,0.20," 1,480.56 ",null,4,3
ORD02679,05/02/2024,C0008,ahmedabad,home,Pressure Cooker,2,2681,0,"5,362.50",credit card,5,5
ORD02642,2024-07-28,C0496,NEW DELHI,Grocery,Coffee 500g,3, 405.62 ,0.20,973.48,UPI,5,5
ORD02112,21/06/2024,C0273,Mumbai,Home & Kitchen,Pressure Cooker,2,"Rs. 2,678.68",20%,"4,285.88",COD,2,4.5
ORD01794,2024-04-12,C0465,Kolkata,Apparel,Cotton Kurta,2,902.82,0.25,"1,354.23",Credit Card,2,3
ORD01816,2024-12-27,C0311,mumbai,Electronics ,Power Bank,2,"1,309.64",20%,"₹2,095",Net Banking,5,2
ORD02431,2024-03-12,C0029,Kolkata,Home & Kitchen,Table Lamp,1,755.12,0,755.12,CC,3,3
ORD00446,2025-05-17,C0235,MUMBAI,grocery,Coffee 500g,2,430,20%,688.30,Net Banking,4,5
ORD00618,2024-03-18,C0120,NEW DELHI,Apparel,Running Shoes,1,"₹2,358",5%,"INR 2,239.75",Cash on Delivery,8,5
ORD01287,02/01/2025,C0099,NEW DELHI,Groceries,Olive Oil 1L,3,851,NULL," 2,424.81 ",netbanking,6,3
ORD01660,21-Oct-24,C0183,CHENNAI,Groceries,Olive Oil 1L,3,808,0,"₹2,424",credit card,7,N/A
ORD01129,2025-03-05,C0127,mumbai,CLOTHING,Denim Jeans,1,"₹1,449",5%,"1,376.88",upi,3,4
ORD01191,27-May-25,C0393,Madras,Home & Kitchen,Pressure Cooker,1,"₹2,665",0.25,1999,credit card,6,3
ORD01642,19/08/2024,C0294,Kolkata,clothing,Denim Jeans,2,"1,469.87",0.10,"INR 2,645.77",UPI,1,5
ORD00845,02-Sep-24,C0314,Dehli,Grocery,Olive Oil 1L,2,705.97,0,"Rs. 1,411.93",Credit Card,1,
ORD02606,2024-07-24,C0239,Calcutta,ELECTRONICS,Smart Watch,3,4303,10%,11619,Cash on Delivery,7,4
ORD00548,2024-11-05,C0217,AHMEDABAD,ELECTRONICS,Power Bank,1,"1,317.73",0,"₹1,318",Debit Card,0,1
ORD01861,2025-02-08,C0071,Delhi,Electronics ,Power Bank,3,1184,?,"₹3,197",credit card,5,3
ORD02891,10-Dec-24,C0024,Calcutta,Books,Textbook,1,"1,283.91",20%,"Rs. 1,027.13",null,3,6
ORD02992,2024-03-04,C0308,AHMEDABAD,Grocery,Coffee 500g,5,₹454,n/a,"INR 2,270.75",netbanking,6,4
ORD00264,2024-10-21,C0401,KOLKATA,Clothing,Cotton Kurta,4,892,0,"Rs. 3,566.33",CC,-1,4
ORD02191,2025-01-22,C0077,kolkata,home,Pressure Cooker,2,"Rs. 2,656.23",0%," 5,312.47 ",Debit Card,2,5
ORD02401,2024-03-26,C0038,CHENNAI,Electronics,Smart Watch,2,"3,635.81",0.00,"7,271.62",upi,6,5
ORD02532,2024-07-03,C0322,Dehli,grocery,Olive Oil 1L,missing,800.47,20%," 2,561.50 ",Credit Card,nan,3
ORD00354,19/08/2024,C0383,mumbai,grocery,Coffee 500g,5,397.38,0.00,"₹1,987",Credit Card,4,4
ORD00966,2024-09-19,C0303,BANGALORE,CLOTHING,Denim Jeans,3,1645,0.25,"3,701.11",CC,8,3
ORD00209,2024-09-24,C0080,Kolkata,Books,Cookbook,2,Rs. 611.94,0%,"1,223.89",Credit Card,3,NA
ORD00614,12/01/2025,C0197,chennai,grocery,Basmati Rice 5kg,1,Rs. 583.99,0.00,583.99,upi,4,4
ORD01100,16-Sep-24,C0074,AHMEDABAD,Grocery,Basmati Rice 5kg,1,INR 533.52,0%,₹534,UPI,2,nan
ORD02288,2025-01-06,C0151,hyderabad,books,Novel,2, 410.25 ,5,-,Credit Card,5,5
ORD01577,2025-05-12,C0445,mumbai,grocery,Olive Oil 1L,2,752,15%,"1,277.78",debit_card,-1,4
ORD01966,2025-02-11,C0498,mumbai,electronics,Smart Watch,2,"3,942.41",0.00,n/a,Credit Card,3,?
ORD01201,2024-06-07,C0473,Amdavad,books,Novel,1,N/A,0.10,₹324,Debit Card,3,4
ORD01838,06-Nov-24,C0054,kolkata,Home,Bedsheet Set,2,"₹1,294",10,"₹2,329",Cash on Delivery,3,4
ORD01581,02-Oct-24,C0390, Hyderabad,Electronics ,Wireless Earbuds,5,"₹2,283", ,"11,415.84",upi,8,N/A
ORD00058,2025-06-13,C0220,bengaluru,Electronics,Smart Watch,1,4381,0.00,4381,Debit Card,1,4
ORD01207,2024-09-27,C0116,Mumbai,clothing,Denim Jeans,1,1590,5,"1,510.50",Debit Card,1,-
ORD00812,2024-12-14,C0365,Mumbai,clothing,Running Shoes,2,2178,0.00,"4,355.50",credit card,5,2
ORD02884,2024-10-02,C0384,mumbai,home,Pressure Cooker,2,"2,791.88",0,5584,debit_card,3,NA
ORD00562,04/28/2025,n/a,bengaluru,HOME,Bedsheet Set,1,n/a,0," 1,151.65 ",n/a,nan,3
ORD02091,2024-07-20,C0120,delhi,HOME,Pressure Cooker,1,"₹2,817",0.10,"₹2,535",Cash on Delivery,4,5
ORD00230,09/17/2024,C0064,CHENNAI,Electronics ,Power Bank,5,"1,424.71",0,"₹7,124",upi,1, 
ORD02561,2024-07-16,C0043,New Delhi,GROCERY,Olive Oil 1L,1,787,-,590.31,UPI,5, 
ORD02896,2024-10-13,C0088,NEW DELHI,Clothing,Cotton Kurta,1,953,0%,953.42,Cash on Delivery,4,5
ORD02977,2024-11-14,C0073,Delhi,CLOTHING,Cotton Kurta,4,Rs. 952.55,0.15,"3,238.67",Net Banking,2,2
ORD00539,2025-01-26,C0277,hyderabad,books,Cookbook,1,605.47,n/a,Rs. 544.92,CC,4,1
ORD01886,2024-03-04,C0234,Ahmedabad,BOOKS,Cookbook,3, 610.83 ,0.10,"₹1,649",Cash on Delivery,3,4
ORD01134,2024-13-45,C0149,Kolkata,electronics,Power Bank,5,"₹1,236",25,"4,634.69",UPI,99,4
ORD00394,2024-02-05,C0391,Dehli,ELECTRONICS,Wireless Earbuds,1,"2,596.03",5%,"2,466.22",COD,7,3
ORD01360,23/11/2024,C0361,Hyderabad,ELECTRONICS,Smart Watch,3,"4,249.22",0,"12,747.66",debit_card,4,N/A
ORD02650,05-Nov-24,C0178,Mumbai,Home,Bedsheet Set,4,"Rs. 1,182.03",n/a,4728,Credit Card,7,1
ORD01115,2024-12-26,C0170,Mumbai,Groceries,Coffee 500g,2,455.05,0,910,Credit Card,7,4
ORD00708,29-Mar-24,nan,chennai,books,Cookbook,3,Rs. 588.96,0.00,"1,766.89",Cash on Delivery,5,1
ORD00425,2024-01-18,C0313,AHMEDABAD,clothing,Cotton Kurta,1,₹954,0%,₹954,COD,5,4
ORD00070,2024-07-10,C0053,Amdavad,Groceries,Coffee 500g,1, 445.83 ,0,₹446,Debit Card,2,4
ORD02297,"March 04, 2025",C0363,Amdavad,Electronics,Wireless Earbuds,3,"Rs. 2,637.70",0,7913,CC,3,4
ORD01217,2024-12-28,C0330,ahmedabad,Books,Textbook,1,"₹1,167",0,"₹1,167",COD,7,4
ORD00648,2025-03-27,C0163, Mumbai ,Groceries,Basmati Rice 5kg,1,Rs. 573.16,20%,INR 458.53,debit_card,1,NA
ORD01770,"December 04, 2024",C0264,NEW DELHI,Electronics,Smart Watch,2," 3,695.49 ",0.10,"6,651.87",credit card,4,NA
ORD01365,24/02/2024,C0313,AHMEDABAD,Groceries,Olive Oil 1L,1,₹747,5%,710.03,Credit Card,NULL,4.5
ORD00999,2025-06-04,C0266,KOLKATA,clothing,Running Shoes,1,2440,0%,"2,439.64",Net Banking,2,3
ORD02342,"May 21, 2024",C0047,Ahmedabad,Electronics,Wireless Earbuds,1,"2,300.74",0.00,"2,300.74",Cash on Delivery,1,2
ORD02635,04-Sep-24,C0472, Hyderabad,clothing,Denim Jeans,4,1468,10%,"INR 5,284.31",Debit Card,4,3
ORD01128,10/11/2024,C0011,delhi,Grocery,Coffee 500g,1,₹440,25,330,debit_card,4,3
ORD01666,10-Aug-24,C0288,Bombay,Books,Cookbook,1,Rs. 713.86,0.10,₹642,Cash on Delivery,N/A,3
ORD00621,"June 01, 2024",C0015,Delhi,electronics,Wireless Earbuds,5,"₹2,664",0.15,"₹11,322",Credit Card,5,3
ORD01643,2024-02-20,C0096,ahmedabad,electronics,Power Bank,1,"1,212.83",0.00,"1,212.83",?,2,-
ORD01264,2024-01-21,C0317, Hyderabad,CLOTHING,Cotton Kurta,1,859,0.00,858.71,credit card,2,
ORD02931,05/14/2024,C0222,AHMEDABAD,CLOTHING,Cotton Kurta,2,837,0%,"₹1,673",CC,4,4
ORD01091,2024-09-12,C0169,BANGALORE,Books,Cookbook,1,660.67,0,660.67,CC,4,3
ORD01585,2025-01-30,C0023,Madras,grocery,Basmati Rice 5kg,5,562.34,0.00,"₹2,812",COD,7,3
ORD01118,2024-11-20,C0477,Kolkata,home,Bedsheet Set,1,1108,15%,942,UPI,2,missing
ORD02414,20/03/2024,C0062,ahmedabad,clothing,Running Shoes,2,"Rs. 2,424.69",0,"₹4,849",COD,7,4
ORD02719,2025-01-17,C0467,AHMEDABAD,Grocery,Olive Oil 1L,1,Rs. 742.83,0.10, 668.55 ,Debit Card,5,3
ORD01469,20/04/2025,C0451,ahmedabad,books,Textbook,5,"₹1,309",0.05,"6,218.40",upi,3,4
ORD00280,27/06/2025,C0194,mumbai,Electronics,Power Bank,1,"Rs. 1,393.33",5%,"1,323.66",Credit Card,NULL,1
ORD01289,06-Feb-25,C0028,Amdavad,home,Table Lamp,1,745,5%,707.63,UPI,4,nan
ORD01583,26/09/2024,C0043,NEW DELHI,Apparel,Running Shoes,4,N/A,20,"7,787.57",debit_card,-1,2
ORD01584,2024-06-07,C0258,mumbai,home,Pressure Cooker, ,2991,25,2244,CC,2,n/a
ORD01004,2024-01-25,C0374,bengaluru,CLOTHING,Denim Jeans,1," 1,710.93 ",20%," 1,368.75 ",UPI,null,3
ORD01019,15/05/2025,C0269,Kolkata,BOOKS,Novel,1,417,0,416.91,COD,4,5
ORD01731,,C0169,Bengaluru,Clothing,Denim Jeans,NULL,"Rs. 1,477.03",5%,"₹1,403",CC,5,NA
ORD00554,2024-01-04,C0492,mumbai,GROCERY,Coffee 500g,1,461.43,0.10,"1,122.93",upi,1,5
ORD00835,10/03/2024,C0492,mumbai,Apparel,Denim Jeans,2," 1,731.27 ",10%,3116,Cash on Delivery,?,5
ORD00658,2025-01-01,C0119,KOLKATA,Electronics,Smart Watch,1,"₹4,131",0.20,"₹3,305",Net Banking,1,5
ORD00597,2024-08-17,C0150,Ahmedabad,Books,Cookbook,2,₹638,null,2416,COD,4,2
ORD02801,01/26/2025,C0048,Calcutta,GROCERY,Basmati Rice 5kg,10,NULL,0,"INR 5,601.58",debit_card,2,3
ORD00803,11/04/2025,C0339,ahmedabad,Apparel,Cotton Kurta,3,818,0.05,"INR 2,330.53",Debit Card,5, 
ORD02182,2024-11-04,C0422,mumbai,Electronics,Wireless Earbuds,1,"INR 2,553.06",0.10,"2,297.76",debit_card,2,?
ORD01548,18-Nov-24,C0217,AHMEDABAD,CLOTHING,Cotton Kurta,4,918.81,0.00,"3,675.23",Debit Card,3,3
ORD02542,2024-05-16,C0075,kolkata, Books,Cookbook,10,700.52,0.10,"6,304.67",CC,2,N/A
ORD02775,2024-07-19,C0330,Amdavad,BOOKS,Textbook,1,"1,290.76",0%,"Rs. 1,290.76",netbanking,3,1
ORD00441,03/04/2025,C0470,mumbai,ELECTRONICS,Power Bank,1,"₹1,181",0,1181,CC,6,4
ORD00509,12-May-25,C0437,MUMBAI,CLOTHING,Denim Jeans,1,"Rs. 1,747.74",20%,"₹1,398",CC,4,1
ORD00077,2024-12-29,C0376, Mumbai ,HOME,Bedsheet Set,1," 1,098.46 ",0,"1,098.46",Debit Card,1,3
ORD01996,05/29/2025,C0200,AHMEDABAD,CLOTHING,Running Shoes,1," 2,458.24 ",20%,"1,966.59",UPI,3,NA
ORD01533,31-Jul-24,C0457,Kolkata,grocery,Coffee 500g,1,417.72,0%,418,CC,1,5
ORD00650,2024-01-24,C0330,AHMEDABAD,electronics,Wireless Earbuds,2,"2,267.16",0,4534,UPI,-,N/A
ORD00523,2024-11-01,C0397,bengaluru,Clothing,Denim Jeans,1,"₹1,739",25%,"₹1,304",COD,4,5
ORD01564,2024-10-19,C0318,KOLKATA,ELECTRONICS,Smart Watch,1,"Rs. 3,996.53",0.20,"3,197.23",CC,2,5
ORD01941,02-Jan-24,C0381,Chennai,Home,Table Lamp,1,₹727,0,727.23,Credit Card,6,2
ORD02152,"October 19, 2024",NULL,CHENNAI, Books,Textbook,1,"1,257.46",0%,"₹1,257",UPI,1,5
ORD00655,2024-11-18,C0291,New Delhi,Grocery,Basmati Rice 5kg,1, 520.00 ,10%,INR 468.00,UPI,5,3
ORD01243,2025-02-16,C0140,BANGALORE,Grocery,Coffee 500g,4,445.01,0.10,"1,602.03",COD,6,-
ORD01619,2024-03-20,C0208,delhi,ELECTRONICS,Wireless Earbuds,3," 2,370.88 ",0.05,"₹6,757",Credit Card,5,4
ORD01261,2024-07-19,C0186,HYDERABAD,Clothing,Cotton Kurta,1,Rs. 943.11,0.10,848.80,CC,5,5
ORD00977,31/02/2024,C0124,Amdavad,electronics,Wireless Earbuds,4,"2,690.16",0%,10761,COD,4,5
ORD02568,2024-08-30,C0153,mumbai,Home,Table Lamp,5,₹711,0.15,"3,023.85",,5,missing
ORD00631,2024-13-45,C0196, Mumbai ,Grocery,Olive Oil 1L,1,Rs. 833.16,0.05,₹792,upi,4,4.5
ORD01324,08-Jun-25,C0395,Ahmedabad,Clothing,Cotton Kurta,2,INR 983.25,0.00,"₹1,966",COD,8,null
ORD01587,not recorded,C0395,AHMEDABAD,grocery,Olive Oil 1L,1,823.19,15,Rs. 699.71,CC,2, 
ORD01755,2024-06-23,C0446,Madras,Books,Novel,1,₹400,0.20,₹320,upi,4,2
ORD00483,2024-01-16,C0371,MUMBAI,electronics,Smart Watch,3,"3,880.55",20%,9313,UPI,3,4
ORD02020,05/03/2025,C0134,ahmedabad,CLOTHING,Running Shoes,2,2494,0%,"INR 4,987.13",Net Banking,4,1
ORD02426,2024-02-24,C0263,Kolkata,Groceries,Coffee 500g,2,Rs. 447.14,null,NA,netbanking,3,n/a
ORD02617,2025-01-10,C0447,Amdavad,Electronics,Wireless Earbuds,3,"INR 2,617.01",0.20,"INR 6,280.82",UPI,5,5
ORD02487,2025-01-19,C0332,MUMBAI,Electronics,Power Bank,2,1404,15,2386,upi,0,4
ORD00439,2024-11-16,C0308,ahmedabad,Groceries,Basmati Rice 5kg,1,588.29,0.15, 500.05 ,credit card,5,-
ORD02130,"December 04, 2024",C0313,Ahmedabad,GROCERY,Coffee 500g,1,Rs. 383.25, , 383.25 ,Cash on Delivery,4,3
ORD00970,"June 22, 2025",C0351, Hyderabad,Home & Kitchen,Pressure Cooker,1,"2,752.60",15,2340,UPI,2,4
ORD01802,2024-01-15,C0324, Mumbai ,clothing,Denim Jeans,3,1459,0.10,3940,CC,2,4
ORD01917,31/03/2025,C0438,Amdavad,Electronics ,Power Bank,1,1359,0.25,1019,debit_card,7,-
ORD01621,04/04/2024,C0200,Amdavad,Home,Table Lamp,3,₹737,10,"₹1,990",netbanking,6,3
ORD00857,2024-03-31,C0221,Kolkata,HOME,Table Lamp,3, 713.91 ,0,"2,141.73", ,1,-
ORD02065,01/07/2025,C0438,Amdavad,Books,Textbook,3,"₹1,206",25,2714,credit card,3,-
ORD00167,15-Apr-24,C0073,delhi,CLOTHING,Denim Jeans,2,"1,442.54",0," 2,885.09 ",Debit Card,NA,2
ORD00060,2024-04-05,C0057,bengaluru,GROCERY,Basmati Rice 5kg,2,507,0,"1,013.56",debit_card,4,3
ORD00612,02/11/2024,C0163,mumbai,ELECTRONICS,Power Bank,1,"1,409.79",5,"Rs. 1,339.30",COD,2,5
ORD00531,04/22/2025,C0065,Dehli,Electronics,Wireless Earbuds,1,"2,697.32",0%," 2,697.32 ",COD,?,5
ORD01792,2025-06-05,C0121,Bengaluru,ELECTRONICS,Power Bank,2,"₹1,335",0,"Rs. 4,152.41",Net Banking,5,3
ORD00050,2025-03-27,C0021,New Delhi,Groceries,Olive Oil 1L,1,₹766,missing,689.23, ,2,null
ORD01558,2024-04-12,C0425,Madras,BOOKS,Novel,2,414.65,0.20,INR 663.44,CC,5,3
ORD01212,04-Oct-24,C0420,Ahmedabad,Books,Cookbook,5,INR 594.77,5,"INR 2,825.14",netbanking,2,4
ORD00859,25/08/2024,C0497,Calcutta,Books,Cookbook,1, 618.21 ,0.15,525.48,COD,3,1
ORD01830,2025-03-04,C0257, Hyderabad,grocery,Basmati Rice 5kg,3,INR 527.08,0.20,"1,264.99",Net Banking,2,5
ORD00049,2025-05-25,C0074,AHMEDABAD,electronics,Wireless Earbuds,3,"Rs. 2,682.69",15%,6841,Net Banking,5,5
ORD00720,2025-02-22,C0294,kolkata,Home & Kitchen,Table Lamp,1,697.04,5,662,Cash on Delivery,2,1
ORD01238,2025-05-03,C0330,Amdavad,grocery,Basmati Rice 5kg,5,547.63,10%,"Rs. 2,464.32",Net Banking,1,4
ORD01445,29-Nov-24,C0199,KOLKATA,Electronics ,Smart Watch,2,"Rs. 3,955.98",25,"₹5,934",upi,1,5
ORD02294,2024-05-07,C0350,New Delhi,Electronics ,Wireless Earbuds,2,N/A,15%,"Rs. 4,411.85",netbanking,6,3
ORD01226,07-May-24,?,chennai,home,Table Lamp,2,704.73,0%,"₹1,409",COD,5,4
ORD00633,2025-06-05,C0190,BANGALORE,clothing,Running Shoes,1," 2,523.10 ",10,"2,270.79",CC,3,n/a
ORD02485,2024-03-16,C0453,CHENNAI,electronics,Wireless Earbuds,2,"2,729.02",10%,"Rs. 4,912.23",upi,2,3
ORD01539,2025-04-22,C0003,chennai,grocery,Basmati Rice 5kg,1,Rs. 506.53,0.10,455.88,Cash on Delivery,99,2
ORD02173,25/05/2025,C0496,delhi,Electronics,Power Bank,2,"1,297.91",25%,"1,946.87",Debit Card,6,?
ORD01074,12-Jul-24,C0254,Mumbai,BOOKS,Cookbook,1,INR 608.34,0%,608,credit card,6,3
ORD01548,18-Nov-24,C0217,AHMEDABAD,CLOTHING,Cotton Kurta,4,918.81,0.00,"3,675.23",Debit Card,3,3
ORD01353,26/02/2025,C0286,mumbai,CLOTHING,Denim Jeans,2,1576,15,2678,upi,4,3
ORD01870,20/04/2025,C0042,MUMBAI,Electronics,Smart Watch,1,"Rs. 3,689.00",5%,"₹3,505",Net Banking,1,4.5
ORD01054,"May 01, 2025",C0022,Madras,Clothing,Denim Jeans,1,"1,654.78",10," 1,489.30 ",credit card,1,5
ORD01746,2024-02-02,C0204,Mumbai,Home,Pressure Cooker,2,"2,805.76",5%,"5,330.94",CC,4,5
ORD02186,30/04/2025,C0023,Madras,ELECTRONICS,Smart Watch,1,"INR 3,815.01",0.00,"3,815.01",Debit Card,1,missing
ORD02684,"October 18, 2024",C0378,Bombay,GROCERY,Basmati Rice 5kg,1,₹536,0.00,Rs. 536.15,Net Banking,3,3
ORD01555,24-May-24,C0213,Kolkata,Grocery,Basmati Rice 5kg,4, 547.34 ,15,"3,603.49",UPI,4,5
ORD00298,11/02/2025,C0142,hyderabad,Electronics ,Power Bank,1,"₹1,286",N/A,"Rs. 1,157.82",COD,2,3
ORD02581,2024-12-16,C0457,Kolkata,Groceries,Coffee 500g,5,442.47,0%,"Rs. 2,212.35",Debit Card,99,3
ORD01865,2024-10-10,C0428, Mumbai ,Electronics,Smart Watch,missing,"₹4,044",0,"INR 4,044.33",Credit Card,3,3
ORD00959,2025-04-20,C0239,kolkata,Grocery,Olive Oil 1L,4,824.44,0.00,"₹3,298",Net Banking,4,4
ORD02664,2025-04-26,C0241,bengaluru,Electronics,Wireless Earbuds,2,"2,661.60",0,"Rs. 5,323.19",upi,5,5
ORD01272,2024-08-03,C0123, Bengaluru ,books,Novel,10,N/A,missing,,UPI,2,5
ORD00350,27/10/2024,C0418,kolkata,GROCERY,Coffee 500g,10,459.10,0.00,"4,590.99",Net Banking,1,null
ORD01310,"March 08, 2025",C0306,MUMBAI,BOOKS,Cookbook,1,₹695,0.05,659.97,Cash on Delivery,4,1
ORD00644,19-Sep-24,C0035,Calcutta,books,Cookbook,1,684,0%,Rs. 683.93,Cash on Delivery,2,4
ORD01111,11/06/2024,C0134,ahmedabad,Apparel,Cotton Kurta,3,-,0.05,"₹6,928",Net Banking,6,5
ORD01214,27/11/2024,C0485,Ahmedabad,clothing,Cotton Kurta,1,INR 913.47,0%,913.47,credit card,-,4
ORD02710,20/02/2024,C0057, Bengaluru ,Apparel,Denim Jeans,2,,0.00,"₹3,013",upi,5,5
ORD02228,2024-12-04,C0036,Mumbai,Electronics ,Power Bank,2,"1,284.71",0.00,"2,569.42",Credit Card,1,3
ORD01092,10/10/2024,C0260,Madras,Groceries,Basmati Rice 5kg,2,495.44,10,₹892,Credit Card,99,5
ORD01784,02/18/2024,C0177,mumbai,home,Pressure Cooker,10,"INR 2,922.78",0,"INR 29,227.82",credit card,7,5
ORD02052,09/03/2024,C0234,AHMEDABAD,ELECTRONICS,Smart Watch,1,"₹4,325",0,"₹4,325",debit_card,2,1
ORD02423,07/28/2024,C0027,Hyderabad,BOOKS,Cookbook,1,₹627,5%,595,Net Banking,1,4
ORD02239,19/05/2024,C0061,Mumbai, Books,Novel,5,Rs. 397.85,10,"₹1,790",CC,3,5
ORD01612,2025-01-19,C0419,BANGALORE,ELECTRONICS,Power Bank,2,"1,230.49",0.10,"2,214.89",upi,5,
ORD00787,2024-02-04,C0103,Bombay,Home,Table Lamp,3,746.24,0.10," 2,014.86 ",Credit Card,3,NULL
ORD02749,2025-03-11,C0302,chennai,ELECTRONICS,Smart Watch,1,"Rs. 3,895.87",0%,3896,UPI,8,5
ORD00141,2024-02-10,C0247, Bengaluru ,Electronics ,Power Bank,4,"1,379.97",15,"Rs. 4,691.90",Credit Card,5,3
ORD00789,23-Apr-24,C0319,Hyderabad,Home & Kitchen,Bedsheet Set,5,"₹1,092",0,"5,459.76",COD,1,missing
ORD01622,"July 18, 2024",C0050,Dehli,Books,Textbook,2,1156,0.00,"INR 2,311.49",UPI,4,NA
ORD02250,2024-03-14,C0308,AHMEDABAD,BOOKS,Novel,2,INR 379.89,5%,721.79,credit card,1,5
ORD00715,not recorded,C0254,Bombay, Books,Cookbook,2,636.90,0%,"₹1,274",Cash on Delivery,3,5
ORD02358,31/02/2024,C0190, Bengaluru ,Home,Bedsheet Set,4,"Rs. 1,135.45",5,"₹4,315",COD,3,4
ORD01615,22/01/2024,C0465,kolkata,grocery,Coffee 500g,5,Rs. 436.78,10,"₹1,966",COD,n/a,3
ORD01732,2024-08-18,C0296,Bangalore,Groceries,Coffee 500g,1,-,10,374.45,credit card,8,n/a
ORD01136,not recorded,C0487,hyderabad,Home & Kitchen,Bedsheet Set,1,1317,10,"₹1,185",UPI, ,3
ORD00619,2025-03-04,nan,mumbai,Books,Textbook,1,"Rs. 1,169.20",5%,"1,110.74",UPI,2,4
ORD00407,"October 03, 2024",C0125,Bombay,clothing,Running Shoes,4,"2,187.95",10,7877,credit card,5,5
ORD01728,2024-07-20,NULL,Hyderabad,grocery,Coffee 500g,2, 419.02 ,0,INR 838.03,Net Banking,8,5
ORD02508,2024-04-25,C0248,Delhi,GROCERY,Basmati Rice 5kg,2,543.28,10,₹978,upi,missing,1
ORD01362,,C0068,Bangalore,Grocery,Olive Oil 1L,5,801.94,20,"₹3,208",Net Banking,6,4
ORD01994,03/07/2025,C0378,Bombay,HOME,Table Lamp,2,?,0.00,1443,debit_card,5,3
ORD00153,2025-02-24,C0498,Mumbai,Clothing,Running Shoes,3,null,0%," 7,238.61 ",netbanking,4,5
ORD00498,,C0012,Delhi,grocery,Olive Oil 1L,500,769.84,15%,327180,UPI,6,5
ORD00343,2024-03-21,C0127,mumbai, Books,Textbook,2,"1,298.69",0.00,"2,597.38",Debit Card,1,1
ORD01927,07/04/2025,C0427,Madras,GROCERY,Coffee 500g,2,,25,670.73,credit card,7,4
ORD02314,2024-08-25,C0352,Delhi,clothing,Cotton Kurta,2,893.81,0.10,"₹1,609",Cash on Delivery,6,nan
ORD00783,2024-04-19,C0140,BANGALORE,GROCERY,Coffee 500g, ,₹422,20%,675.55,COD,2,1
ORD01537,08-Jan-25,C0039,KOLKATA,home,Table Lamp,-2,764.21,-,0.00,netbanking,3,5
ORD00304,2024-13-45,C0255,Bombay,BOOKS,Cookbook,3,693.43,0.00,"2,080.29",CC,5,5
ORD01739,2024-08-12,C0341,MUMBAI, Books,Textbook,0,"1,135.86",NA,,UPI,7,3
ORD00665,13/11/2024,C0414,kolkata,BOOKS,Cookbook,2,₹657,0%,n/a,CC,5,N/A
ORD02845,31/01/2025,C0495,Bombay,Grocery,Olive Oil 1L,2,₹836,10%,1505,Net Banking,6,6
ORD01777,19/02/2024,C0419,BANGALORE,GROCERY,Olive Oil 1L,3,735.87,10,"INR 1,986.84",Debit Card,NULL,N/A
ORD01504,12/06/2024,C0235, Mumbai ,Electronics ,Power Bank,1,"1,290.37",10%,1161,Cash on Delivery,7,3
ORD02817,2024-05-15,C0140,Bangalore,Groceries,Olive Oil 1L,nan,nan,0,"₹1,435",CC,3,3
ORD00085,31/02/2024,C0311, Mumbai , Books,Textbook,2,"1,168.52",0,2337,missing,N/A,5
ORD02259,not recorded,C0350,NEW DELHI,ELECTRONICS,Smart Watch,1," 3,855.29 ",0.00,"3,855.29",CC,4,4
ORD00942,14-Nov-24,C0316,HYDERABAD,Clothing,Running Shoes,3,"Rs. 2,441.71",0.00,7325,debit_card,8,4
ORD00962,2024-09-17,C0180,hyderabad,Electronics ,Wireless Earbuds,1,"2,289.21",0,"Rs. 2,289.21",credit card,2,5
ORD00842,2024-12-04,C0096,Amdavad,Clothing,Cotton Kurta,null, 821.79 ,0.10,"2,218.82",Cash on Delivery,8,1
ORD01399,22/03/2024,C0335,ahmedabad,ELECTRONICS,Wireless Earbuds,1,"2,480.25", ,"2,480.25",Credit Card,0,5
ORD02426,2024-02-24,C0263,Kolkata,Groceries,Coffee 500g,2,Rs. 447.14,null,NA,netbanking,3,n/a
ORD01222,2024-03-16,C0402,Chennai,Books,Cookbook,5,604.32,NA,"₹3,022",netbanking,6,N/A
ORD01335,"June 03, 2024",C0030, Hyderabad,Home & Kitchen,Pressure Cooker,2,"2,916.43",10%,"5,249.57",credit card,1,2
ORD00291,2025-06-16,C0311,Mumbai,Apparel,Running Shoes,1," 2,346.08 ",0.00,"2,346.08",COD,1,5
ORD01878,2025-03-04,C0414,Calcutta,Grocery,Olive Oil 1L,2,764.15,0.10,"₹1,375",credit card,1,4
ORD01174,15/08/2024,C0129, Hyderabad,Home & Kitchen,Pressure Cooker,2,2652,0.10,"₹4,773",netbanking,3,5
ORD00605,"October 28, 2024",C0186,HYDERABAD,Clothing,Running Shoes,1,"2,245.10",0.00,"INR 3,511.90",CC,5,5
ORD02084,,C0134,Ahmedabad,Apparel,Cotton Kurta,1,₹900,0.00,Rs. 900.22,COD,5, 
ORD00917,06-Mar-25,C0218,CHENNAI,Electronics ,Smart Watch,2,"4,040.45",5,7677,CC,8,4.5
ORD01308,20-Jun-24,C0123,Bengaluru,ELECTRONICS,Smart Watch,1,"₹3,860",0.10,"3,473.89",COD,1,5
ORD01715,19-Apr-25,C0059,Mumbai,Clothing,Denim Jeans,1,"1,440.92",?,"1,224.78",Debit Card,3,4
ORD01089,2024-04-15,C0339,Ahmedabad, Books,Novel,1,Rs. 432.39,25%,₹324,debit_card,8,n/a
ORD02543,2024-04-06,C0280, Mumbai ,Electronics,Smart Watch,4,"4,029.26",10%,"14,505.35",Debit Card,7,5
ORD02330,28-Mar-24,C0192, Mumbai ,Home & Kitchen,Bedsheet Set,3,"Rs. 1,147.80",5,"5,988.92",credit card,3,3
ORD00822,11/02/2025,n/a,Bengaluru,Electronics ,Power Bank,4,"INR 1,303.14",0.05,"Rs. 4,951.94",COD,7,5
ORD02518,2024-06-11,C0401,kolkata,Groceries,Olive Oil 1L,1, 812.59 ,0,812.59,Cash on Delivery,1,4
ORD01001,25/01/2024,C0412,Calcutta,Home & Kitchen,Table Lamp,1,null,0%,INR 695.03,credit card,4,1
ORD01408,"January 17, 2025",C0165,Mumbai,Home & Kitchen,Pressure Cooker,2, ,0,"Rs. 5,728.89",credit card,2,3
ORD00019,2024-11-17,C0495,mumbai,electronics,Wireless Earbuds,2,"2,679.93",10%,"₹10,472",netbanking,0,?
ORD02081,,C0278,Madras,Books,Novel,1,Rs. 399.44,10%,₹359,credit card,8,4.5
ORD02274,"June 03, 2024",C0218,Madras,HOME,Pressure Cooker,2,2846,0,"5,692.79",CC,3,5
ORD01721,2024-08-29,C0414,Calcutta,grocery,Coffee 500g,1,₹420,5,Rs. 399.44,Credit Card,1,NULL
ORD01317,"January 17, 2025",C0074,AHMEDABAD,clothing,Denim Jeans,3,"Rs. 1,651.57",25%,"3,716.04",upi,7,4
ORD01737,2024-06-05,C0480,delhi,Grocery,Olive Oil 1L,NULL,₹729,0.05,₹692,credit card,2,?
ORD01503,2024-11-18,C0126,hyderabad, Books,Novel,5,₹388,10%,"Rs. 1,746.15",Credit Card,NA,3
ORD01704,03/17/2024,C0405,CHENNAI,GROCERY,Coffee 500g,2,₹429,0.20,₹687,Credit Card,5,missing
ORD01560,2024-11-01,C0163,Bombay,home,Bedsheet Set,1,"1,260.44",5,"1,197.42",COD,6,4
ORD02114,29-May-24,C0478,Madras,electronics,Power Bank,1,"₹1,284",0.00,"₹1,284",debit_card,3,5
ORD01430,08/07/2024,C0352,New Delhi,Electronics ,Smart Watch,1,"3,658.61",0.00,"Rs. 3,658.61",Cash on Delivery,2,5
ORD01993,2024-08-05,C0077,KOLKATA,CLOTHING,Denim Jeans,1,"₹1,585",0.00,1585,Debit Card,2,5
ORD00361,02/16/2025,C0050,delhi,clothing,Cotton Kurta,2,INR 925.07,,1850,CC,3,2
ORD02611,15/05/2024,C0429,Madras,clothing,Cotton Kurta,2, 982.45 ,0.05," 1,866.65 ",credit card,1,4
ORD02550,05/09/2024,C0355,NEW DELHI,home,Bedsheet Set,1,"1,190.49",0.10,"₹1,071",Debit Card,2,4
ORD01611,2024-09-11,C0174,Delhi,Electronics ,Wireless Earbuds,3,"₹2,508",0.10,"INR 6,772.45",Net Banking,3,3
ORD01318,,,MUMBAI,books,Cookbook,2,₹613,0.05,1164,Cash on Delivery,2,4
ORD01645,"April 04, 2024",C0386, Bengaluru ,Home & Kitchen,Table Lamp,1,744.37,0,INR 744.37,CC,5,3
ORD00345,2024-01-30,C0401,Calcutta,Groceries,Olive Oil 1L,5, 852.50 ,0.00,"₹4,263",UPI,4,3
ORD00987,23-May-25,C0337, Mumbai , Books,Novel,1,421,10%,₹379,Credit Card,4,6
ORD02338,29/08/2024,C0013,MUMBAI,Electronics ,Smart Watch,1,"3,783.15",0.05,"INR 3,593.99",credit card, ,N/A
ORD01798,2025-04-18,C0409,Bombay,Groceries,Olive Oil 1L,1,Rs. 783.57,0.00,784,netbanking,5,4
ORD01392,2025-05-18,C0342,KOLKATA,Books,Cookbook,2,₹614,0.10,"1,105.32",credit card,6,missing
ORD01988,05/03/2024,C0121,Bengaluru,BOOKS,Novel,,388.30,10,₹349,upi,5,3
ORD02421,15-Feb-25,C0425,Madras,grocery,Coffee 500g,2,₹427,0.05,Rs. 811.20,CC,3,5
ORD01657,2024-11-17,C0014,mumbai,Electronics,Smart Watch,2,"₹3,966",5%," 7,534.87 ",debit_card,missing,NULL
ORD00086,24/06/2025,C0280,Bombay, Books,Cookbook,4,₹674,25%,"₹2,021",upi,1,2
ORD02108,2025-03-20,C0096,Ahmedabad,GROCERY,Coffee 500g,3,406.57,0.05,2892,Debit Card,4,1
ORD00669,14/03/2025,C0073,NEW DELHI,Grocery,Olive Oil 1L,2,Rs. 762.76,0%,"1,525.52",upi,3,5
ORD01015,"February 21, 2024",C0403,kolkata,home,Pressure Cooker,2,"3,022.88",20,"₹4,837",Credit Card,2,1
ORD00129,02/11/2025,C0454,hyderabad,Electronics ,Wireless Earbuds,2,"2,433.59",0,"4,867.18",CC,null,3
ORD01963,03/03/2025,C0435,Ahmedabad,Grocery,Olive Oil 1L,5,Rs. 779.93,0%,"₹3,900",UPI,5,6
ORD02620,26-Mar-24,C0480,delhi,Electronics,Wireless Earbuds,4,"₹2,592",0.10,"Rs. 9,329.48",Cash on Delivery,6,5
ORD00892,"August 23, 2024",C0426,Bombay,books,Novel,2,430.86,0.10,₹776,Credit Card,6,5
ORD01908,2024-13-45,C0104,New Delhi,ELECTRONICS,Smart Watch,4,4207,5%,15985,debit_card,4,3
ORD00308,"June 18, 2025",C0039,kolkata,Groceries,Coffee 500g,5,423.40,5,"2,011.17",Debit Card,2,3
ORD00384,2024-02-11,C0286,mumbai,Home,Pressure Cooker,4,2753,25%,"8,258.76",CC,1,NA
ORD01922,27-Apr-24,C0310,Mumbai,Electronics ,Smart Watch,4,"₹3,943",N/A,n/a,debit_card,1,2
ORD01508,"December 31, 2024",C0204,Bombay,Clothing,Denim Jeans,2,"1,753.20",15%,"6,872.69",COD,1,NULL
ORD00427,28/08/2024,NULL,Bombay,electronics,Wireless Earbuds,2,2339,0.00,4678,Net Banking,5,4
ORD00495,02/13/2025,C0231,Delhi,ELECTRONICS,Wireless Earbuds,2,"INR 2,258.76",0%,"₹4,518",CC,3,2
ORD02072,05/23/2024,C0341, Mumbai ,BOOKS,Novel,2, 427.58 ,n/a,769.64,upi,5,
ORD02481,2024-08-25,C0240,Mumbai,home,Table Lamp,3,736.92,0.00,"2,210.77",upi,2,N/A
ORD02243,12/04/2025,C0100,Mumbai,Clothing,Cotton Kurta,1,985.57,10,887,debit_card,1,0
ORD01321,14/07/2024,C0192,Bombay,BOOKS,Cookbook,3,Rs. 598.76,0%,"1,796.27",COD,2,4
ORD01367,07-Nov-24,C0202,bengaluru,Clothing,Denim Jeans,5,"₹1,635",0.25,"₹6,131",netbanking,3,3
ORD00276,08/10/2024,C0134,Ahmedabad,electronics,Smart Watch,4,4108,0,"16,433.23",Credit Card,,n/a
ORD00490,2024-01-11,C0285,bengaluru,books,Novel,2,362.75,5%,689.22,debit_card,5,2
ORD01274,21/02/2024,C0016,Mumbai,GROCERY,Olive Oil 1L,1,792.60,0.00,Rs. 792.60,credit card,4,3
ORD00691,03/09/2024,C0154,BANGALORE, Books,Novel,5,385,25,1446,credit card,2,5
ORD02021,06/08/2024,C0001, Mumbai ,Books,Novel,1,INR 433.89,10%,390.50,CC,0,2
ORD01211,01/31/2024,C0439,Amdavad,GROCERY,Basmati Rice 5kg,1,564, ,Rs. 508.02,Debit Card,1,1
ORD01753,"April 16, 2024",C0051,Bangalore,books,Textbook,3,"1,354.39",0%,"Rs. 9,862.74",Credit Card,3,2
ORD02251,2024-07-05,C0369,Dehli,clothing,Cotton Kurta,1,896,0,₹896,UPI,missing,NULL
ORD02124,12-Dec-24,C0424,Calcutta,BOOKS,Novel,1, 419.61 ,-, 398.63 ,UPI,4,NA
ORD01059,"August 28, 2024",C0086,Madras,books,Textbook,3,"1,187.23",25%,"2,671.27",Credit Card,3,5
ORD00119,2024-12-22,C0227,Amdavad,BOOKS,Cookbook,2,674.10,10%,"1,213.38",UPI,3,4
ORD01025,31/02/2024,C0235, Mumbai ,Books,Cookbook,5,676.98,5,"₹3,216",Cash on Delivery,6,5
ORD01607,23/10/2024,C0486,MUMBAI,electronics,Power Bank,2,1191,10,2143,COD,3,2
ORD00282,05-Feb-24,C0111,Dehli,CLOTHING,Denim Jeans,1,"1,758.72",0," 1,758.72 ",netbanking,1,5
ORD01573,2024-12-17,C0249,HYDERABAD,grocery,Coffee 500g,5,391.72,0.00,"1,958.62",NULL,1,3
ORD02383,2025-01-28,C0153,Mumbai,Clothing,Denim Jeans,1,"₹1,565",10,"Rs. 1,408.70",debit_card,6,3
ORD00969,15-Dec-24,C0146,hyderabad,home,Pressure Cooker,1, ,25,"2,272.24",debit_card,8,5
ORD02454,2025-01-01,C0204, Mumbai ,home,Bedsheet Set,1,"1,080.93",?," 1,080.93 ", ,6,2
ORD01625,2024-08-15,C0003,Madras,Home & Kitchen,Bedsheet Set, ,"1,307.71",0,"Rs. 5,905.35",UPI,6,6
ORD02094,19-Feb-25,C0357, Mumbai , Books,Cookbook,2,638,0%,"₹1,276",debit_card,1,5
ORD02117,01/06/2025,C0169, Bengaluru ,Electronics,Wireless Earbuds,5,"₹2,639",0,"Rs. 13,194.48",?,5,4
ORD00305,29-Jun-24,C0352,New Delhi,Groceries,Olive Oil 1L,2,INR 806.99,0.00,"1,613.98",COD,4,2
ORD02104,04/22/2024,NA, Bengaluru ,home,Bedsheet Set,1,"₹1,186",0,,COD,4,3
ORD02293,2025-02-22,C0225,ahmedabad,Books,Textbook,4,missing,10%,"4,185.78",UPI,3,3
ORD01588,25/07/2024,C0197,chennai,home,Bedsheet Set,1,"1,293.12",0.10,"1,163.81",Credit Card,6,6
ORD02285,19/12/2024,C0323,BANGALORE,Groceries,Basmati Rice 5kg,1,?,0.10,₹515,Credit Card,5,4.5
ORD01438,2024-05-13,C0308,AHMEDABAD,home,Table Lamp,1,736,0%,₹736,Net Banking,1,5
ORD00576,"November 01, 2024",C0469,mumbai,home,Bedsheet Set,3,"₹1,264",0.10," 3,413.51 ",Net Banking,5,5
ORD01961,18-Sep-24,C0038,Madras,BOOKS,Novel,1,₹402,missing,Rs. 301.83,Credit Card,NA,3
ORD02899,2024-12-06,C0256,Delhi,clothing,Cotton Kurta,4,832.81,20,"2,665.00",Cash on Delivery,2,5
ORD02678,2024-08-28, ,Hyderabad,Books,Textbook,1,"₹1,366",?,"1,161.16",Cash on Delivery,2,4
ORD02034,2024-04-09,C0300,MUMBAI,Groceries,Olive Oil 1L,1,856.53,0.00,856.53,Debit Card,2,missing
ORD01458,23/01/2024,C0352,Dehli,Clothing,Cotton Kurta,2,965,0.00,NULL,UPI,5,5
ORD00844,2024-01-22,C0420,Amdavad,electronics,Power Bank,1,"₹1,387",0,"₹1,387",Net Banking,4,4
ORD01327,2024-11-15,C0016,MUMBAI,Electronics ,Wireless Earbuds,4,"2,529.00",-,"₹8,599",Credit Card,5,5
ORD00270,30-Apr-24,C0102,Bangalore,Apparel,Cotton Kurta,1,₹928,0%,928.07,netbanking,6, 
ORD00630,01/29/2025,C0131,delhi,ELECTRONICS,Power Bank,2,"Rs. 1,185.06",0.00,"₹2,370",Debit Card,2,1
ORD01034,2024-08-08,C0046,chennai,home,Table Lamp,1,Rs. 799.06,0.00,799.06,UPI,3,5
ORD00287,2024-02-11,C0330,Ahmedabad, Books,Cookbook,5,712.91,0.15,3030,debit_card,2,missing
ORD02257,16-Feb-25,C0110,Mumbai,CLOTHING,Denim Jeans,2,"1,531.26",0%,N/A,netbanking, ,5
ORD00301,15/03/2024,C0277,hyderabad,Electronics,Power Bank,10,"1,347.52",5,"INR 12,801.41",netbanking,2,4
ORD01422,2025-01-01,C0215,Bombay,Electronics,Power Bank,2,"1,426.99",0%,2854,debit_card,1,5
ORD02547,"September 06, 2024",C0325,Bangalore,Electronics,Smart Watch,5,"3,877.59",0%,19388,CC,2,4
ORD02029,"May 11, 2024",C0153, Mumbai ,Home,Bedsheet Set,2,,10," 2,330.72 ",Debit Card,2,4
ORD00066,20/05/2025,C0371, Mumbai ,Electronics ,Power Bank,1,"INR 1,258.95",0,"1,258.95",UPI,99,5
ORD02604,2024-02-04,C0355,New Delhi,ELECTRONICS,Power Bank,1,"Rs. 1,274.56",0.00,"₹1,275",Credit Card,2,2
ORD00891,2025-02-01,C0186,hyderabad, Books,Textbook,2,1164,0.05,"2,210.89",Debit Card,3,?
ORD01567,2024-03-19,C0334,Bombay,home,Pressure Cooker,2,"INR 2,539.99",0,"₹5,080",Debit Card,1,NA
ORD02633,"February 05, 2025",C0397,BANGALORE,grocery,Coffee 500g,,391,10%,₹705,debit_card,99,2
ORD02706,25/06/2024,C0131,Dehli,electronics,Smart Watch,1,"4,389.83",null,4390,UPI,2,1
ORD01557,2024-06-28,C0490,Amdavad,Clothing,Running Shoes,5,N/A,0%,"11,307.53",Cash on Delivery,2,3
ORD00231,02/10/2024,C0281,Delhi,Home,Bedsheet Set,2,"Rs. 1,102.09",10,"1,983.77",CC,3,1
ORD00504,"September 14, 2024",C0237,Hyderabad,books,Cookbook,2,663.71,0,"₹1,327",Credit Card,-1,4
ORD02534,18/10/2024,C0405,Madras,Home,Table Lamp,1,751,0%,751,debit_card,1,NULL
ORD01423,2025-02-01,C0465,Kolkata,Apparel,Cotton Kurta,2, 984.15 ,25%,"1,476.23",Cash on Delivery,3,4
ORD02488,07/07/2024,C0270,AHMEDABAD,home,Pressure Cooker,4," 2,647.10 ",0%,"10,588.41",debit_card,7,6
ORD01358,"February 21, 2025",C0027,Hyderabad,Home & Kitchen,Bedsheet Set,-2,"1,258.08",20%,0.00,Debit Card,3,4
ORD01005,19-May-24,C0283,ahmedabad,Electronics,Wireless Earbuds,1,"Rs. 2,727.41",25,"2,045.56",netbanking,8,0
ORD00837,22-Jun-25,C0222,ahmedabad,Groceries,Olive Oil 1L,2,751.31,n/a,1127,COD,7,5
ORD02167,02/06/2025,C0432,AHMEDABAD,BOOKS,Textbook,1,"1,282.84",0,"₹1,283",debit_card,0,1
ORD00375,2024-06-02,C0236,HYDERABAD,Home,Bedsheet Set,2,,0.00,"₹2,188",Debit Card,4,4
ORD01805,2024-03-27,C0356,Chennai,GROCERY,Basmati Rice 5kg,1,₹568,0%,Rs. 568.36,upi,7,2
ORD02156,2024-01-24,C0036, Mumbai ,Home & Kitchen,Pressure Cooker,1,"2,839.01",0.10,"2,555.11",,2,4
ORD01874,2024-05-26,C0500,Mumbai,GROCERY,Basmati Rice 5kg,1,523,0.00,Rs. 522.61,UPI,2,4
ORD01892,13/11/2024,C0164,Bengaluru,Home & Kitchen,Bedsheet Set,4,"Rs. 1,278.40",5%,"Rs. 4,857.92",Debit Card,1,1
ORD02116,2025-03-30,C0177, Mumbai ,home,Bedsheet Set,1,"1,128.55",5%,"INR 1,072.12",debit_card,n/a,3
ORD00752,2025-04-03,C0333,Delhi,books,Textbook,3,"₹1,214",5,"₹3,460",credit card,4,n/a
ORD00100,"July 03, 2024", ,BANGALORE,ELECTRONICS,Power Bank,2,1297,20%,"2,075.99",Credit Card,1,5
ORD01809,2024-02-26,C0460,Hyderabad,Home & Kitchen,Table Lamp,1,₹776,0,775.74,UPI,6,3
ORD00867,2024-09-03,C0131,New Delhi,BOOKS,Textbook,1,1367,25,1025,netbanking,7,-
ORD00911,2024-01-20,C0015,delhi,CLOTHING,Cotton Kurta,4,INR 893.19,0.10,"3,215.48",Debit Card,6,5
ORD01393,2024-03-30,C0498, Mumbai ,GROCERY,Coffee 500g,5,419,5%,"Rs. 1,992.27",upi,2,3
ORD00530,2024-07-10,C0377,Kolkata,Home & Kitchen,Table Lamp,2,757.39,0.05,1439,credit card,2,3
ORD00637,2025-02-12,C0297,New Delhi,Electronics,Smart Watch,2,3900,10%,nan,Debit Card,8,0
ORD00186,2025-05-24,C0056,Kolkata,GROCERY,Olive Oil 1L,3,null,0%,"Rs. 2,520.46",debit_card,3,?
ORD02115,2024-04-28,C0007, Mumbai , Books,Textbook,1,"Rs. 1,214.39",5%,"Rs. 1,153.67",Credit Card,2,5
ORD01478,18/02/2024,C0377,KOLKATA,BOOKS,Cookbook,5,Rs. 694.52,0.25,"2,604.44",Debit Card,2,nan
ORD00932,"December 02, 2024",C0303, Bengaluru ,HOME,Pressure Cooker,1,"Rs. 2,806.45",0.10,"₹2,526",upi,6,NA
ORD01454,2025-03-27,C0449,HYDERABAD,Home & Kitchen,Bedsheet Set,2,1089,0.00,"₹2,179",Cash on Delivery,4,4
ORD02343,2024-06-19,C0134,Ahmedabad,electronics,Smart Watch,1,"₹4,095",10,"Rs. 3,685.77",debit_card,2,2
ORD02366,31/03/2024,C0115,Dehli,Groceries,Basmati Rice 5kg,1,₹516,0.25,Rs. 386.68,COD,2,4
ORD02449,2024-01-13,C0445,Mumbai,electronics,Smart Watch,4," 4,274.69 ",5,"₹16,244",Debit Card,0,4
ORD02113,2024-08-15,C0190,Bangalore,books,Textbook,4,"Rs. 1,222.55",20%,missing,Cash on Delivery,0,4
ORD00608,2025-03-23,C0085,Bangalore, Books,Novel,3,369.57,0.15,942.41,NA,1,5
ORD01965,28/10/2024,C0475,MUMBAI,Electronics ,Smart Watch,missing,"INR 4,057.88",5,"3,854.99",Net Banking,7,3
ORD00152,23/09/2024,C0154,Bengaluru,clothing,Running Shoes,2,"2,270.61",0.00,"INR 4,541.22",Net Banking,2,3
ORD01589,"August 14, 2024",C0344,Hyderabad,Home,Pressure Cooker,1,2874,nan,"2,586.81",Net Banking,1, 
ORD02188,2024-11-10,C0037,Calcutta,BOOKS,Novel,2,Rs. 369.29,0,738.58,UPI,nan,5
ORD00732,2024-06-19,C0220,bengaluru,Groceries,Olive Oil 1L,5,828,10%,3728,Credit Card,6,4
ORD02035,2024-07-23,C0105,AHMEDABAD,Books,Novel,1,378.96,10,341.06,netbanking,1,5
ORD02704,2024-05-18,C0251,Delhi,CLOTHING,Running Shoes,1,"2,438.48",10%,"₹2,195",Cash on Delivery,3,6
ORD02785,"June 16, 2024",C0456,CHENNAI,BOOKS,Textbook,-2,"Rs. 1,333.74",0.10,₹0,Net Banking,8,4
ORD00024,14/03/2025,C0362,bengaluru,Groceries,Olive Oil 1L,2,757.22,5,"Rs. 1,438.73",credit card,NA,4
ORD01744,"September 11, 2024",C0463,ahmedabad,electronics,Wireless Earbuds,2,2656,0.05,"₹5,047",debit_card,3,4
ORD00159,2024-07-04,C0215,mumbai,Books,Novel,1,436.13,10,,Net Banking,7,1
ORD00862,"December 09, 2024",C0008,ahmedabad,BOOKS,Novel,2,Rs. 397.96,0.10,716.33,Net Banking,5,4
ORD00903,2025-06-23,C0284,mumbai,Grocery,Basmati Rice 5kg,1,₹522,0,522,netbanking,3,5
ORD01506,2025-01-10,C0143, Mumbai ,books,Novel,4,Rs. 415.99,5%," 1,580.76 ",upi,4,1
ORD01231,2025-04-02,C0229,Delhi,Home & Kitchen,Table Lamp,10, 781.85 ,15%," 6,645.70 ",Cash on Delivery,3,1
ORD02712,2024-06-02,C0070,HYDERABAD,Groceries,Coffee 500g,2,₹452,20,₹724,netbanking,3,5
ORD00445,"August 27, 2024",C0025,Calcutta,electronics,Wireless Earbuds,2,"2,488.85",0.10," 4,479.93 ",CC,5,4
ORD02996,,C0486,mumbai,BOOKS,Novel,3,359.63,20,863,Net Banking,4,5
ORD00755,16/10/2024,C0416,KOLKATA,Home & Kitchen,Pressure Cooker,1,"₹2,637",10%,"INR 2,373.50",CC,3,4
ORD00924,19-Mar-25,C0017,Bengaluru,Clothing,Denim Jeans,1,"Rs. 1,671.34",0.20,"1,337.07",upi,3,4
ORD01006,2025-04-12,C0094,Madras,books,Textbook,1,1300,0%,"1,299.80",Credit Card,3,missing
ORD02148,12/02/2024,C0463,Ahmedabad,Electronics,Power Bank,2,?,15," 2,335.87 ",CC,2,2
ORD00312,2024-08-01,C0450,Ahmedabad,clothing,Running Shoes,4,"₹2,122",0.00,"8,489.26",netbanking,3,n/a
ORD00549,not recorded,C0478,Madras,electronics,Smart Watch,3,"₹4,345",10%,"11,731.06",CC,4,0
ORD02038,2024-03-04,C0286,Mumbai,home,Table Lamp,1,729.87,0.10,₹657,upi,3,5
ORD02255,25/01/2025,C0337, Mumbai ,Groceries,Basmati Rice 5kg,5,507.81,0.00,"₹2,539",CC,3,4
ORD00307,2025-01-13,C0190,BANGALORE,Groceries,Coffee 500g,1,INR 462.36,0%,462,CC,2,missing
ORD00288,"March 07, 2024",C0354,mumbai,Home,Pressure Cooker,2,"₹2,546",0%,"Rs. 5,091.37",Cash on Delivery,4,5
ORD00695,"December 28, 2024",C0351, Hyderabad,Groceries,Olive Oil 1L,1, 746.50 ,5%,₹709,N/A,1,4
ORD00309,2024-11-20,C0244,HYDERABAD,clothing,Denim Jeans,3,"Rs. 1,470.24",NULL,"3,749.12",netbanking,1,N/A
ORD02368,2025-05-26,C0160,CHENNAI,books,Novel,1,390,10%,351,UPI,2,2
ORD00750,"June 10, 2024",C0082,KOLKATA,grocery,Olive Oil 1L,5,733.67,0.15,"3,118.08",credit card,2,NULL
ORD01510,2024-08-09,C0460,Hyderabad,home,Table Lamp,3,805,5%,"Rs. 5,458.44",Cash on Delivery,7,4
ORD01411,07/10/2024,C0234,Amdavad,BOOKS,Textbook,1,"₹1,332",25%,₹999,debit_card,3,4
ORD01592,19-Aug-24,C0196,MUMBAI,grocery,Basmati Rice 5kg,4,590.85,0.15," 2,008.88 ",upi,2,3
ORD00909,17/06/2024,C0062,Amdavad,grocery,Basmati Rice 5kg,2,589,5%,"1,119.97",Debit Card,99,3
ORD02967,"September 10, 2024",C0195,Ahmedabad,electronics,Smart Watch,1,"Rs. 3,852.48",15%,"3,274.61",CC,7, 
ORD02577,2024-12-04,C0126,Hyderabad,Home & Kitchen,Table Lamp,4,Rs. 694.60,0.25,"2,083.80",Net Banking,3,5
ORD01352,2025-02-16,C0288,Bombay,CLOTHING,Cotton Kurta,1,₹860,5%,₹817,debit_card,2,5
ORD02720,"January 29, 2024",C0220,Bangalore,grocery,Coffee 500g,1,N/A,5,₹383,Cash on Delivery,5,4
ORD00971,2024-12-09,C0022,chennai, Books,Cookbook,5,?,15,"Rs. 2,626.08",Debit Card,5,4
ORD00014,05/02/2024,C0349,Mumbai,Apparel,Denim Jeans,2,1486,10%,2674,Debit Card,5,0
ORD00874,02/06/2024,C0477,KOLKATA,books,Cookbook,1,641,0%,641,Net Banking,2,n/a
ORD00809,"October 31, 2024",C0003,CHENNAI,ELECTRONICS,Smart Watch,2,null,0.10,"6,888.05",debit_card,8,3
ORD02632,01/03/2025,C0134,ahmedabad,clothing,Running Shoes,2,"₹2,392",0.00," 8,196.73 ",Debit Card,n/a,3
ORD00515,17/02/2025,C0132,Hyderabad,Home & Kitchen,Pressure Cooker,4," 2,592.64 ",20,8296,UPI,3,?
ORD02462,04/09/2024,C0262,Kolkata,Books,Textbook,1,"1,306.38",5%,"₹1,948",UPI,3,4
ORD00410,24-Sep-24,C0482,mumbai,ELECTRONICS,Smart Watch,1,"₹4,337",10%,"₹3,903",credit card,2,3
ORD01456,2025-02-22,null,MUMBAI,CLOTHING,Cotton Kurta,3,941.28,0.15,"₹2,400",COD,6,missing
ORD02307,2025-06-03,C0356,CHENNAI,HOME,Pressure Cooker,2,"2,831.85",0%,5664,Net Banking,2,2
ORD01379,"January 19, 2024",C0330,AHMEDABAD,HOME,Table Lamp,2,752.39,0.05," 1,429.54 ",Net Banking,4,4
ORD02741,2024-07-04,C0452,Bombay, Books,Textbook,1,1342,0.05,"1,274.77",Net Banking,6,5
ORD01414,23/03/2024,C0040, Mumbai ,CLOTHING,Denim Jeans,2,"₹1,710",20%,2736,UPI,4,4
ORD02322,10/22/2024,C0030,HYDERABAD,Books,Cookbook,2,₹629,0.10,"1,132.25",UPI,2,NA
ORD00383,2025-06-27,C0153,Mumbai,ELECTRONICS,Power Bank,1,"INR 1,392.68",null,"₹1,393",upi,2,4
ORD01652,23-Jan-25,C0050,Delhi,Apparel,Cotton Kurta,3,826.29,0.05,2355,CC,nan,NULL
ORD02233,2025-01-28,C0128,Chennai,Home,Pressure Cooker,1,"₹2,738",20,"Rs. 2,190.37",Net Banking,6,3
ORD01398,05/10/2024,C0396,MUMBAI,Books,Cookbook,1,622.20,0,622.20,Debit Card,1,2
ORD01946,28-Apr-25,C0237,hyderabad,Groceries,Basmati Rice 5kg,1,582.26,10,524,netbanking,4,?
ORD01427,2025-06-15,C0326, Hyderabad,BOOKS,Novel,5,374,0.00,"₹1,869",credit card,n/a,1
ORD00553,2024-08-14,null,MUMBAI,books,Novel,5,404.46,10,1820,Credit Card,3,0
ORD00223,2024-04-18,C0188, Hyderabad, Books,Textbook,3,"1,302.10",0.20,"₹3,125",Credit Card,2,5
ORD01097,2024-09-06,C0302,Chennai,Home & Kitchen,Bedsheet Set,1,"₹1,155",0.00,"INR 1,155.27",UPI,4,N/A
ORD02652,22-Mar-24,C0272,mumbai,clothing,Cotton Kurta,1,INR 900.52,0.10,810.47,upi,4,
ORD00009,2024-04-12,C0482, Mumbai ,home,Bedsheet Set,1,"1,225.57",0.25,919.18,Cash on Delivery,3,3
ORD01553,2024-03-30,C0243,BANGALORE,Groceries,Coffee 500g,4,INR 456.51,0%,"1,826.04",-,7,2
ORD00317,2024-11-11,C0494,BANGALORE,HOME,Table Lamp,1,808,0%,808.10,Net Banking,5,4
ORD00428,29-Jan-25,C0091,mumbai,clothing,Cotton Kurta,4,₹846,0.20,"2,708.11",netbanking,5,3
ORD02179,2025-06-16,C0251,NEW DELHI,clothing,Denim Jeans,2,"Rs. 1,703.94",5,"3,237.48",debit_card,4,NA
ORD00106,2024-01-04,C0068, Bengaluru ,books,Textbook,1,"1,362.71",0.20,"Rs. 1,090.17",Net Banking,8,5
ORD01457,06/23/2025,C0151,HYDERABAD,HOME,Table Lamp,2,INR 708.94,10%,"INR 1,276.09",netbanking,1,4
ORD00143,"October 26, 2024",C0366,mumbai,Home,Pressure Cooker,1,"Rs. 2,935.44",10%,2642,netbanking,4,?
ORD00122,22-Jul-24,C0423,Mumbai,ELECTRONICS,Wireless Earbuds,3,"₹2,382",0.00,"7,147.09",upi,1,3
ORD02419,2025-05-05,C0032,Amdavad,Clothing,Denim Jeans,1,N/A,10,"1,481.41",Net Banking,3, 
ORD02923,01-Aug-24,C0116,Mumbai,electronics,Smart Watch,1,4009,0,"Rs. 9,143.01",UPI,5,n/a
ORD01190,04/22/2025,C0020,Ahmedabad,Home & Kitchen,Pressure Cooker,2,"2,881.61",10,"INR 5,186.89",CC,5,5
ORD01992,21/04/2024,C0014,Mumbai,ELECTRONICS,Power Bank,2,N/A,0,"INR 4,668.17",netbanking,3,4
ORD02654,"March 22, 2025",C0415,Dehli,Grocery,Coffee 500g,1,427.94,10,385.15,UPI,0,missing
ORD01919,2024-03-11,C0372,hyderabad,Grocery,Coffee 500g,2,N/A,0%,920.85,upi,3,5
ORD00116,24/04/2025,C0160,chennai,ELECTRONICS,Wireless Earbuds,3," 2,296.01 ",5,"6,543.61",debit_card,4,3
ORD02999,"April 05, 2025",C0482,Bombay,Apparel,Running Shoes,1,"₹2,103",20%,"1,682.78",debit_card,7,5
ORD02830,13/01/2024,C0320, Hyderabad,grocery,Coffee 500g,5,₹388,0.15,"1,648.39",Debit Card,3,3
ORD02189,2025-01-04,C0148,Amdavad,grocery,Basmati Rice 5kg,1,598.62,0.00,598.62,Cash on Delivery,7,0
ORD02855,06/15/2025,C0133,Mumbai,Grocery,Olive Oil 1L,2,717,0%,"₹1,435",Credit Card,2,4
ORD01412,2024-02-16,C0269,Calcutta,Groceries,Olive Oil 1L,1,838.47,5%,Rs. 796.54,COD,4, 
ORD01678,not recorded,C0453,CHENNAI,Clothing,Cotton Kurta,5,Rs. 811.71,0.00,"4,058.57",CC,8,3
ORD01884,12/05/2024,C0254,mumbai,clothing,Running Shoes,2,"2,228.66",0%,"4,457.33",CC,5,1
ORD00673,2024-03-06,C0339,Amdavad,grocery,Basmati Rice 5kg,2,501.34,0%,"1,002.68",?,1,5
ORD01507,2025-01-10,C0026,Kolkata,BOOKS,Novel,1,nan,0.15,,credit card,6,3
ORD01712,"June 01, 2025",C0250,BANGALORE,Apparel,Denim Jeans,4,missing,NULL,"₹5,596",debit_card,6,3
ORD00592,2025-01-14,C0054,Calcutta, Books,Textbook,1,"1,217.37",0%,"Rs. 1,217.37",debit_card,4,4
ORD01476,01/12/2025,C0099,New Delhi,Groceries,Coffee 500g,2,₹433,15,736,debit_card,,1
ORD00889,2024-12-10,C0060,chennai,GROCERY,Coffee 500g,1,449.17,0.00,₹449,Cash on Delivery,8,?
ORD01841,2024-04-01,C0421,bengaluru,Home & Kitchen,Table Lamp,2,₹704,0.15,1197,Credit Card,8,4
ORD02803,"February 18, 2025",C0373, Hyderabad,Clothing,Denim Jeans,10,"1,695.95",15,"₹14,416",Net Banking,n/a,5
ORD01942,30/01/2024,C0400,delhi,books,Cookbook,1,674.68,0,₹675,CC,5,4
ORD00214,2024-10-06,C0090,Madras,Electronics,Power Bank,1,"1,230.10",0.20,984.08,Net Banking,0,NA
ORD00779,2024-04-16,C0041,Bangalore,Clothing,Denim Jeans,1,"1,461.41",0%,NA,Net Banking,NA,5
ORD02743,"April 20, 2025",C0062,Ahmedabad,Home & Kitchen,Table Lamp,3,691,0%,"Rs. 5,023.08",debit_card,4,5
ORD00801,2024-01-02,C0314,New Delhi,Books,Textbook,1,"₹1,307",0,"1,306.72",CC,5,2
ORD02531,"May 01, 2025",C0157,Madras,grocery,Basmati Rice 5kg,1,NA,NULL,₹449,Cash on Delivery,NA,3
ORD01703,2025-01-29,C0488,MUMBAI,Grocery,Coffee 500g,3, 443.81 ,0.05,"₹1,265",CC,1,1
ORD01818,12-Aug-24,C0121,Bengaluru,grocery,Basmati Rice 5kg,1,526.50,15%,448,UPI,2,1
ORD02331,"February 20, 2025",C0078,Hyderabad,BOOKS,Textbook,5,1138,0.15,"INR 4,834.56",Debit Card,3,4
ORD02717,16-Mar-25,C0063,MUMBAI,electronics,Wireless Earbuds,3,"2,714.83",10%,"7,330.04",CC,1,2
ORD02767,2024-02-10,C0341,mumbai, Books,Novel,1,₹435,0,₹435,UPI,4,5
ORD00274,2024-02-01,C0017, Bengaluru ,Home,Bedsheet Set,3,"1,265.02",10%," 3,415.55 ",UPI,5,5
ORD00072,03-May-25,C0403,kolkata,clothing,Cotton Kurta,1,936.01,0,"1,663.87",NA,7,NULL
ORD01877,2025-03-21,C0205,Bangalore,books,Novel,3,₹411,n/a,"1,233.47",debit_card,5,3
ORD01088,2025-01-25,C0386,bengaluru,electronics,Wireless Earbuds,1,2336,0.05,n/a,null,7,5
ORD00395,2025-03-29,C0424,kolkata,Grocery,Olive Oil 1L,4, 735.26 ,0%,"2,941.04",debit_card,null,-
ORD00584,22/08/2024,C0474,ahmedabad,home,Pressure Cooker,2," 2,742.65 ",0.00,"5,485.29",CC,2,2
ORD02059,18/09/2024,missing,Bombay,Apparel,Running Shoes,1," 2,438.87 ",10,2195,Credit Card,2,NA
ORD02064,29/10/2024,C0107,Kolkata,GROCERY,Basmati Rice 5kg,1,508,25,Rs. 380.68,netbanking,1,
ORD00501,2024-13-45,C0083,KOLKATA,HOME,Bedsheet Set,4,"₹1,266",15,N/A,COD,2,3
ORD02491,11/01/2025,C0150,ahmedabad,Home & Kitchen,Pressure Cooker,1,"2,628.91",0%,"₹2,629",credit card,-1,missing
ORD02269,14-Mar-25,C0444, Mumbai ,books,Novel,2,367.09,0%,₹734,Net Banking,2,4
ORD01299,2024-04-09,C0252,MUMBAI,Apparel,Running Shoes,1,2273,0.05,"2,159.80",COD,5,3
ORD02796,2025-01-14,C0126,hyderabad,HOME,Pressure Cooker,1,"2,690.96",0.00,"2,690.96",Credit Card,3,3
ORD01546,2024-12-02,C0238,Dehli,home,Table Lamp,1,₹768,0.00,768.48,Cash on Delivery,4,5
ORD01260,03/14/2025,C0129,Hyderabad, Books,Cookbook,1,632.80,0.05,601,credit card,7,1
ORD01689,03/01/2024,C0422,Mumbai,BOOKS,Novel,1, 408.56 ,15,347,netbanking,1,2
ORD02478,"May 01, 2024",C0396,mumbai,BOOKS,Novel,3,373.02,0%,"1,119.06",netbanking,null,1
ORD00206,2024-13-45,C0490,Ahmedabad,clothing,Denim Jeans,1,"₹1,633",5,NA,credit card,1,-
ORD00734,15/03/2025,C0106,CHENNAI,CLOTHING,Cotton Kurta,2,906.17, ,"1,631.11",credit card, ,2
ORD01597,05/25/2024,C0228,kolkata,Electronics,Wireless Earbuds,1,"2,582.48",0,"₹2,582",upi,1,5
ORD00527,"June 29, 2025",C0181,MUMBAI,Home,Bedsheet Set,1," 1,180.99 ",5," 1,121.94 ",upi,5,4
ORD02000,2024-03-31,C0483,chennai,books,Textbook,1,"1,199.59",0%,"Rs. 1,199.59",CC,2,3
ORD00899,13-Dec-24,NULL,ahmedabad,Groceries,Olive Oil 1L,1,730.04,0.00,nan,COD,5,2
ORD00378,07/05/2024,C0408,Bengaluru,ELECTRONICS,Smart Watch,2,"₹3,653",0.20,"₹5,845",netbanking,4,5
ORD01812,2025-03-31,C0258,Mumbai,CLOTHING,Cotton Kurta,5,INR 944.73,25%,"₹3,543",Debit Card,5,5
ORD02737,2024-01-15,C0191,mumbai,HOME,Bedsheet Set,1,"1,171.47",20,937,debit_card,3,4.5
ORD01519,2024-08-26,C0099,NEW DELHI,Groceries,Olive Oil 1L,10,Rs. 816.28,15,6938,netbanking,2,1
ORD00387,2024-09-08,C0499,Hyderabad,home,Pressure Cooker,5,2892,0.00,"₹14,462",CC,3,5
ORD00199,12-Jul-24,C0227,Ahmedabad,grocery,Basmati Rice 5kg,-2,602.16,0%,0,debit_card,2,5
ORD01051,09-May-25,C0227,AHMEDABAD,clothing,Denim Jeans,1,"1,493.82",10%,"1,344.44",CC,1,4
ORD00591,2024-12-30,C0339,AHMEDABAD,clothing,Denim Jeans,2,"INR 1,554.40",10,"2,797.91",debit_card,3,null
ORD00520,2024-09-25,C0047,ahmedabad,Clothing,Denim Jeans,2,"Rs. 1,441.04",0.05," 2,737.98 ",credit card,2,NA
ORD02707,2025-01-29,C0362,bengaluru,HOME,Bedsheet Set,1,1134,,907.10,CC,2,NA
ORD02746,17/02/2024,C0327,HYDERABAD,Apparel,Denim Jeans,3,"Rs. 1,451.19",0,"INR 4,353.56",Net Banking,3,4
ORD00430,2024-06-20,C0253,Ahmedabad,BOOKS,Textbook,1,"1,230.62",0.10,"₹1,108",netbanking,3,4
ORD01084,"April 29, 2024",C0209,chennai,BOOKS,Textbook,2,"1,345.65",0,"₹2,691",COD,4,2
ORD00208,15/05/2024,C0429,chennai,home,Table Lamp,3,722.64,15%,"INR 4,178.49",debit_card,1,2
ORD00492,29-Feb-24,C0488, Mumbai , Books,Textbook,-2,"1,295.45",10%, 0.00 ,netbanking,6,5
ORD01406,20/04/2025,C0034, Bengaluru ,Grocery,Olive Oil 1L,1, 799.85 ,0%,Rs. 799.85,upi,2,5
ORD02970,06/22/2025,C0478,Madras,home,Bedsheet Set,2,-,0,"2,562.54",Net Banking,6,5
ORD00793,06/18/2024,C0455,Bombay,CLOTHING,Denim Jeans,2,"1,522.26",15,"2,587.84",Cash on Delivery,5,4
ORD02544,2024-01-26,C0313,AHMEDABAD,Clothing,Running Shoes,1,"Rs. 2,283.60",0.25,"1,712.70",credit card,2,0
ORD01187,10-Sep-24,C0140,Bengaluru,Clothing,Denim Jeans,2,"1,635.00",0.15,"2,779.50",netbanking,4,NULL
ORD01186,06/02/2025,C0197,chennai,Electronics ,Smart Watch,1,"4,098.03",0%,"4,098.03",netbanking,n/a,NA
ORD01848,2025-04-07,C0003,Madras,Clothing,Cotton Kurta,1,INR 845.93,5%,803.63,netbanking,3,NA
ORD01413,08/12/2024,C0019,Chennai,HOME,Pressure Cooker,1,"2,637.78",0,"2,637.78",Credit Card,4,3
ORD02745,2025-01-03,C0407,KOLKATA,electronics,Power Bank,1,"₹1,367",10%,"₹1,230",CC,4,5
ORD00084,18/04/2024,C0317,HYDERABAD,home,Table Lamp,4,679,10%," 2,442.68 ",debit_card,nan, 
ORD02417,21-Apr-24,C0433,Chennai,Apparel,Running Shoes,1,"2,492.79",0,"2,492.79",Debit Card,5,N/A
ORD02272,29-Jan-24,C0064,chennai,GROCERY,Coffee 500g,5,₹451,NULL,"Rs. 1,804.51",CC,7,6
ORD00021,13/03/2024,C0234,ahmedabad,Apparel,Denim Jeans,1,"Rs. 1,575.12",10%,"1,417.61",debit_card,-1,3
ORD01451,"May 26, 2024",N/A,mumbai,ELECTRONICS,Smart Watch,1,4284,0.00,"4,283.93",Net Banking,4,2
ORD02902,2024-02-03,C0169,Bangalore,Electronics ,Wireless Earbuds,1,"2,642.70",0,"2,642.70",Debit Card,1,4
ORD02031,05-Nov-24,C0194,Bombay,BOOKS,Textbook,1,"1,188.89",10%,"₹1,070",Debit Card,1,5
ORD01227,2024-08-28,C0036,Mumbai,CLOTHING,Denim Jeans,10,"Rs. 1,533.37",0.00,"Rs. 15,333.73",credit card,4,5
ORD02030,2024-04-02,C0158, Mumbai ,home,Pressure Cooker,1,"INR 2,856.95",0.00,2857,COD,7,4
ORD00974,11/30/2024,C0238,NEW DELHI,Groceries,Basmati Rice 5kg,1,Rs. 508.71,10,457.84, ,NULL,NULL
ORD02847,25-Dec-24,C0286,mumbai,Books,Novel,1,Rs. 402.72,0%,403,netbanking,n/a,4.5
ORD00884,31-Jan-24,C0452,MUMBAI,Books,Cookbook,1,₹701,10,₹631,netbanking,0,5
ORD01099,25/08/2024,C0231,New Delhi,electronics,Wireless Earbuds,1,2409,0.00,"2,409.15",upi,4,4
ORD00157,2024-08-02,C0048,Calcutta,Groceries,Basmati Rice 5kg,5,558.61,0.05,"2,653.41",null,6,5
ORD02324,2024-11-16,C0088,delhi,Apparel,Running Shoes,3," 2,232.93 ",nan,6699,Net Banking,2,2
ORD00887,18-Feb-25,C0060,Madras,Clothing,Cotton Kurta,3,NA,10%,"Rs. 2,550.88",Debit Card,4,n/a
ORD02679,05/02/2024,C0008,ahmedabad,home,Pressure Cooker,2,2681,0,"5,362.50",credit card,5,5
ORD01673,21/11/2024,C0008,AHMEDABAD,grocery,Coffee 500g,2,₹413,20,660.68,UPI,1,3
ORD02529,24-Aug-24,C0455,Bombay,GROCERY,Olive Oil 1L,1,missing,0%,Rs. 773.46,upi,2,4
ORD00299,27-Aug-24,C0294,kolkata,books,Novel,2,398,0.10,₹717,COD,nan,4
ORD02587,29-Mar-25,C0045,mumbai,Home,Pressure Cooker,4,"Rs. 2,534.36",0%," 10,137.43 ",UPI,2,5
ORD02012,08/05/2024,C0445,MUMBAI,ELECTRONICS,Power Bank,1,"1,405.82",0,"1,405.82",upi,1,NULL
ORD02540,26/03/2025,C0055, Mumbai ,Electronics,Smart Watch,3,"3,906.37",0.00,"Rs. 11,719.10",credit card,2,1
ORD02703,2024-08-31,C0080,KOLKATA,ELECTRONICS,Smart Watch,1,"₹4,010",0,"4,010.41",Debit Card,2,4
ORD00459,2024-08-07,C0407,Kolkata,Books,Textbook,1,"₹1,191",0.20,?,debit_card,N/A,NULL
ORD02351,not recorded,C0058,Bombay,CLOTHING,Denim Jeans,1,"1,503.65",0,1504,netbanking,null,N/A
ORD00079,07/01/2024,C0279,Bombay,CLOTHING,Running Shoes,4,"2,093.72",0.15,"Rs. 7,118.63",COD,nan,5
ORD02972,23/01/2024,C0314,NEW DELHI,Home & Kitchen,Bedsheet Set,2,1117,0.00,"INR 2,233.22",CC,6,5
ORD01057,01/10/2024,C0077,kolkata,Apparel,Running Shoes,1,"₹2,362",10%," 2,125.43 ",Cash on Delivery,5,NA
ORD00907,12/08/2024,C0294,Calcutta,Electronics,Power Bank,2,"1,235.38",5%," 2,347.23 ",netbanking,-,NA
ORD02892,03-May-25,C0279,Bombay,Apparel,Denim Jeans,1,"1,682.46",0,1682,Credit Card,1,5
ORD02260,2025-04-02,C0163,mumbai,CLOTHING,Running Shoes,1,2227,25%,"1,670.26",CC,2,2
ORD02751,23/03/2024,C0431,Dehli,home,Bedsheet Set,1,"INR 1,289.01",20%,"1,031.20",credit card,6,4
ORD00381,2024-05-10,C0309,Kolkata,Home & Kitchen,Table Lamp,3,Rs. 774.93,10%,"₹2,092",Credit Card,1,3
ORD00948,20-Jan-24,C0426,Bombay,HOME,Table Lamp,3,763.77,0,"₹2,291",CC,1,5
ORD02947,2025-01-20,C0366,Bombay, Books,Textbook,1,n/a,15%,1131,netbanking,4,4
ORD02310,21/04/2024,C0151,HYDERABAD, Books,Novel,4,409.07,25,"Rs. 1,227.20",UPI,6,2
ORD00716,,C0276,ahmedabad, Books,Textbook,3,1147,0.10,"Rs. 3,096.22",CC,2,NULL
ORD02006,2024-03-29,C0338,Madras,Home,Bedsheet Set,3,"₹1,285",0.10,"₹3,470",COD,1,5
ORD00687,2025-03-08,C0312, Bengaluru ,Grocery,Olive Oil 1L,1,₹777,10,1646,UPI,4,3
ORD02619,17-Sep-24,NA,Hyderabad,electronics,Power Bank,1,"1,175.82",5%,1117,Debit Card,1,4
ORD01294,18-Sep-24,C0219,hyderabad,CLOTHING,Cotton Kurta,1,₹981,5,INR 932.24,COD,6,?
ORD00306,2024-04-15,C0405,Chennai,Groceries,Olive Oil 1L,1,837,0,INR 837.14,COD,8,5
ORD00210,2025-05-18,C0343,AHMEDABAD,books,Novel,3,missing,0.00,"2,016.83",debit_card,2,3
ORD02305,22/07/2024,C0480,Dehli,HOME,Pressure Cooker,1,"Rs. 2,660.19",5,"₹2,527",credit card,5,3
ORD02267,2024-01-27,C0481, Mumbai , Books,Textbook,1,"1,199.21",0.10,"1,079.29",credit card,missing,2
ORD00782,2024-12-06,C0045,mumbai,BOOKS,Novel,2,361.24,-,686.35,Net Banking,7,4
ORD02407,06-Jan-25,C0281,New Delhi,Home,Table Lamp,1,688.27,0%,"Rs. 2,035.96",netbanking,-1,-
ORD00886,"December 04, 2024",C0017,Bangalore,HOME,Pressure Cooker,4," 2,554.65 ",5%,"₹9,708",Net Banking,8, 
ORD01714,not recorded,C0008,ahmedabad,electronics,Power Bank,3,"1,316.32",10,"₹3,554",Cash on Delivery,4,4
ORD00918,25/12/2024,C0027,HYDERABAD,Home & Kitchen,Pressure Cooker,1,"Rs. 2,793.40",0.15,"Rs. 2,374.39",Net Banking,3,5
ORD01749,2024-06-02,C0415,Dehli,Electronics ,Power Bank,1,"1,327.12",20," 1,061.70 ",credit card,8,5
ORD01743,10-Mar-25,C0374,BANGALORE,Groceries,Basmati Rice 5kg,3,545,0.00,"Rs. 1,634.49",Net Banking,3,5
ORD00192,13-May-24,C0329,Hyderabad,Grocery,Basmati Rice 5kg,1,,5,490.92,credit card,8,2
ORD01834,09/02/2024,C0206,mumbai,grocery,Basmati Rice 5kg,1,548,20,"1,114.55",Cash on Delivery,3, 
ORD02231,02/11/2025,C0245,mumbai,Clothing,Running Shoes,1,"2,227.52",0.10,"2,004.77",COD,4,3
ORD01266,18-Nov-24,C0320,Hyderabad,BOOKS,Textbook,3,"1,241.87",-,"₹3,353",,3,1
ORD00484,23/03/2025,C0204,Bombay,BOOKS,Textbook,2,"INR 1,325.21",10%,2385,CC,,3
ORD00916,2025-01-07,C0459,Bombay,books,Novel,1, 437.64 ,0%,437.64,upi,3,null
ORD02653,2024-07-31,C0108,MUMBAI,Electronics,Wireless Earbuds,4,"₹2,485",0.05,"17,292.80",COD,6,4
ORD00278,2024-03-06,C0451,Ahmedabad,books,Textbook,5,"Rs. 1,219.52",15%,"Rs. 5,182.97",CC,2,4
ORD00989,07/16/2024,C0321,Calcutta,electronics,Wireless Earbuds,2,NA,15,4568,Net Banking,4,0
ORD02133,31/02/2024,C0422,Bombay,Groceries,Olive Oil 1L,1,₹822,5,INR 781.24,CC,1,4
ORD02818,2024-01-27,C0410,chennai,CLOTHING,Denim Jeans, ,missing,null,"3,570.35",Debit Card,4,4
ORD01826,2025-06-11,C0249,hyderabad,grocery,Coffee 500g,2, 459.98 ,0,Rs. 919.96,CC,8,4
ORD00572,2024-05-15,C0367,Bombay,books,Textbook,3,"Rs. 1,134.16",0,"₹3,402",debit_card,4,1
ORD01436,2025-04-19,C0187,NEW DELHI,Apparel,Cotton Kurta,1,₹881,missing,793,upi,5,2
ORD00994,05/27/2025,C0409,MUMBAI,Electronics ,Power Bank,5,"1,195.37",5,"5,677.99",Cash on Delivery,1,6
ORD01477,2024-10-07,C0267,Mumbai,Home & Kitchen,Pressure Cooker,1,"2,949.47",0%,"INR 2,949.47",Debit Card,5,missing
ORD01658,2024-06-20,C0220,Bangalore,HOME,Bedsheet Set,1,"Rs. 1,208.60",0.10,"Rs. 1,087.74",netbanking,-,3
ORD00586,2025-02-26,C0299,Mumbai,HOME,Bedsheet Set,1,"1,094.67",0%,"₹1,095",debit_card,3,1
ORD02404,"May 28, 2024",C0047,ahmedabad,grocery,Coffee 500g,3,₹400,20%,961,credit card,7,3
ORD02419,2025-05-05,C0032,Amdavad,Clothing,Denim Jeans,1,N/A,10,"1,481.41",Net Banking,3, 
ORD01350,"July 07, 2024",C0483,Chennai,Groceries,Basmati Rice 5kg,3,556.18,0%,"₹1,669",Credit Card,-1,4
ORD01008,07/16/2024,C0240,Mumbai,Apparel,Cotton Kurta,1,850.05,25%,₹638,Debit Card,6,4
ORD00675,2024-11-16,C0053,Amdavad,grocery,Coffee 500g,10,383.30,0,"₹3,833",debit_card,4,3
ORD01776,2024-13-45,C0341,MUMBAI,Books,Cookbook,10,NA,0.00," 6,623.61 ",Cash on Delivery,3,4
ORD00856,2024-08-28,C0489,kolkata,Electronics ,Smart Watch,1," 3,770.87 ",0%,NA,credit card,3,4
ORD00448,"May 18, 2025",C0386,Bangalore,Grocery,Olive Oil 1L,1,822.96,0.10,INR 740.66,Cash on Delivery,6,4
ORD01495,2025-06-12,C0066,New Delhi,grocery,Olive Oil 1L,1, 732.77 ,0,₹733,CC,5,4
ORD01750,"September 10, 2024",C0428,MUMBAI,Home & Kitchen,Pressure Cooker,5,"₹2,703",15,"11,485.73",debit_card,5,3
ORD01698,2024-08-31,C0370,HYDERABAD,Clothing,Denim Jeans,4,"₹1,586",0.00,"Rs. 16,298.45",credit card,6,nan
ORD02584,19/03/2024,C0423,Bombay,BOOKS,Cookbook,2, 629.69 ,0%,"1,259.39",debit_card,2,5
ORD02898,12-May-24,C0499,HYDERABAD,ELECTRONICS,Smart Watch,1,"4,374.15",10,"3,936.73",Credit Card,2,5
ORD02849,23/02/2025,C0493,NEW DELHI,CLOTHING,Denim Jeans,2,"1,514.21",0.20,"2,422.73",Cash on Delivery,3,4
ORD01801,2025-06-19,C0380,Chennai,Groceries,Basmati Rice 5kg,1,?,0.00,592,upi,8, 
ORD02726,2024-04-17,C0051,BANGALORE,Apparel,Cotton Kurta,1,966.88,0.05,Rs. 918.53,credit card,5,4
ORD01248,2024-09-06,C0369,delhi,CLOTHING,Denim Jeans,2,"1,614.96",15,2745,Debit Card,6,3
ORD00295,23-May-24,C0226, Mumbai ,electronics,Power Bank,1,"1,211.27",10%,"₹1,090",Net Banking,8,4
ORD00589,"February 17, 2024",C0191,mumbai,Apparel,Cotton Kurta,1,826.29,10%,743.66,debit_card,1,3
ORD01282,09/03/2025,C0342,kolkata,CLOTHING,Running Shoes,3,"INR 2,132.47",0,"₹6,397",UPI,2,5
ORD01498,01/03/2025,C0325,Bengaluru,clothing,Running Shoes,2,"2,450.52",0.20,"Rs. 3,920.83",Cash on Delivery,5,5
ORD01913,31/02/2024,C0167,KOLKATA,Electronics,Smart Watch,1,"₹3,932",15,"3,342.56",upi,4,5
ORD02222,"February 09, 2024",C0329,hyderabad,GROCERY,Basmati Rice 5kg,1,520.52,0%,520.52,Credit Card,0,4
ORD02938,24-Mar-25,C0144,AHMEDABAD,HOME,Table Lamp,1,767.81,5%,"1,498.31",credit card,3,6
ORD02300,12-Feb-25,C0286,mumbai,Clothing,Denim Jeans,5,1626,25%,"6,098.72",netbanking,7,4
ORD01418,2025-05-26,C0416,KOLKATA,clothing,Cotton Kurta,1,₹983,0,983,netbanking,2,-
ORD00426,13/06/2024,C0302,Chennai,Clothing,Denim Jeans,2,"₹1,528",0.10,,Debit Card,5,3
ORD00535,12/06/2025,C0171,Mumbai,clothing,Running Shoes,4,"2,337.54",10,"₹8,415",UPI,?,n/a
ORD01055,09/09/2024,C0378,Mumbai,Electronics,Power Bank,2,"1,334.00",5,"2,534.60",debit_card,3,nan
ORD01954,2024-02-28,C0288, Mumbai ,HOME,Pressure Cooker,2,3034,10,"5,461.43",debit_card,7,4
ORD02556,22/03/2025,C0174,New Delhi,Electronics,Power Bank,2,"INR 1,368.61",0.10,2463,UPI,4,nan
ORD02438,2024-10-17,C0280,Mumbai,home,Pressure Cooker,2,"2,528.54",0.00," 5,057.08 ",upi,1,5
ORD00133,2024-04-13,C0235,Mumbai,Groceries,Coffee 500g,1,386,10%,347,upi,3,3
ORD01926,06/29/2025,C0217,AHMEDABAD,Clothing,Running Shoes,1,"2,351.60",20,"₹1,881",Debit Card,5,3
ORD01914,2024-12-15,C0416,KOLKATA,GROCERY,Olive Oil 1L,1,INR 776.75,0.00,₹777,CC,3,5
ORD00422,30-Oct-24,C0224,Kolkata, Books,Novel,1,423.93,missing,Rs. 381.53,credit card,2,nan
ORD02713,11/11/2024,C0275,Ahmedabad,electronics,Power Bank,1,"1,396.78",0,"1,396.78",upi,5,NULL
ORD02563,2024-04-30,C0033, Hyderabad,Electronics ,Wireless Earbuds,2,2719,NA,"4,893.77",debit_card,6,3
ORD02252,22/05/2025,C0022,CHENNAI,Books,Textbook,3,"₹1,360",0%," 4,081.33 ",Cash on Delivery,7,4
ORD01369,27/06/2025,C0088,Dehli,books,Textbook,1," 1,132.85 ",0.00,"1,132.85",debit_card,2,4
ORD00557,2024-08-09,C0360,Calcutta,HOME,Table Lamp,3,797.47,0.15," 2,033.54 ",upi,8,3
ORD02087,"March 24, 2025",C0182,mumbai,Apparel,Denim Jeans,5,"Rs. 1,683.23",5%,missing,credit card,6,3
ORD01563,31/02/2024,C0496,Delhi,Groceries,Basmati Rice 5kg,2,570,5%,"Rs. 1,083.12",netbanking,5, 
ORD02734,2024-04-20,C0335,AHMEDABAD,ELECTRONICS,Power Bank,10,"₹1,359",10%,36020,Credit Card,1,1
ORD00571,29/01/2024,C0246,Chennai,Electronics,Smart Watch,1,"Rs. 4,073.92",0.10,3667,upi,1,4
ORD00353,24/06/2025,C0131,Dehli,Grocery,Coffee 500g,4,INR 450.83,0.10,"₹1,623",Net Banking,2,5
ORD00092,2024-13-45,C0063,Mumbai,Groceries,Basmati Rice 5kg,1,₹511,nan,null,debit_card,2,5
ORD02168,2024-12-23,C0485,ahmedabad,Books,Novel,1,420,-,INR 419.85,netbanking,1,?
ORD02586,2025-06-05,C0482, Mumbai ,books,Novel,2,Rs. 422.72,0%,₹845,NA,3,4.5
ORD01171,2024-05-31,C0142, Hyderabad,books,Textbook,3,"Rs. 1,182.22",25%,"₹2,660",Cash on Delivery,2,nan
ORD01566,05/01/2024,C0157,chennai,BOOKS,Novel,1,426,10,INR 383.45,CC,4,N/A
ORD01286,2024-09-20,C0487,HYDERABAD,HOME,Bedsheet Set,1," 1,114.52 ",NULL,"INR 1,058.79",Net Banking,2,NULL
ORD01787,23/01/2024,C0175, Hyderabad,ELECTRONICS,Wireless Earbuds,3,2383,5%,"INR 6,791.48",netbanking,2,2
ORD01544,2024-12-31,C0234,Ahmedabad,BOOKS,Cookbook,1,missing,0,640,Credit Card,1,4
ORD02954,"March 26, 2024",C0106,Chennai,Home & Kitchen,Bedsheet Set,2,"Rs. 1,224.73",0%,"4,313.49",debit_card,1,2
ORD01554,08-Jun-25,C0123,bengaluru,grocery,Olive Oil 1L,1,820,10%,738.43,Cash on Delivery,2,4
ORD00698,21/11/2024,C0377,KOLKATA,Groceries,Coffee 500g,1,389.33,5, 369.86 ,Cash on Delivery,-,5
ORD02933,2024-02-12,C0218,chennai,Electronics ,Power Bank,0,"₹1,238",10%,0.00,Cash on Delivery,3,3
ORD00349,08-Nov-24,C0409, Mumbai ,Home & Kitchen,Pressure Cooker,3," 2,545.49 ",10%,"INR 6,872.83",Net Banking,4,5
ORD01641,08/14/2024,C0185, Hyderabad,BOOKS,Novel,1,₹426,NULL,Rs. 340.91,Debit Card,5,4
ORD02798,15-Mar-24,C0336, Mumbai ,CLOTHING,Cotton Kurta,3,854.53,0,"Rs. 2,563.60",Debit Card,4,2
ORD02602,01/09/2024,C0010,Ahmedabad,Apparel,Cotton Kurta,10,₹885,0%,"INR 8,845.76",Credit Card,null,5
ORD02214,14/12/2024,C0272,mumbai,Electronics,Smart Watch,1," 3,643.89 ",0.10,"INR 3,279.51",debit_card,-,missing
ORD01138,16/03/2024,C0143,MUMBAI,Books,Cookbook,1,NULL,25,455.00,Net Banking,5,4
ORD02770,2024-06-30,C0351,hyderabad,BOOKS,Textbook,3," 1,217.09 ",0%,?,credit card,6,2
ORD02759,"February 06, 2024",C0310,MUMBAI,Clothing,Running Shoes,3,"₹2,405",10,"6,494.39",Debit Card, ,1
ORD02894,not recorded,C0342,Kolkata,Electronics ,Wireless Earbuds,1,"₹2,265",0.00,"2,264.79",Net Banking,2,4
ORD02878,09-Mar-24,C0378, Mumbai ,Home & Kitchen,Bedsheet Set,2,"₹1,118",0,2235,credit card,5,2
ORD01340,07/03/2024,C0054,Kolkata,Home & Kitchen,Bedsheet Set,-," 1,190.35 ",5%,"INR 3,392.49",CC,null,4
ORD02541,2024-05-27,C0175,Hyderabad,Home,Table Lamp,1,691,0.05,INR 656.14,Cash on Delivery,0,3
ORD00454,"November 20, 2024",C0325, Bengaluru ,Electronics ,Power Bank,1,"1,199.25",15," 1,019.36 ",COD,N/A,3
ORD00914,2024-03-17,C0145,Mumbai,Electronics,Power Bank,?,"INR 1,421.58",5," 1,350.50 ",Net Banking,1,4.5
ORD01200,04/05/2025,C0473,Amdavad,GROCERY,Olive Oil 1L,2,₹813,20%,"1,300.19",Cash on Delivery,n/a,?
ORD01275,31-May-25,C0279,mumbai,Electronics ,Power Bank,5,"1,172.68",15,"Rs. 4,983.88",netbanking,3,5
ORD02097,"November 07, 2024",C0147,NEW DELHI,Home,Pressure Cooker,1," 2,817.57 ",10,"₹2,536",upi,5,3
ORD00038,2024-02-14,C0052,AHMEDABAD,electronics,Smart Watch,1,"Rs. 4,260.18",15%,"3,621.16",Debit Card,1,5
ORD00975,13-Jan-24,C0393,CHENNAI, Books,Cookbook,1,₹623,0.05,N/A,Debit Card,6,3
ORD02827,06/07/2024,C0175,HYDERABAD,GROCERY,Basmati Rice 5kg,1,₹604,nan,INR 604.39,debit_card,2,5
ORD00984,2024-01-28,C0375,Bengaluru,Electronics,Power Bank,3,"₹1,320",0,"Rs. 3,960.49",Credit Card,2,3
ORD02376,2024-09-10,C0290,kolkata,Groceries,Basmati Rice 5kg,1, 523.25 ,?,₹471,netbanking,4,2
ORD02055,2024-07-29,C0318,Kolkata, Books,Cookbook,1,690,0%, 690.22 ,debit_card,3,
ORD01419,2025-05-11,C0463,AHMEDABAD,home,Table Lamp,5,missing,0.00,"INR 3,927.46",Debit Card,1,3
ORD01285,2025-02-10,C0477,KOLKATA,Books,Cookbook,4,₹686,0.00,2742,upi,1,3
ORD00040,2024-12-07,C0087,Bengaluru,Electronics,Power Bank,10,"1,417.59",0.00,"₹14,176",Cash on Delivery,6,2
ORD01487,2024-07-15,C0238,New Delhi,books,Cookbook,5,₹656,-,"2,953.29",UPI,2,5
ORD01873,18/02/2024,C0474,Ahmedabad,GROCERY,Basmati Rice 5kg,2,₹532,10,958.09,netbanking,6, 
ORD00170,18-Mar-25,nan,mumbai,Electronics,Power Bank,3,"1,318.06",5,3756,CC,5,6
ORD01356,14/04/2024,C0263,Kolkata,GROCERY,Basmati Rice 5kg,3,589,0%,"1,768.33",UPI,3,3
ORD00738,2024-09-09,C0297,NEW DELHI,grocery,Basmati Rice 5kg,1,545.86,0%,545.86,UPI,4,nan
ORD02495,23-Jul-24,C0496,NEW DELHI,Grocery,Olive Oil 1L,4,INR 775.90,-,"3,103.59",UPI,5,NA
ORD02755,2024-08-08,C0339,Amdavad,Home,Pressure Cooker,2," 3,058.30 ",10%,"₹5,505",Debit Card,4,4
ORD02224,14/11/2024,C0063, Mumbai ,Grocery,Basmati Rice 5kg,5,Rs. 515.37,0.00,"Rs. 2,576.86",credit card,7,1
ORD00635,17/08/2024,C0474,ahmedabad,GROCERY,Coffee 500g,2,₹454,10%,817,Debit Card,5,nan
ORD02702,2024-04-25,C0044,Dehli, Books,Cookbook,1,Rs. 630.71,15,NA,netbanking,3,4
ORD02011,04/04/2025,C0035,Calcutta,Clothing,Cotton Kurta,1,INR 856.25,5,Rs. 813.44,Net Banking,4,
ORD01291,12/25/2024,C0186,Hyderabad,grocery,Basmati Rice 5kg,3,576.77,0,1730,UPI,1,3
ORD01381,2024-01-01,C0350,delhi,HOME,Bedsheet Set,2,"1,216.78",null,"Rs. 2,433.57",Credit Card,1,4.5
ORD00580,31/01/2024,C0395,Amdavad,clothing,Cotton Kurta,5, 885.47 ,20,"Rs. 3,541.88",debit_card,NULL,5
ORD00329,2024-12-29,C0361,HYDERABAD,CLOTHING,Cotton Kurta,1,n/a,0.00,887,Credit Card,8,3
ORD02771,04/02/2025,C0131,New Delhi,electronics,Wireless Earbuds,3,2413,0.00,"7,239.77",-,8,nan
ORD00893,01/21/2024,C0221,Kolkata,HOME,Table Lamp,2,779.13,25%,"1,168.69",UPI, ,4
ORD01939,2025-02-07,C0008,Amdavad,books,Novel,5,385.82,0.00,"1,929.11",UPI,1,0
ORD00781,09/09/2024,C0322,NEW DELHI,Home & Kitchen,Table Lamp,2,753,null,"1,505.57",Net Banking,8,4
ORD00160,2024-03-08,C0269,KOLKATA,GROCERY,Coffee 500g,1,Rs. 412.14,0, 412.14 ,Debit Card,3,5
ORD02060,31/02/2024,C0472,Hyderabad,Books,Textbook,2,1294,0.00,"2,587.56",credit card,1,missing
ORD01736,,C0221,Calcutta,home,Table Lamp,1,Rs. 795.27,0%,₹795,Debit Card,4,5
ORD02372,30-May-24,C0127, Mumbai ,Books,Cookbook,1,618.67,0.15,526,credit card,5,4
ORD00062,22/03/2025,C0489,kolkata,BOOKS,Novel,1,Rs. 411.12,5,390.57,COD,6,4
ORD00850,2024-13-45,C0115,Dehli,Grocery,Basmati Rice 5kg,1,Rs. 589.52,10,530.57,Cash on Delivery,4,NULL
ORD02175,2024-05-26,C0042,Mumbai,CLOTHING,Cotton Kurta,1,Rs. 985.26,20,788,Cash on Delivery,5,5
ORD02950,31/12/2024,C0015,Dehli,Apparel,Denim Jeans,1,"₹1,440",0.00,"1,439.69",UPI,5,null
ORD01691,2024-13-45,C0271,hyderabad,clothing,Denim Jeans,4,"Rs. 1,526.93",5%,"5,802.35",CC,99,?
ORD01044,13/03/2025,C0349,Mumbai,electronics,Wireless Earbuds,5,"2,586.88",0.10,"Rs. 11,640.97",netbanking,1,5
ORD02565,16/12/2024,C0261,New Delhi,ELECTRONICS,Smart Watch,3,"₹4,150",5%,11827,netbanking,5,4
ORD01545,2024-06-27,C0440,chennai,Home,Bedsheet Set,3,1086,10,"₹2,931",Credit Card,3,5
ORD02958,20/09/2024,C0221,KOLKATA,Electronics ,Power Bank,1," 1,364.32 ",0,1364,Net Banking,5,1
ORD01845,06/10/2024,C0476,Delhi,CLOTHING,Cotton Kurta,1,Rs. 829.83,0.00,829.83,debit_card,5,4
ORD01071,2024-06-23,C0416,Calcutta,HOME,Table Lamp,3,Rs. 783.07,10%,2114,Credit Card,4,3
ORD00054,2024-04-09,C0267,mumbai, Books,Textbook,3,1361,20%,"INR 3,265.99",COD,3,3
ORD02658,03-May-24,C0230,Calcutta,CLOTHING,Denim Jeans,4,N/A,10%,"5,352.33",upi,-1,2
ORD00259,"November 14, 2024",C0455,Bombay,Home,Pressure Cooker,1,"₹2,845",0.00," 2,845.03 ",upi,null,2
ORD00506,11/02/2025,C0359,delhi,Apparel,Denim Jeans,1,"1,482.27",15,"2,849.79",Credit Card,2,N/A
ORD00753,2024-12-09,C0204,mumbai,grocery,Basmati Rice 5kg,2,541.89,0.15,921,NULL,1,4
ORD02980,"November 09, 2024",C0076,KOLKATA, Books,Cookbook,1,613,15,₹521,UPI,5,NA
ORD00218,2024-04-18,C0480,delhi,home,Table Lamp,1, 732.94 ,10%, 659.65 ,CC,3,n/a
ORD00825,23-Aug-24,C0091,Mumbai,Electronics,Smart Watch,missing,"3,877.44",0,"Rs. 3,877.44",CC,5,5
ORD02896,2024-10-13,C0088,NEW DELHI,Clothing,Cotton Kurta,1,953,0%,953.42,Cash on Delivery,4,5
ORD00773,2025-05-22,C0369,Dehli,GROCERY,Coffee 500g,1,₹461,15%,391,netbanking,nan,2
ORD02321,2025-06-11,C0232,KOLKATA,HOME,Pressure Cooker,4,"2,879.97",0.25,"8,639.91",UPI,1,nan
ORD01390,2024-11-14,C0426,mumbai, Books,Cookbook,1,700.23,0,₹700,COD,3,5
ORD02554,2024-07-07,C0234,Amdavad,Groceries,Olive Oil 1L,2,726.83,0.05,"1,380.97",debit_card,3,2
ORD01267,04-Jun-25,C0475,mumbai,GROCERY,Coffee 500g,5,₹410,0.05,"1,949.47",Debit Card,1,6
ORD02515,"February 20, 2025",C0003,Madras,books,Cookbook,4,INR 617.65,0,"₹2,471",upi,5,4
ORD01796,2025-01-07,C0341,Mumbai,clothing,Denim Jeans,4,"1,444.93",0,"₹5,780",Net Banking,3,4
ORD00772,"June 13, 2024",C0347,CHENNAI,CLOTHING,Cotton Kurta,1,932.71,5,886.08,CC,NULL,3
ORD02860,2024-09-12,C0400,Dehli,ELECTRONICS,Wireless Earbuds,2,2641,0,"₹5,281",credit card,2,5
ORD02814,03/06/2025,C0407,Calcutta,Home & Kitchen,Table Lamp,4,INR 735.86,0%,2943,CC,1,1
ORD02740,17/07/2024,C0015,Dehli,HOME,Table Lamp,NA,Rs. 720.99,5,"INR 2,739.75",Net Banking,3,?
ORD01086,19/02/2025,C0041,Bengaluru,Grocery,Coffee 500g,1,382.87,0.00,383,credit card,?,4
ORD01804,2025-05-21,C0413,MUMBAI,Electronics ,Power Bank,2,"1,265.62",20,"2,025.00",UPI,1,5
ORD01613,06/07/2024,C0470, Mumbai ,clothing,Running Shoes,5," 2,407.39 ",0%,"Rs. 12,036.96",debit_card,3,5
ORD01326,2024-04-15,C0177,Mumbai,Electronics,Power Bank, ,"₹1,397",0%,"1,396.90",Cash on Delivery,2,2
ORD02165,20/04/2024,C0225,AHMEDABAD,Grocery,Basmati Rice 5kg,2,561.57,0.00,"1,123.13",debit_card,4,5
ORD02526,27-Jun-24,N/A, Mumbai ,Electronics ,Smart Watch,4,"Rs. 3,750.17",25%,"Rs. 11,250.52",CC,1,5
ORD01799,2024-12-18,C0205,bengaluru,Electronics,Wireless Earbuds,2,"Rs. 2,633.34",20,"4,213.35",upi,6,missing
ORD01814,13-Feb-25,C0434,kolkata,Books,Textbook,1,"₹1,313",20,"₹1,050",netbanking,4,0
ORD02125,2024-08-21,C0228,Kolkata,home,Table Lamp,2,718.30,10,"₹1,293",Net Banking,5,5
ORD01781,2024-08-30,C0174,delhi,Grocery,Olive Oil 1L,1,781,0.05,₹742,upi,2,N/A
ORD01764,"January 13, 2025",C0459,Mumbai,Home & Kitchen,Bedsheet Set,1,"₹1,150",0%,"₹1,150",nan,4,6
ORD02742,08/11/2024,C0310,Bombay,Home & Kitchen,Table Lamp,4,757.51,0%,"3,030.02",Cash on Delivery,6,4
ORD01164,2024-09-22,C0075,Kolkata,Apparel,Denim Jeans,3,"₹1,756",0.00,5268,credit card,5,4
ORD00964,20/05/2024,C0149,KOLKATA,GROCERY,Basmati Rice 5kg,3,INR 520.38,0.25,"Rs. 1,170.86",Net Banking,5,3
ORD02960,08-Aug-24,C0020,Ahmedabad,GROCERY,Olive Oil 1L,3,₹820,0%,"₹2,459",credit card,3,1
ORD01745,2024-08-03,C0431,Delhi,Home & Kitchen,Pressure Cooker,1,"₹2,942",0%,"₹2,942",Credit Card,6,4
ORD00399,2024-03-14,C0439,Amdavad,Home,Bedsheet Set,2,"1,108.36",0.10,"₹1,995",upi,2,4
ORD00585,2024-01-09,C0270,AHMEDABAD,grocery,Olive Oil 1L,2,Rs. 751.42,0.00,"Rs. 1,502.85",netbanking,1,4
ORD00949,2024-05-23,C0114, Mumbai ,Home & Kitchen,Bedsheet Set,1,"INR 1,221.86",0%,"₹1,222",Credit Card,2,4
ORD00705,not recorded,C0206,mumbai,Home,Table Lamp,1,723.88,0.10,651,COD,5,4
ORD00432,2024-01-24,C0326,hyderabad, Books,Cookbook,1,INR 623.72,0,,netbanking,3,4
ORD00293,"February 11, 2024",C0077,kolkata, Books,Cookbook,1,625.40,0.05,₹594,upi,1, 
ORD00146,2024-02-22,C0156,delhi,CLOTHING,Running Shoes,1,"2,338.39",0.10,"Rs. 2,104.56",UPI,7,5
ORD00324,11-May-24,C0377,Kolkata,Electronics,Smart Watch,2,"₹3,771",10%,"₹6,787",Debit Card,5,5
ORD02154,2024-05-03,C0103,Bombay,Groceries,Olive Oil 1L,2,744.74,20%,"1,191.58",UPI,6,5
ORD01166,2024-09-10,C0361,Hyderabad,home,Pressure Cooker,2,"₹3,046",0,"₹6,091",credit card,4,2
ORD01453,2025-02-26,C0371,mumbai,Electronics,Wireless Earbuds,1,"Rs. 2,339.10",0.10," 2,105.19 ",COD,2,4
ORD00003,2025-05-08,C0242,Chennai,BOOKS,Novel,1,417.75,15,355.09,netbanking,1,n/a
ORD00577,2024-03-31,C0054,Calcutta,books,Novel,2,420.87,0%,"INR 1,975.89",netbanking,5,4
ORD02348,2024-03-12,C0488,mumbai,HOME,Table Lamp,5,758.41,10%,"Rs. 3,412.83",COD,2,2
ORD00340,2024-09-11,C0209,Chennai,CLOTHING,Running Shoes,1,N/A,20,"1,920.02",Credit Card,4,5
ORD01869,03/02/2025,C0330,AHMEDABAD,Apparel,Running Shoes,4,"2,214.03",0.00,"₹8,856",debit_card,3,3
ORD02247,2024-06-11,C0455,mumbai,GROCERY,Olive Oil 1L,3,767.48,0.05,2187,Debit Card,8,4
ORD00926,25/12/2024,C0272,MUMBAI,Home & Kitchen,Pressure Cooker,3,"2,628.98",0,"₹7,887", ,7,5
ORD00266,not recorded,C0295,Madras,Groceries,Coffee 500g,n/a,398.05,0.05,"1,134.44",COD,3,4
ORD00377,2025-01-13,C0215,MUMBAI,CLOTHING,Cotton Kurta,2, 952.46 ,-,"1,523.94",Credit Card,n/a,4
ORD01953,2024-11-08,C0400,NEW DELHI,ELECTRONICS,Smart Watch,1,"3,775.39",20,"₹3,020",CC,6,NULL
ORD01464,08/11/2024,C0233,chennai, Books,Novel,1,₹413,0.00,INR 412.90,UPI,NA,5
ORD00272,05/09/2024,C0208,Dehli,Electronics,Wireless Earbuds,1,"₹2,481",0.00,"2,481.44",netbanking,6,1
ORD00697,2024-13-45,C0126,Hyderabad,BOOKS,Textbook,1," 1,175.07 ",n/a,1058,Cash on Delivery,3,5
ORD02852,2024-08-08,C0136,chennai,books,Cookbook,2,689.23,15%,1172,netbanking,2,-
ORD00245,2024-02-01,C0475,MUMBAI,electronics,Power Bank,4,"INR 1,380.85",0,"₹5,523",CC,6,4
ORD02871,10/19/2024,C0079, Bengaluru ,Groceries,Basmati Rice 5kg,1,547.89,10,493.10,credit card,8,
ORD00477,16/10/2024,C0183,Chennai,Home,Bedsheet Set,1,"Rs. 1,083.22",0.00,"₹1,083",UPI,3,3
ORD01778,07-Mar-25,C0388,Chennai,home,Pressure Cooker,1,"₹2,827",5,"2,685.99",Cash on Delivery,2,2
ORD01808,21-Jan-24,C0119,Calcutta,HOME,Pressure Cooker,2,N/A,0.00,"6,016.88",Net Banking,3,4
ORD01938,2024-11-29,C0050,Dehli,Apparel,Cotton Kurta,missing,824.98, ,₹701,UPI,2,5
ORD02705,2024-01-31,C0322,New Delhi,HOME,Pressure Cooker,2,2971,0,5943,COD,1,4
ORD02590,13-Jul-24,C0035,Calcutta,BOOKS,Textbook,3," 1,215.01 ",0,"Rs. 3,645.04",Credit Card,5,4
ORD02841,08/03/2024,C0423, Mumbai ,Electronics ,Wireless Earbuds,2,"2,554.94",0.25,"3,832.41",Cash on Delivery,NULL,N/A
ORD00053,2025-03-23,C0085,BANGALORE,Home,Pressure Cooker,1," 2,788.71 ",0.05,"Rs. 2,649.28",-,8,3
ORD02016,"February 17, 2025",C0140,BANGALORE,Books,Novel,2,₹421,0%,841.84,credit card,2,missing
ORD02822,06-May-25,C0420,Ahmedabad,grocery,Coffee 500g,5,457.13,0.00,2286,Credit Card,2,missing
ORD00251,2025-06-01,C0054,kolkata,HOME,Bedsheet Set,2,nan,0.00,"INR 2,398.52",CC,3,5
ORD00414,21-Dec-24,C0478,Chennai,books,Textbook,3,"₹1,232",15%,3141,CC,NA,5
ORD00546,16-Oct-24,C0281,NEW DELHI,electronics,Smart Watch,2,"Rs. 3,879.34",0%,"Rs. 7,758.69",debit_card,2,2
ORD01194,2025-03-25,C0032,Amdavad,grocery,Coffee 500g,2,457.03,0.20,₹731,credit card,3,3
ORD00739,2024-03-25,C0396,mumbai,Apparel,Cotton Kurta,10,₹945,15,"8,032.75",Debit Card,7,3
ORD00311,2024-10-21,C0324,Bombay,Home,Table Lamp,1,819,, 695.80 ,CC,2,3
ORD01772,2025-01-19,C0289,Mumbai,Electronics ,Power Bank,3,NULL,0.05,6386,Debit Card,3,4
ORD00894,18-Mar-24,C0456,Chennai,ELECTRONICS,Smart Watch,0,4197,15,0.00,null,1,5
ORD01132,30-Jul-24,C0288,Bombay,CLOTHING,Running Shoes,2,2414,0," 4,827.13 ",Net Banking,6,5
ORD01450,09/02/2025,C0031,kolkata,Apparel,Running Shoes,1," 2,324.39 ",0.05,"INR 2,208.17",COD,3,3
ORD02965,2024-12-04,C0327,HYDERABAD,home,Bedsheet Set,2,"₹1,265",0.25,1898,Net Banking,8,4
ORD00016,"August 11, 2024",C0336,Mumbai,Home & Kitchen,Pressure Cooker,1,"Rs. 2,908.70",0%,"INR 2,908.70",Credit Card,1,?
ORD02043,04/26/2025,C0101,BANGALORE,Apparel,Denim Jeans,2,"1,637.44",0.10,2947,Cash on Delivery,4,4
ORD00722,2024-06-18,C0079,BANGALORE,Home & Kitchen,Bedsheet Set,2,"1,150.78",15%,"Rs. 1,956.33",Net Banking,3,5
ORD01421,"January 03, 2025",C0148,Ahmedabad,CLOTHING,Denim Jeans,2,"INR 1,492.97",NA,"₹2,986",COD,3,-
ORD02688,24/04/2024,C0356,Madras,books,Cookbook,1,624.16,0.15,531,credit card,3,5
ORD00982,"April 22, 2025",C0122,mumbai,clothing,Cotton Kurta,1,935,0.15,795.03,netbanking,5,3
ORD01964,2025-03-01,C0312,Bengaluru,home,Table Lamp,2,₹775,10%,null,upi,1,1
ORD01540,2024-03-10,C0004,Bombay,CLOTHING,Cotton Kurta,2,818.49,10," 1,473.29 ",debit_card,nan,4
ORD02583,07/21/2024,C0417,chennai,Grocery,Basmati Rice 5kg,1,Rs. 571.08,20%,Rs. 456.87,debit_card,99,4
ORD01551,05/14/2024,C0497,Kolkata,Home & Kitchen,Table Lamp,1,Rs. 683.33,, 649.16 ,Net Banking,1,3
ORD02471,2025-03-18,C0473,AHMEDABAD,HOME,Pressure Cooker,1,"2,855.83",0%,"₹2,856",Cash on Delivery,0,N/A
ORD00364,04/19/2025,C0358,Bengaluru,Groceries,Coffee 500g,3,392.37,0.00,"INR 2,079.98",Net Banking,4,null
ORD00983,03/13/2024,C0227,AHMEDABAD,HOME,Table Lamp,3, 722.06 ,NA,"Rs. 2,166.18",credit card,?,n/a
ORD00183,01/07/2024,C0494,Bengaluru,clothing,Denim Jeans,2,"INR 1,657.90",0.05,3150,COD,1,3
ORD00986,2024-03-08,C0211,hyderabad,Electronics,Wireless Earbuds,1,"₹2,651",0,"2,651.33",Credit Card,1,6
ORD02068,2024-01-15,C0154,Bangalore,Home,Bedsheet Set,5,"1,162.15",0.00," 5,810.73 ",credit card,5,5
ORD01195,"June 02, 2025",C0229,Dehli,Apparel,Denim Jeans,5,"₹1,532",0.20,"6,129.18",COD,4,2
ORD02150,2025-05-26,C0049,Amdavad,clothing,Cotton Kurta,10,834.54,0%,"₹8,345",Debit Card,4,3
ORD02701,2024-12-25,C0347,CHENNAI, Books,Textbook,1,"Rs. 1,180.72",20%,944.58,upi,5,4
ORD01122,2024-09-16,C0065,delhi,Electronics,Smart Watch,5,"₹3,735",0,"18,676.91",CC,4,5
ORD00188,2024-11-25,C0494,Bengaluru,clothing,Running Shoes,,"Rs. 2,099.05",0.05,"5,146.21",COD,1,4
ORD00620,22-Jul-24,C0198,Calcutta,books,Novel,2,393.22,0.00,Rs. 786.44,credit card,1,3
ORD02644,12-Apr-25,C0193, Bengaluru ,home,Pressure Cooker,2,"2,974.23",0.25,"₹4,461",Cash on Delivery,7,1
ORD01176,2025-02-20,C0069,ahmedabad,BOOKS,Novel,1,₹434,0.20,347.15,Credit Card,5,-
ORD01183,2024-11-30,C0247,Bangalore, Books,Textbook,1,"Rs. 1,266.03",5%,"1,202.73",netbanking,5,1
ORD02432,2024-01-29,C0227,ahmedabad,electronics,Smart Watch,5,"₹4,306",20%,"₹17,222",Cash on Delivery,4,3
ORD02246,29/05/2025,C0449,HYDERABAD,grocery,Olive Oil 1L,0, 743.53 ,0.10,INR 0.00,Debit Card,2,4
ORD00615,2024-04-02,C0467,AHMEDABAD,home,Bedsheet Set,4, ,20," 3,754.16 ",upi,2,4
ORD01514,17-May-24,C0425,Madras,home,Pressure Cooker,1,"2,856.26",0,"2,856.26",debit_card,4,3
ORD01467,09/18/2024,C0491,kolkata,Groceries,Coffee 500g,2,₹428,5,813.84,netbanking,7,-
ORD00402,29/01/2024,C0119,KOLKATA, Books,Textbook,1,1318,0.00," 1,317.62 ",CC,4,4
ORD00995,2024-05-07,C0417,Chennai,CLOTHING,Cotton Kurta,1,877.24,0,877,debit_card,NULL, 
ORD00935,07-Mar-25,C0433,chennai,Home & Kitchen,Table Lamp,4,693.96,10%,"₹2,498",UPI,1,N/A
ORD00372,05/09/2024,C0396, Mumbai ,Clothing,Denim Jeans,3,"Rs. 1,726.04",NA,"Rs. 5,178.13",credit card,3,5
ORD02015,12/11/2024,C0336,Mumbai,Home & Kitchen,Bedsheet Set,2,"₹1,151",0.00,"2,301.56",upi,5,4
ORD02211,28-May-24,C0408,Bengaluru,Apparel,Denim Jeans,2,"1,500.79",0, ,Credit Card,6,3
ORD00594,26/04/2025,C0343,Ahmedabad, Books,Novel,2, 367.18 ,0.10,₹661,Cash on Delivery,,N/A
ORD02003,2024-04-01,C0157,Chennai,clothing,Denim Jeans,1,"₹1,683",0%,"1,682.85",CC,99,0
ORD00727,2024-13-45,C0374,Bangalore,ELECTRONICS,Power Bank,10,"₹1,296",15,-,UPI,6,2
ORD00827,2025-04-03,C0445, Mumbai ,Grocery,Basmati Rice 5kg,1,577.68,10%,₹520,UPI,4,4
ORD01757,30/01/2025,C0273,Mumbai,GROCERY,Basmati Rice 5kg,2,503.53,10%, 906.35 ,Cash on Delivery,3,N/A
ORD00688,,C0479,HYDERABAD, Books,Novel, ,₹417,null,Rs. 375.60,CC,7,?
ORD02261,09/09/2024,C0362,BANGALORE,Grocery,Basmati Rice 5kg,1,586.79,25%,440.09,Cash on Delivery,4,5
ORD00137,14/02/2025,C0203,ahmedabad,Electronics ,Wireless Earbuds,1,"2,534.36",0.00," 2,534.36 ",Cash on Delivery,4,5
ORD02499,19/02/2024,C0358,BANGALORE,Home,Pressure Cooker,1,"2,782.65",n/a,"INR 2,782.65",CC,5,?
ORD00629,2024-08-08,C0444,Mumbai,Electronics,Wireless Earbuds,1,"2,433.82",20," 1,947.06 ",Cash on Delivery,7,4
ORD00335,26/08/2024,C0071,Dehli,Home & Kitchen,Table Lamp,1,815.93,20%,652.74,Net Banking,6,3
ORD00391,2024-06-20,C0274,CHENNAI,Electronics ,Wireless Earbuds,2,"INR 2,496.84",5%,4744,Credit Card,7,3
ORD02357,2024-12-15,C0223,Madras,home,Table Lamp,5, 797.81 ,0%,"₹6,121",UPI,2,5
ORD01110,2024-08-16,C0371,Mumbai,CLOTHING,Cotton Kurta,2,947.89,0.10,"₹1,706",Debit Card,6,3
ORD01823,03-May-24,C0399,Mumbai,CLOTHING,Denim Jeans,5," 1,723.94 ",0,8620,Net Banking,3,4
ORD02754,"February 18, 2025",C0329,Hyderabad,electronics,Smart Watch,2,"4,147.19",0.00,"8,294.39",debit_card,4,NA
ORD00711,2025-01-25,C0413,Bombay,home,Pressure Cooker,1,"₹2,795",5," 2,654.87 ", ,99,5
ORD01040,2024-09-23,C0367,Bombay,ELECTRONICS,Wireless Earbuds,10,"2,716.56",0.10,"Rs. 24,449.01",Net Banking,-,4
ORD02637,2025-03-05,C0208,New Delhi,clothing,Cotton Kurta,4,n/a,20%,"2,639.95",upi,4,3
ORD01940,2024-01-17,C0388,chennai,CLOTHING,Running Shoes,1,"₹2,195",0,"₹3,807",netbanking,2,nan
ORD02649,18/06/2025,C0178,Bombay,grocery,Basmati Rice 5kg,3,508,0%,"₹1,524",netbanking,5,3
ORD01562,02/20/2024,C0023,Madras,books,Novel,1,Rs. 406.92,0.00,Rs. 406.92,Net Banking,8,4.5
ORD02813,13/12/2024,C0302,Madras,Home & Kitchen,Pressure Cooker,10," 2,526.28 ",0%,25263,Cash on Delivery,6,3
ORD01595,2024-10-13,C0205,Bengaluru,Groceries,Coffee 500g,1,Rs. 453.63,5%,₹431,credit card,3,5
ORD02906,14-Jun-25,C0096,Amdavad,Groceries,Basmati Rice 5kg,1, 525.35 ,10%,472.81,Credit Card,5,5
ORD02903,17/09/2024,C0161,Mumbai,Home,Table Lamp,1,₹814,-,INR 813.98,netbanking,0,4
ORD01113,"January 17, 2024",C0240,Mumbai,Home,Pressure Cooker,5,2739,0%,"13,695.32",debit_card,1,3
ORD00466,2024-07-10,C0259,chennai,Books,Novel,1,436.14,0.05,NULL,UPI,,1
ORD01561,27-Mar-25,C0113,New Delhi,home,Table Lamp,2,746.56,25%," 1,119.84 ",CC,2,3
ORD01224,2024-07-09,C0087, Bengaluru ,Books,Cookbook,1,600,15%,Rs. 509.58,Net Banking,2,4
ORD02046,2024-01-30,C0135,Mumbai,home,Table Lamp,5, 740.34 ,0,"3,701.69",Net Banking,5,3
ORD02604,2024-02-04,C0355,New Delhi,ELECTRONICS,Power Bank,1,"Rs. 1,274.56",0.00,"₹1,275",Credit Card,2,2
ORD02457,2024-03-26,C0086,Madras,Apparel,Denim Jeans,1,"1,582.11",10,"1,423.90",credit card,?,5
ORD01509,22-May-24,C0088,Dehli,grocery,Coffee 500g,2,464.74,0.00,929,debit_card,3,3
ORD01105,2024-11-19,C0431,delhi,Home & Kitchen,Table Lamp,1,778.66,0.00,779,Debit Card,3,4
ORD00661,2024-06-04,C0491,kolkata,GROCERY,Coffee 500g,1,454.77,0.00,455,CC,3,nan
ORD00339,2024-09-21,C0274,Madras,Clothing,Denim Jeans,1,"Rs. 1,512.00", ,"Rs. 1,512.00",credit card,5,5
ORD00216,21-Dec-24,C0075,KOLKATA,GROCERY,Coffee 500g,1,₹417,10%,₹375,netbanking,?,5
ORD01616,06-Oct-24,C0329, Hyderabad,HOME,Bedsheet Set,1,"1,155.08",0%,1155,Debit Card,1,4
ORD02009,2024-06-26,C0101,Bangalore,Electronics,Wireless Earbuds,1,"Rs. 2,529.44",5%,5973,CC,1,4
ORD02567,08/12/2024,C0145,mumbai,Electronics ,Wireless Earbuds,2,"2,491.58",0.00,"Rs. 4,983.16",UPI,1,5
ORD02862,2024-04-10,C0071,Delhi,Electronics,Smart Watch,2,"Rs. 3,642.31",0.15,"INR 6,191.93",debit_card,3,3
ORD01593,2024-04-24,C0304,bengaluru,Home,Bedsheet Set,1,"1,239.83",0.15,"Rs. 1,053.85",CC,3,4
ORD01925,23/10/2024,C0154, Bengaluru ,Books,Novel,1,Rs. 399.03,0%,399.03,Net Banking,2,4
ORD01767,08/16/2024,C0330,Ahmedabad,Electronics ,Smart Watch,3,"3,784.80",0.00,"11,354.39",netbanking,3,5
ORD02575,26/03/2024,C0323, Bengaluru ,HOME,Pressure Cooker,1,"2,930.76",15%,nan,debit_card,4,5
ORD00817,2025-04-18,C0486,MUMBAI,Books,Textbook,1,"1,151.05",15%,"Rs. 2,411.70",COD,2,missing
ORD01068,11/08/2024,C0228,Kolkata,Apparel,Denim Jeans,NA,1669,0%,"1,669.32",UPI,4,4
ORD02548,01-Jan-24,C0043,New Delhi,Clothing,Cotton Kurta,4,945,0.00,"3,778.02",CC,1,3
ORD00275,28/03/2024,C0345, Hyderabad,Home & Kitchen,Pressure Cooker,1," 2,880.51 ",15%,"2,448.43",UPI,3,
ORD02291,2025-01-15,C0216,Bengaluru,Electronics,Smart Watch,10,"3,640.29",10%,"INR 32,762.64",UPI,1,4
ORD00866,05/13/2024,C0141,Ahmedabad,HOME,Pressure Cooker,2,"Rs. 2,783.52",0.15,"INR 4,731.99",Net Banking,1,2
ORD00102,2025-03-25,C0078,HYDERABAD,Grocery,Basmati Rice 5kg,4,?,0.10,1928,Debit Card,5,1
ORD01502,12/09/2024,C0178,MUMBAI,BOOKS,Cookbook,1,₹635,,572,Cash on Delivery,4,
ORD02195,2025-01-22,C0075,KOLKATA,Clothing,Cotton Kurta,4,871.37,0%,"Rs. 3,485.49",credit card,6,missing
ORD00172,not recorded,n/a,Dehli,Apparel,Denim Jeans,1,1551,0.15,"₹1,319",credit card,5,5
ORD00108,2025-02-25,C0456,Madras,Groceries,Basmati Rice 5kg,4,556.85,0,"2,227.39",credit card,2,4
ORD01952,20/09/2024,C0419,Bangalore,Electronics ,Wireless Earbuds,2,"Rs. 2,599.23",0.05,"4,938.54",Debit Card,5,3
ORD01522,2024-11-25,C0381,Chennai,electronics,Power Bank,1,"₹1,324",0%,"Rs. 1,324.18",upi,NA,3
ORD00015,23/01/2024,C0439,Amdavad,ELECTRONICS,Wireless Earbuds,2,"₹2,741",10," 4,933.98 ",netbanking,1,4
ORD02248,31/02/2024,C0220,BANGALORE,CLOTHING,Denim Jeans,3,"1,512.11",15%,"3,855.87",Cash on Delivery,2,4.5
ORD02185,2024-06-26,C0159,Bengaluru,Home & Kitchen,Pressure Cooker,1,"Rs. 2,624.43",0,2624,Net Banking,n/a,?
ORD01851,06/08/2024,C0486,MUMBAI,electronics,Smart Watch,1,"4,299.16",20%,"3,439.33",credit card,2,5
ORD02085,2025-03-03,C0445,Bombay,ELECTRONICS,Power Bank,1,"1,340.23",0.15,missing,CC,3,3
ORD02277,2025-03-31,C0224,KOLKATA,Electronics,Wireless Earbuds,1,"₹2,575",0%,"2,575.48",netbanking,1,4
ORD02298,2025-01-20,C0455,MUMBAI, Books,Textbook,2,"1,151.80",0.00," 2,303.61 ",nan,2,4
ORD02388,2024-03-30,C0266,kolkata,HOME,Bedsheet Set,1,1092,20%,Rs. 873.25,COD,1,2
ORD02629,2025-02-04,C0016,Mumbai,Electronics ,Smart Watch,1,n/a,missing,"₹3,682",UPI,2,5
ORD01846,2024-05-13,C0471,delhi,Groceries,Basmati Rice 5kg,5,INR 544.93,20,"₹2,180",Cash on Delivery,1,5
ORD00296,26/07/2024,C0012,delhi,ELECTRONICS,Power Bank,1,"INR 1,307.71",0,"₹1,308",UPI,99,N/A
ORD00713,,C0025,Kolkata,Groceries,Coffee 500g,5,419.94,?,"1,889.74",netbanking,4,4
ORD00073,"October 24, 2024",C0001,mumbai,books,Cookbook,2,599.22,15,1019,CC,2,5
ORD02045,"October 17, 2024",C0153,Mumbai,Apparel,Denim Jeans,1,"Rs. 1,490.52",0%,"Rs. 1,490.52",Net Banking,3,2
ORD02317,2024-11-06,C0493,delhi,electronics,Power Bank,1,"INR 1,254.53",10%,"1,129.08",UPI,5,3
ORD02615,"June 11, 2024",C0149,KOLKATA,GROCERY,Olive Oil 1L,3,855.45,0%,"₹2,566",Net Banking,1,3
ORD02943,31/02/2024,C0340, Bengaluru ,GROCERY,Olive Oil 1L,4,₹849,0%,3398,Net Banking,3,2
ORD00482,31/02/2024,C0058,mumbai,CLOTHING,Denim Jeans,5,"₹1,448",10%,6516,debit_card,1,3
ORD02264,2024-10-09,C0013, Mumbai ,HOME,Bedsheet Set,2,"Rs. 1,136.36",NA,"2,272.73",COD,1,3
ORD01531,2025-06-09,C0053,Ahmedabad,home,Pressure Cooker,1,"2,585.35",N/A,"Rs. 2,326.81",upi,1,5
ORD02607,"February 13, 2025",C0391,NEW DELHI, Books,Novel,2,374.43,15,₹637,debit_card,3,?
ORD01515,2024-03-11,C0186,hyderabad,BOOKS,Textbook,1,1224,15%,"₹1,040",UPI,8,nan
ORD02739,2024-13-45,C0249,Hyderabad,CLOTHING,Denim Jeans,1," 1,446.04 ",0.00,"1,446.04",upi,1,5
ORD01763,2025-06-22,C0433,CHENNAI,grocery,Basmati Rice 5kg,1,602,10%,Rs. 542.10,Net Banking,1, 
ORD01491,2024-08-03,C0031,Calcutta,electronics,Wireless Earbuds,4,"2,281.76",0.00,"Rs. 9,127.03",Debit Card,7,2
ORD01172,2025-03-13,C0164,Bangalore,HOME,Bedsheet Set,0,"INR 1,110.41",5%,0,COD,4,3
ORD02501,31/02/2024,C0281,New Delhi,Groceries,Basmati Rice 5kg,1,NULL,missing,₹564,CC,1,2
ORD01916,2025-04-18,C0169,BANGALORE,BOOKS,Novel,3,362.92,15,925.45,COD,2,5
ORD02594,2025-05-23,C0431,New Delhi,GROCERY,Coffee 500g,1,384.60,0,384.60,credit card,2,5
ORD02118,2025-03-17,C0105,Ahmedabad,books,Novel,4,375.28,0,"₹1,501",COD,8,1
ORD02284,29-Jan-24,C0321,KOLKATA,grocery,Basmati Rice 5kg,1,₹534,0.00,INR 533.64,credit card,2,2
ORD02319,2025-03-29,C0316,hyderabad,electronics,Smart Watch,1,"4,275.76",5,"4,061.97",-,3,4
ORD00406,12/23/2024,C0470, Mumbai ,grocery,Olive Oil 1L,2,833.12,15,"1,416.30",upi,2,4
ORD00758,2024-05-21,C0182,mumbai,Books,Cookbook,2,602,0.20,963,Cash on Delivery,8,2
ORD02794,2024-04-03,C0381,chennai,BOOKS,Cookbook,3,nan,0.25,"Rs. 1,554.88",upi,5,3
ORD02230,28/04/2024,C0283,AHMEDABAD,CLOTHING,Denim Jeans,5,"1,541.95",0.10,"₹6,939",Net Banking,3,5
ORD02290,2025-05-23,C0124,AHMEDABAD,clothing,Denim Jeans,-2,"1,456.38",5%, 0.00 ,Net Banking,4,n/a
ORD00098,,C0391,Delhi,Clothing,Denim Jeans,10,"Rs. 1,463.82",20,11711,credit card,6,3
ORD01334,not recorded,C0187,delhi,ELECTRONICS,Power Bank,2," 1,417.78 ",25,"Rs. 2,126.67",Cash on Delivery,8,4
ORD02437,21-Mar-25,C0309,kolkata,HOME,Pressure Cooker,4,"2,609.58",0%,"Rs. 10,438.32",Net Banking,3,?
ORD00744,2024-08-03,C0175,Hyderabad,home,Pressure Cooker,2,"Rs. 2,961.48",0.00," 5,922.96 ",UPI,3,4
ORD00807,12/06/2025,C0235,Mumbai,CLOTHING,Denim Jeans,1," 1,480.64 ",0.05,1407,Cash on Delivery,7,NULL
ORD02826,2024-09-11,C0121,Bangalore,clothing,Denim Jeans,1,"Rs. 1,707.03",0.05,"4,199.19",COD,3,2
ORD01989,2025-05-01,C0122,MUMBAI,Books,Cookbook,2,₹667,15,"1,134.10",Credit Card,4,4
ORD02551,2025-02-17,C0297,New Delhi,home,Table Lamp,2,776.20,0.00,"1,552.40",Net Banking,4,nan
ORD01536,2024-07-12,C0401,KOLKATA,home,Bedsheet Set,1,"1,237.21",0.20,N/A,credit card,2,missing
ORD02093,2024-02-03,C0111,Dehli, Books,Novel,1,379,0.10,340.68,CC,6,5
ORD02340,2024-04-02,C0331,New Delhi, Books,Novel,1,Rs. 391.77,0%,391.77,Cash on Delivery,2,3
ORD02391,2024-10-01,C0370, Hyderabad,CLOTHING,Denim Jeans,2," 1,559.54 ", ,"Rs. 3,119.07",Debit Card,6,-
ORD00149,02-Mar-25,C0313,AHMEDABAD,CLOTHING,Cotton Kurta,2,902,5,"₹1,714",Net Banking,4,1
ORD01860,2025-04-07,C0362,Bengaluru,clothing,Denim Jeans,1,"1,662.04",15,"Rs. 1,412.73",UPI,5,3
ORD02096,2024-07-01,C0147,New Delhi,Books,Textbook,4,"Rs. 1,227.79",0.20,3929,netbanking,6,5
ORD02163,2024-04-07,C0397,Bangalore,Apparel,Running Shoes,3," 2,260.06 ",nan," 5,424.15 ",COD,3,1
ORD01316,27-Mar-25,C0440,Madras,Electronics,Power Bank,2," 1,267.58 ",0.00,"₹2,535",credit card,4,4
ORD00693,2024-08-08,C0457,kolkata,BOOKS,Novel,1,371,0.20,296.64,Cash on Delivery,2,
ORD00819,"March 31, 2025",C0233,chennai,Home,Bedsheet Set,3,"1,227.88",0.00, ,Credit Card,NA,3
ORD01729,2024-11-17,C0339,Amdavad,HOME,Bedsheet Set,10,1274,0.15,"₹10,831",upi,5,1
ORD01387,04/01/2024,C0229,delhi,Home & Kitchen,Pressure Cooker,1,"₹2,953",0.05,"2,805.73",netbanking,3,4.5
ORD02329,13-Mar-25,C0485,ahmedabad,Electronics ,Wireless Earbuds,2,"₹2,609",0.10,"4,697.06",upi,1,4
ORD02099,2024-03-27,C0077,kolkata,CLOTHING,Cotton Kurta,1, 850.62 ,0.10,Rs. 765.56,Credit Card,2,4
ORD01600,2025-03-06,C0495,mumbai,Grocery,Olive Oil 1L,4,753.42,0.20,"2,410.95",Credit Card,6,1
ORD02409,"May 03, 2025",C0048,kolkata,Home,Table Lamp,4,759.10,missing,"₹2,885",netbanking,2,5
ORD02506,08/04/2024,C0472,HYDERABAD,HOME,Table Lamp,1,Rs. 721.09,0.10,INR 648.98,debit_card,4,4
ORD00702,04-Mar-25,C0097,Chennai,Groceries,Coffee 500g,1,Rs. 414.28,0.00,414.28,netbanking,3,4
ORD01968,"March 25, 2025",C0188, Hyderabad,Electronics ,Smart Watch,2,"3,727.13",0.00,n/a,netbanking,1,4
ORD02711,09/04/2025,C0162,Kolkata,Home,Table Lamp,2,717,0,"1,433.22",Cash on Delivery,2,5
ORD00922,2025-04-30,C0112,hyderabad,Electronics,Wireless Earbuds,4,2701, ,"10,802.54",debit_card,6,5
ORD01425,31/02/2024,C0041,Bengaluru,home,Table Lamp,3,687.72,0.00,"INR 2,063.16",UPI,1,NA
ORD01709,10/04/2024,C0332,Bombay,Apparel,Cotton Kurta,2,973.90,5,"1,850.41",netbanking,0,5
ORD00906,2024-10-28,C0015,New Delhi,Groceries,Olive Oil 1L,1,818,0.15,₹696,Net Banking,1,0
ORD00455,"August 30, 2024",C0261,Dehli,HOME,Table Lamp,2,₹722,null,1083,upi,5,5
ORD02697,31/02/2024,C0182, Mumbai ,electronics,Power Bank,1,"1,271.26",20,?,CC,8,4
ORD02139,2024-09-08,C0006,chennai,grocery,Olive Oil 1L,10,Rs. 809.67,5,7692,upi,3,5
ORD02352,2024-08-31,C0389, Mumbai ,Apparel,Running Shoes,1, ,25,"1,794.62",Debit Card,6,5
ORD02109,21/02/2024,C0233,Chennai,BOOKS,Cookbook,2,612.22,0%,"1,224.43",Debit Card,5,2
ORD00168,not recorded,C0449, Hyderabad,GROCERY,Basmati Rice 5kg,3,Rs. 548.60,0,1646,Cash on Delivery,3, 
ORD00731,08/01/2025,C0027,Hyderabad,electronics,Smart Watch,5,"3,781.72",0.00," 18,908.58 ",COD,5,2
ORD02204,"November 12, 2024",C0117,Bombay,clothing,Cotton Kurta,3,INR 891.51,0.25,5001,credit card,1,4
ORD01311,2024-13-45,C0286, Mumbai , Books,Novel,5,Rs. 400.51,0.25,n/a,UPI,3,4
ORD00027,2024-12-28,C0457,kolkata,Electronics ,Power Bank,2,"1,261.52",10%," 2,270.74 ",missing,2,4
ORD02025,"February 08, 2024",C0223,CHENNAI,Electronics,Power Bank,3,"1,239.22",0%,"3,717.65",COD,3,5
ORD01653,13/10/2024,C0053,AHMEDABAD,BOOKS,Cookbook,2,629.83,0%,"1,259.65",Credit Card,3,NA
ORD01623,2024-01-11,C0094,Chennai,HOME,Pressure Cooker,1,"INR 2,681.57",0,"2,681.57",Cash on Delivery,4,5
ORD00588,2024-02-07,C0148,AHMEDABAD,clothing,Cotton Kurta,null,₹951,0.00,"2,852.49",CC,99,missing
ORD01402,06/06/2024,C0007,Bombay,GROCERY,Coffee 500g,1,383,0.20, 306.03 ,UPI,1,2
ORD00998,2024-04-19,C0275,AHMEDABAD,Books,Textbook,10,"1,156.81",0.10,"10,411.32",UPI,8,4
ORD01177,,C0392, Mumbai ,grocery,Olive Oil 1L,2,INR 780.66,0.20,"₹1,249",debit_card,3,5
ORD01701,2024-07-17,C0097,Madras,Grocery,Coffee 500g,1,460,0.05, 436.81 ,CC,6,4
ORD01041,05-Jan-24,C0201,AHMEDABAD,books,Textbook,1,"₹1,266",0.05,1202,Debit Card,3,3
ORD00034,2024-06-18,C0098,Bombay,Electronics ,Smart Watch,3,"4,146.72",20%,?,Net Banking,5,5
ORD01898,2024-06-20,C0280,Mumbai,HOME,Bedsheet Set,1,"₹1,304",-,1304,Cash on Delivery,1,4
ORD02416,2024-08-15,C0109,BANGALORE,books,Cookbook,1,INR 652.46,0.00,INR 652.46,Net Banking,99,3
ORD01380,2024-05-09,C0407,Kolkata,HOME,Bedsheet Set,2,null,0,"2,476.91",credit card,1,5
ORD00042,19/05/2025,C0411, Mumbai ,Home,Bedsheet Set,5,"₹1,171",0.05,"5,562.19",,3,NULL
ORD01879,"June 14, 2025",C0139,Mumbai,Apparel,Denim Jeans,3," 1,561.12 ",0.00,"₹4,683",CC,-1,1
ORD02235,2024-03-05,C0435,ahmedabad,Books,Textbook,5,"1,236.12",0,"6,180.60",upi,5,4
ORD02660,2024-08-04,C0269,Kolkata,CLOTHING,Cotton Kurta,500,869,0,"434,385.34",Cash on Delivery,8,5
ORD02207,2024-06-03,C0387,MUMBAI,books,Textbook,1,"1,307.00",5%,"₹1,242",COD,5,nan
ORD01899,2024-07-26,C0438,ahmedabad,clothing,Cotton Kurta,5,865,10,"₹3,891",netbanking,6,3
ORD02044,29/06/2024,C0299,MUMBAI,BOOKS,Textbook,1,"INR 1,274.28",0,1274,upi,1,3
ORD00610,2024-05-29,C0364,Amdavad,Groceries,Coffee 500g,5, 401.82 ,10,"1,808.21",netbanking,3,4
ORD01133,,C0376,Mumbai,Home & Kitchen,Pressure Cooker,5,"Rs. 2,986.99",15,"Rs. 12,694.70",Net Banking,4,4
ORD00029,2025-02-02,C0385,Ahmedabad,clothing,Denim Jeans,3,"₹1,600",NULL,"₹3,839",UPI,2,5
ORD00442,06/06/2025,C0103,Mumbai,grocery,Olive Oil 1L,1, 796.07 ,0%,Rs. 796.07,Credit Card,1,?
ORD02411,30/10/2024,C0338,chennai,CLOTHING,Denim Jeans,1,"₹1,593",5,"₹1,513",debit_card,5,3
ORD02728,2024-07-03,C0495,Mumbai,Electronics,Wireless Earbuds,1, ,20,2181,Credit Card,1,2
ORD00494,31/07/2024,C0120,delhi,Grocery,Coffee 500g,1,391,0.05,371.74,CC,3,2
ORD01259,2025-04-23,C0462,Delhi,Groceries,Basmati Rice 5kg,1, 558.45 ,-,₹558,Net Banking,-1,-
ORD01302,2025-02-08,C0201,ahmedabad,electronics,Wireless Earbuds,2,"₹2,438",0%,"4,876.54",Debit Card,6,3
ORD02592,2024-04-15,C0391,New Delhi,Groceries,Basmati Rice 5kg,1,Rs. 524.09,20,₹419,CC,4,4
ORD02413,2024-04-11,C0463,AHMEDABAD,GROCERY,Coffee 500g,2,448,NA,INR 851.67,Credit Card,nan,2
ORD01383,2024-10-01,C0430,KOLKATA,Electronics,Wireless Earbuds,5,"2,652.61",0%,"₹13,263",CC,5,
ORD01305,03/02/2024,C0312,Bengaluru, Books,Textbook,1,"₹1,274",25%, 955.20 ,UPI,5,3
ORD00237,2024-02-28,C0167,KOLKATA,clothing,Cotton Kurta,4,901.38,0,"3,605.53",Credit Card,5,null
ORD00552,28/06/2024,C0295,chennai,Apparel,Cotton Kurta,1,809.12,5%,768.67,Debit Card,7,3
ORD00521,"December 14, 2024",C0313,Ahmedabad,Home & Kitchen,Table Lamp,10,Rs. 822.98,10," 7,406.85 ",CC,N/A,5
ORD02263,2024-12-10,C0262,Kolkata,Home & Kitchen,Pressure Cooker,3,2911,n/a,6549,debit_card,1, 
ORD01233,14/09/2024,C0021,delhi,ELECTRONICS,Wireless Earbuds,4,"₹2,395",5%,"9,102.85",netbanking,2,4
ORD01139,2024-13-45,C0069,ahmedabad,Home & Kitchen,Pressure Cooker,1,"₹2,536",0,"2,535.99",Cash on Delivery,6,4
ORD00721,2025-01-14,C0282,MUMBAI,Home & Kitchen,Pressure Cooker,1,"2,735.34",5%,2599,COD,8,2
ORD00736,2024-11-02,C0256,Dehli,clothing,Cotton Kurta,1, 903.23 ,5,Rs. 858.07,CC,3,4
ORD02708,2024-05-12,C0256,Delhi,electronics,Power Bank,missing,"1,182.75",15%,"₹3,016",netbanking,5,missing
ORD01751,"November 20, 2024",nan,Bengaluru,HOME,Table Lamp,1,₹814,0,Rs. 814.50,Cash on Delivery,3,2
ORD00059,09/04/2025,C0363,ahmedabad,electronics,Smart Watch,2,"4,056.42",0%,8113,CC,2,4
ORD00632,2025-06-17,C0044,NEW DELHI,Books,Novel,2,425.46,5%,INR 808.38,credit card,NULL,4
ORD01182,2025-06-25,C0124,Amdavad,ELECTRONICS,Power Bank,1,"₹1,348",10,1213,debit_card,2,3
ORD02249,10/11/2024,NULL,Madras,BOOKS,Novel,3,379.80,5%,"₹1,082",Credit Card,7,NULL
ORD00593,2024-06-03,C0149,Kolkata,clothing,Cotton Kurta,1, 944.85 ,0,945,credit card,2,4
ORD01304,27/02/2024,C0297,Delhi, Books,Novel,1,₹423,0,₹423,UPI,1,4
ORD01388,14/01/2024,C0279, Mumbai ,Clothing,Cotton Kurta,3,979,20," 2,350.06 ",Debit Card,6,-
ORD02670,2024-09-17,C0029,KOLKATA,BOOKS,Cookbook,1,Rs. 687.57,10%,618.82,UPI,2,3
ORD02685,2024-08-08,C0487,hyderabad,Electronics,Smart Watch,2,"4,015.37",0.00,"₹8,031",Credit Card,6,5
ORD01934,30/05/2024,C0228,Kolkata,Home,Table Lamp,3, 684.98 ,0.25,"1,541.21",debit_card,6,4
ORD02275,2025-05-27,C0200,Ahmedabad,Books,Novel,1,399.26,0,Rs. 399.26,netbanking,5, 
ORD00940,2025-04-08,C0153,MUMBAI,clothing,Running Shoes,1,"₹2,308",0.15,"1,961.86",debit_card,3,5
ORD02846,2024-06-09,C0240, Mumbai ,ELECTRONICS,Smart Watch,2,"3,992.08",0,"₹7,984",COD,4,4
ORD01250,18/06/2024,C0255, Mumbai ,BOOKS,Textbook,3,1279,0,"7,940.03",,2,1
ORD00905,26-Dec-24,C0473,ahmedabad,electronics,Power Bank,1,1374,10%,"Rs. 1,236.55",credit card,7,null
ORD02597,2024-07-08,C0274,CHENNAI,CLOTHING,Cotton Kurta,5,974.05,20%,3896,CC,1,3
ORD01280,2025-03-28,C0267, Mumbai ,electronics,Power Bank,1,"Rs. 1,234.85",0.00,"₹1,235",Debit Card,5,3
ORD02987,2024-03-10,C0189,Bangalore, Books,Textbook,nan,"Rs. 1,298.84",5,"Rs. 1,233.90",Cash on Delivery,2,3
ORD02937,09/03/2025,C0448,Bangalore,Apparel,Running Shoes,3,"Rs. 2,187.18",10%,"Rs. 5,905.39",Debit Card,4,?
ORD02172,02/03/2025,N/A,MUMBAI,Groceries,Olive Oil 1L,3, 702.58 ,0.20,"₹1,686",UPI,1,NA
ORD02459,2024-07-04,C0044,New Delhi,home,Table Lamp,1,INR 786.63,5%,NA,UPI,7,?
ORD02514,29-Sep-24,C0469,mumbai,Groceries,Olive Oil 1L,2,₹858,15,"1,457.89",NULL,7,2
ORD01143,15/02/2025,C0392,Bombay,grocery,Coffee 500g,,?,0.20,missing,netbanking,n/a,3
ORD02429,2024-02-17,C0334, Mumbai ,HOME,Bedsheet Set,1,"INR 1,298.30",15,1104,credit card,4,-
ORD00707,23/06/2025,C0384,MUMBAI,electronics,Smart Watch,1,"4,150.98",0," 4,150.98 ",upi,3,4
ORD02957,"June 23, 2025",C0407,KOLKATA,CLOTHING,Denim Jeans,1,nan,5," 1,616.45 ",Cash on Delivery,4,3
ORD01023,"April 23, 2025",C0352,Dehli, Books,Novel,2,362.34,20,₹580,credit card,2,2
ORD00746,2024-06-25,C0485,Amdavad,electronics,Wireless Earbuds,1,"2,427.82",N/A,"2,427.82",credit card,3,5
ORD01547,2024-12-13,C0303,BANGALORE,ELECTRONICS,Power Bank,1,"INR 1,408.70", ,"₹1,268",COD,5,3
ORD02405,30/05/2025,C0193,bengaluru,Grocery,Olive Oil 1L,1,₹722,0.00,"₹1,449",upi,3,3
ORD02945,2024-10-16,C0289, Mumbai , Books,Cookbook,1,711.09,10,Rs. 639.98,netbanking,5,4
ORD00514,03/05/2025,C0165, Mumbai ,Home,Bedsheet Set,3,1279,0.00,"3,838.16",netbanking,null,2
ORD00082,2025-02-02,C0198,KOLKATA,Home,Pressure Cooker,2,"₹2,752",0.05,"11,430.18",netbanking,4,5
ORD02716,2024-05-05,C0494,Bengaluru,home,Table Lamp,10,794.56,0.00,"7,945.59",credit card,1,5
ORD01309,2024-09-25,C0014,Bombay,Grocery,Basmati Rice 5kg,1,Rs. 500.30,5,₹475,upi,5,4
ORD02546,2024-06-17,C0203,ahmedabad,Electronics ,Wireless Earbuds,1,2458,0.25,"₹1,844",Credit Card,4,1
ORD00915,25/01/2025,C0176,KOLKATA,grocery,Basmati Rice 5kg,10,Rs. 553.33,20%,4427,debit_card,?,5
ORD01405,2025-03-21,C0333,New Delhi,Apparel,Running Shoes,1,"Rs. 2,168.21",5%,"2,059.80",CC,4,4.5
ORD01648,2024-07-30,C0265,Mumbai,clothing,Running Shoes,1,"INR 2,223.20",20%,"INR 1,778.56",Credit Card,2,3
ORD02816,2024-05-24,NULL,Amdavad,Books,Novel,3,418.54,0.15,"Rs. 2,079.64",Debit Card,?,4
ORD01109,31/02/2024,C0194,Mumbai,grocery,Coffee 500g,2,445.05,5,₹846,Credit Card,1,nan
ORD00151,2025-05-13,C0488,Bombay,GROCERY,Olive Oil 1L,10,804.87,0.10," 7,243.82 ",Credit Card,1,5
ORD02782,2024-05-30,C0110,MUMBAI,Apparel,Denim Jeans,2,"1,695.41",5%,3221,Cash on Delivery,3,3
ORD00775,2025-01-16,C0003,Chennai,books,Novel,1,Rs. 369.45,NA,295.56,Cash on Delivery,7,null
ORD00330,2025-05-01,C0422,MUMBAI, Books,Textbook,1,"1,141.02",0.00,1141,UPI,3,missing
ORD00007,05/07/2024,C0148,ahmedabad,books,Cookbook,3,634,10%," 1,711.00 ",Cash on Delivery,1, 
ORD00944,"September 28, 2024",C0362,BANGALORE,BOOKS,Textbook,4,"₹1,207",0.05,"INR 4,585.44",Net Banking,NULL,3
ORD00823,2024-01-19,C0351,HYDERABAD,Clothing,Running Shoes,1,"2,378.20",?,2378,Net Banking,1,4
ORD00735,25/10/2024,C0467,Ahmedabad,GROCERY,Basmati Rice 5kg,1,₹551,0.20,₹441,COD,3,null
ORD00910,2024-07-05,C0338,CHENNAI,books,Textbook,5,"₹1,193",0.00,"Rs. 5,966.46",netbanking,0,NA
ORD00469,13-Jan-25,C0043,delhi,Apparel,Denim Jeans,5,"1,466.34",NULL,"7,331.68",CC,1,0
ORD00182,2025-02-02,C0223,CHENNAI,Books,Textbook,1,"1,247.81",0,1248,Credit Card,5,1
ORD00165,04/06/2024,C0192, Mumbai ,grocery,Basmati Rice 5kg,1,INR 564.84,20,₹452,Net Banking,1,1
ORD01524,18/04/2024,C0140, Bengaluru ,CLOTHING,Cotton Kurta,1,Rs. 919.29,0.00, ,COD,4,5
ORD00452,13-Feb-24,C0096,ahmedabad, Books,Cookbook,1,₹600,0.00,INR 600.04,n/a,2,4
ORD02308,09/07/2024,C0213,kolkata,electronics,Smart Watch,5,"3,796.17",0,"Rs. 18,980.87",netbanking,6,4
ORD00491,31/02/2024,C0259,CHENNAI,BOOKS,Cookbook,4,637.84,10%,"INR 4,351.02",Credit Card,4,0
ORD00814,2024-06-12,C0480,Dehli,Home,Pressure Cooker,5,"2,672.54",5%,"12,694.56",debit_card,2,5
ORD01144,2024-08-14,C0284, Mumbai ,Home,Bedsheet Set,4,"INR 1,252.17",0%,5009,N/A,-1,5
ORD01312,2025-04-24,C0302,Chennai,BOOKS,Textbook,2,1318,10%,"₹2,373",UPI,1,nan
ORD02289,2024-10-31,C0131,Dehli,Grocery,Coffee 500g,1,412.91,0%,INR 412.91,Cash on Delivery,1,missing
ORD01112,02/21/2025,C0076,Calcutta,electronics,Wireless Earbuds,3,"₹2,279",0.05,"INR 6,494.95",UPI,7,3
ORD02912,2024-02-05,?,Bengaluru,Grocery,Olive Oil 1L,1,Rs. 781.97,0,INR 781.97,debit_card,5,5
ORD01827,18/03/2024,null,KOLKATA,GROCERY,Basmati Rice 5kg,1,Rs. 569.45,10%,₹513,debit_card,4,?
ORD01442,04/07/2025,C0416,kolkata,electronics,Wireless Earbuds,2,"₹2,306",nan," 3,920.56 ",Credit Card,2,5
ORD01981,23/05/2025,C0069,Amdavad,HOME,Bedsheet Set,1,"1,215.06",0%,"INR 1,215.06",netbanking,5,5
ORD01007,2024-12-17,C0268,CHENNAI,Home & Kitchen,Table Lamp,1,N/A,0%,Rs. 773.94,Net Banking,5,4
ORD01628,2024-05-25,C0446,chennai,CLOTHING,Running Shoes,3,"₹2,116",25,"Rs. 4,761.51",debit_card,2,4
ORD01633,19-Dec-24,C0034,Bangalore,electronics,Power Bank,4,"INR 1,249.76",15,"Rs. 4,249.17",UPI,5,4
ORD01075,25-Feb-24,C0145,Bombay,home,Pressure Cooker,1,"₹2,659",10%,"Rs. 2,393.04",COD,3,5
ORD00579,"November 03, 2024",C0290,KOLKATA,Electronics,Power Bank,2,"1,414.04",0.20,N/A,COD,7,3
ORD02724,"October 26, 2024",C0068,BANGALORE,Electronics,Power Bank,3,"1,409.48",10%,"3,805.60",Cash on Delivery,5,2
ORD02393,2025-03-25,C0161,mumbai,ELECTRONICS,Power Bank,1,"INR 1,197.63",0,1198,CC,2,5
ORD02311,19/05/2025,C0221,Calcutta,CLOTHING,Denim Jeans,4,1628,,5862,upi,8,5
ORD02350,2024-06-27,C0068,Bengaluru,Books,Textbook,2,"1,177.71",0.20,1884,missing,2,4
ORD00328,2024-13-45,C0416,kolkata,Grocery,Basmati Rice 5kg,3,506.81,0.10,"1,368.40",CC,4,3
ORD01791,2024-06-13,C0014,mumbai,Books,Cookbook,1,679.23,0.00,679.23,netbanking,4,NULL
ORD00443,2024-07-07,C0407,kolkata,Electronics,Power Bank,1,"1,220.10",0.00,"1,220.10",netbanking,4,4
ORD01859,2025-05-08,NA,kolkata,Home & Kitchen,Bedsheet Set,1," 1,289.25 ",0%,1289,CC,1,5
ORD02216,"July 10, 2024",C0314,Dehli,home,Pressure Cooker,3,"2,883.45",0,"₹8,650",upi,2,4
ORD00313,2024-01-07,C0461,mumbai,BOOKS,Textbook,2,"INR 1,362.36",10%,"2,452.26",upi,n/a,4
ORD00833,06-Dec-24,C0456,chennai,Apparel,Denim Jeans,5,"1,746.93",5%,"8,297.90",CC,3,5
ORD02422,12/11/2024,C0180,Hyderabad,CLOTHING,Running Shoes,1,2417,0.10,2175,CC,1,2
ORD02149,2024-08-30,C0112,HYDERABAD,HOME,Bedsheet Set, ,"INR 1,125.64",25%," 1,688.47 ",Credit Card,1,3
ORD01415,09-Nov-24,C0213,kolkata,CLOTHING,Running Shoes,2,"Rs. 2,185.38",0.10,3934,Debit Card,1,2
ORD01202,2024-07-31,C0119,kolkata,Apparel,Cotton Kurta,1,830.17,0.00,Rs. 830.17,CC,7,4
ORD02665,2024-10-29,C0359,delhi, Books,Cookbook,3,690.72,0.10,"Rs. 1,864.95",Debit Card,5,3
ORD01500,06/08/2024,C0436,bengaluru,Apparel,Denim Jeans,4,"1,531.43",5%,"5,819.44",CC,3,4
ORD01979,24-Jan-25,C0307,Ahmedabad,Home,Bedsheet Set,2,"1,217.21",0,"2,434.41",debit_card,8,3
ORD00087,2025-01-01,C0277,HYDERABAD,Electronics,Smart Watch,1,"4,351.41",0.20,"₹3,481",upi,8,null
ORD01404,20-Jun-24,C0340, Bengaluru ,HOME,Bedsheet Set,2,"1,208.10",0.20,"Rs. 1,932.96",credit card,3,4
ORD02984,"February 26, 2025",C0190,Bangalore,GROCERY,Coffee 500g,3,INR 404.22,20%,Rs. 970.12,debit_card,7,nan
ORD02371,2024-01-12,C0177, Mumbai ,Grocery,Olive Oil 1L,2, 812.67 ,0.10,"INR 1,462.80",UPI,6,2
ORD01482,11-Jun-25,C0022,chennai,Groceries,Coffee 500g,1,434,0,1300,netbanking,3,4
ORD00778,28/05/2025,C0004,Mumbai,grocery,Olive Oil 1L,1,773,0.15,656.93,Net Banking,4,3
ORD00800,05-Oct-24,C0067,MUMBAI,books,Novel,1,418.62,5%,1136,netbanking,4,5
ORD01667,2025-04-08,C0435,ahmedabad,Electronics ,Power Bank,5,"₹1,272",0.00,"INR 6,360.49",netbanking,4,N/A
ORD01895,20-Dec-24,C0466,New Delhi,HOME,Table Lamp,1,780,,701.77,Cash on Delivery,8,5
ORD00055,not recorded,C0256,delhi,Electronics ,Smart Watch,2,"3,927.33",0.00,"7,854.65",Cash on Delivery,2,5
ORD02410,2024-03-12,C0376,mumbai,Electronics ,Wireless Earbuds,3,"2,519.32",0,"INR 7,557.96",debit_card,5,2
ORD01288,17/05/2024,C0473,AHMEDABAD,ELECTRONICS,Power Bank,5,"1,174.42",0.10,"Rs. 5,284.88",Cash on Delivery,3,4
ORD01921,,NULL,MUMBAI, Books,Textbook,4,1177,0,"₹4,710",Credit Card,3,5
ORD01668,"September 16, 2024",C0365,Bombay,Electronics ,Wireless Earbuds,2,"Rs. 2,680.54",NULL,"₹4,557",Cash on Delivery,missing,5
ORD02640,04/01/2025,C0456,Chennai,Electronics,Smart Watch,2,"INR 3,644.07",0%,"INR 7,288.14",upi,nan, 
ORD02784,2024-10-20,C0259,Chennai,Electronics ,Wireless Earbuds,1,"2,722.33",15%,2314,CC,6,3
ORD01702,2024-09-28,C0277,HYDERABAD,home,Table Lamp,2,755,?,1359,Debit Card,3,5
ORD01246,2024-04-30,C0145,Bombay,Home & Kitchen,Table Lamp,500,730.92,10%,"Rs. 328,915.96",upi,8,N/A
ORD00114,10-May-24,C0440,Chennai,grocery,Coffee 500g,3, 460.80 ,5,"Rs. 1,313.29",Credit Card,4,3
ORD02864,2024-05-20,C0331,Dehli,home,Bedsheet Set,1,1114,N/A,1003,credit card,3,3
ORD00988,29/04/2024,C0326, Hyderabad,Books,Cookbook,3,651,0%,"₹1,953",UPI,0,5
ORD00502,25-Aug-24,C0301,Madras,Groceries,Basmati Rice 5kg,1,503.36,0.00,503.36,Credit Card,7,4
ORD02666,2024-05-30,C0240,Bombay,GROCERY,Coffee 500g,1,413.53,0.00,413.53,Cash on Delivery,3,4
ORD01010,22/06/2025,C0059,Mumbai,BOOKS,Textbook,2,NA,0%,"INR 2,560.53",netbanking,3,4
ORD01199,2024-12-10,C0160,chennai,CLOTHING,Cotton Kurta,4,924.01,0%,"INR 3,696.04",UPI,1,4
ORD01395,06-Mar-25,C0248,Dehli,Home,Table Lamp,1,769.73,10%,₹693,credit card,8,2
ORD00590,01/11/2024,C0348,Ahmedabad,home,Pressure Cooker,1,"₹2,689",5,"2,554.96",Debit Card,5,4
ORD00769,24-Apr-24,C0018,Bangalore,CLOTHING,Running Shoes,1,"2,397.64",0,"₹5,892",UPI,2,4
ORD00018,2024-07-04,C0012,NEW DELHI,Groceries,Basmati Rice 5kg,2,547.74,0.10,?,netbanking,nan,4
ORD01043,2025-01-30,C0214,KOLKATA,HOME,Pressure Cooker,1,2575,0.25,"Rs. 1,931.36",COD,2,5
ORD01448,2024-02-13,C0191,Mumbai,Books,Novel,1, 409.83 ,0.25,₹307,UPI,6,4
ORD02506,08/04/2024,C0472,HYDERABAD,HOME,Table Lamp,1,Rs. 721.09,0.10,INR 648.98,debit_card,4,4
ORD00286,2024-01-28,C0267,Mumbai,Apparel,Cotton Kurta,4,880.63,10%,"3,170.27",debit_card,2,4
ORD02693,12-Jun-24,C0046,Chennai,CLOTHING,Running Shoes,1,"₹2,304",0.20,"1,842.88",Credit Card,5,6
ORD00429,"June 01, 2025",C0283,ahmedabad,clothing,Denim Jeans,1,"₹1,439",0%,"1,439.36",upi,3,5
ORD01329,2024-06-02,NA,Bengaluru,clothing,Cotton Kurta,1,Rs. 964.62,20,Rs. 771.69,debit_card,0,4
ORD02041,"June 08, 2025",C0098,Bombay,Grocery,Coffee 500g,4, 404.56 ,0.20,"₹1,295",Credit Card,3,NA
ORD00670,04-May-25,C0191,Mumbai,clothing,Cotton Kurta,1,826.80,0.05,785.46,upi,6,3
ORD00032,04-Jan-25,C0156,Dehli,Home & Kitchen,Pressure Cooker,1,"2,901.42",15%,"2,466.21",upi,-1,-
ORD01342,2025-02-22,C0098,Mumbai,BOOKS,Novel,2,365.39,10,Rs. 657.71,COD,3,4
ORD00723,2024-11-09,C0010,Amdavad,Electronics ,Power Bank,1," 1,328.29 ",10%,1195,CC,null,0
ORD00952,2025-06-26,C0412,Calcutta,Clothing,Running Shoes,1,"₹2,175",10%,"Rs. 1,957.93",upi,2,3
ORD01915,19/03/2024,C0302,chennai,ELECTRONICS,Power Bank,2,"1,223.08",0%,"₹2,446",upi,2,5
ORD02341,2024-01-11,C0426,Bombay,GROCERY,Olive Oil 1L,1,INR 818.54,0.05,INR 777.61,credit card,8,4
ORD00215,"April 03, 2025",C0246,Chennai,HOME,Table Lamp,1,775,0.25,580.99,COD,6,4
ORD00990,2024-12-29,C0459,MUMBAI,home,Pressure Cooker,2," 2,549.63 ",0.05,"4,844.30",Debit Card,8,4
ORD01165,20/11/2024,C0213,KOLKATA,CLOTHING,Running Shoes,1,"2,493.00",0.20, ,Credit Card,8,5
ORD02850,2024-08-04,C0401,Calcutta,grocery,Olive Oil 1L,1,831,0,missing,netbanking,8,3
ORD02074,01/06/2024,C0178,MUMBAI,electronics,Smart Watch,3,"INR 4,233.31",0,"Rs. 12,699.94",netbanking,n/a,5
ORD00327,14/09/2024,,Hyderabad,Home,Pressure Cooker,1,,0.05,"Rs. 2,524.02",debit_card,8,
ORD00561,2025-05-20,C0256,delhi,Home & Kitchen,Pressure Cooker,2,null,0.00,"₹5,484",netbanking, ,4
ORD01384,2024-06-17,C0221,Kolkata,Books,Novel,2,398.32,0.05,₹757,netbanking,5,4
ORD01725,02/28/2025,C0476,New Delhi, Books,Novel,4,Rs. 402.78,0.05,"1,530.56",Cash on Delivery,6,5
ORD01087,30/07/2024,C0216,BANGALORE,BOOKS,Novel,3,360,0.00,NA,UPI,5,5
ORD02379,28/06/2024,C0037,KOLKATA,HOME,Pressure Cooker,1,"Rs. 2,847.37",20%,"Rs. 2,277.89",COD,4,5
ORD00342,11-Sep-24,C0095, Hyderabad,Home & Kitchen,Table Lamp,5,₹816,5%,"Rs. 3,875.94",Cash on Delivery,1,missing
ORD01654,2024-13-45,C0266,Kolkata,CLOTHING,Running Shoes,4,2318,5,"8,807.63",missing,1,5
ORD00148,16/12/2024,C0084,delhi,books,Textbook,1,1293,0.00,1293,Cash on Delivery,4,null
ORD02489,2024-04-06,C0374,bengaluru, Books,Novel,1, 430.56 ,0.15,365.98,Credit Card,7,3
ORD02461,2024-02-24,C0077,KOLKATA,Books,Cookbook,2,₹606,10%,"₹1,091",CC,3,4.5
ORD01108,2024-05-16,C0174,Delhi,books,Novel,1,INR 428.83,0.10,385.95,upi,5,3
ORD00849,2024-03-11,C0380,Madras,clothing,Denim Jeans,5,"₹1,523",5%,"7,233.70",upi,6,5
ORD00967,2024-07-16,C0035,kolkata,Electronics,Smart Watch,1,"3,988.43",10%," 3,589.59 ",COD,4,0
ORD01073,2024-09-10,C0036, Mumbai ,Grocery,Olive Oil 1L,3,849,20%,"₹2,037",debit_card,2,2
ORD02513,2025-01-19,C0126, Hyderabad,HOME,Table Lamp,0,733,0.00,Rs. 0.00,Net Banking,2,5
ORD01906,2025-05-08,C0108,mumbai,clothing,Cotton Kurta,5,null,15,"3,840.06",Debit Card,1,?
ORD00156,2024-07-25,C0277,HYDERABAD,electronics,Wireless Earbuds,1,"2,684.20",20%,"INR 2,147.36",n/a,3,null
ORD00666,2025-04-02,C0278,CHENNAI,Clothing,Denim Jeans,2,"1,723.30",0.15,"2,929.60",netbanking,2,3
ORD00662,28/03/2024,C0368,MUMBAI,electronics,Wireless Earbuds,1,"Rs. 2,623.19",10%,"Rs. 2,360.87",Cash on Delivery,3,4
ORD01003,27/09/2024,C0080,Calcutta,Groceries,Olive Oil 1L,2,716,0.20,"₹1,146",upi,5,4
ORD02601,23/05/2024,C0302,chennai,Electronics,Smart Watch,1,3986,10%,"Rs. 3,587.42",upi,2,5
ORD02961,2025-06-29,C0469,Bombay,Groceries,Basmati Rice 5kg,3,₹512,5,"1,460.00",Debit Card,1,?
ORD00177,13/03/2024,C0301,chennai,grocery,Coffee 500g,500,Rs. 387.00,15%,"164,476.07",upi,1,5
ORD02709,2024-11-28,C0023,Madras,clothing,Denim Jeans,2,"Rs. 1,449.08",0%,"INR 2,898.16",COD,3,
ORD01880,2024-12-26,C0137, Mumbai , Books,Novel,1,Rs. 400.15,25,₹300,credit card,2,n/a
ORD01525,2024-10-05,C0410,Madras,home,Pressure Cooker,1,"₹2,577",0,"Rs. 2,576.65",CC,1,5
ORD02875,02/21/2024,C0438,Amdavad,Home,Pressure Cooker,1,"2,900.06",0.05,"2,755.06",debit_card,2,3
ORD01204,25-Feb-24,C0020,ahmedabad,Books,Textbook,1,"1,311.92",25,n/a,credit card,6,4
ORD01991,21-Jan-25,C0283,Amdavad, Books,Novel,1,₹381,0%,380.71,upi,3,1
ORD00025,29-Jun-25,C0347,chennai,Electronics,Power Bank,2,1294,5%,"Rs. 2,458.06",netbanking,1,3
ORD02868,2025-02-25,C0148,Amdavad,grocery,Coffee 500g,2,Rs. 426.71,0%, 853.42 ,credit card,3,3
ORD02090,30-May-25,C0290,Kolkata,ELECTRONICS,Power Bank,1,1357,0%,"Rs. 1,356.92",netbanking,2,nan
ORD02122,02/01/2025,C0033,Hyderabad,Groceries,Basmati Rice 5kg,1,598.82,null,Rs. 509.00,upi,1,3
ORD02347,2024-13-45,C0477,Kolkata,Home & Kitchen,Bedsheet Set,2,1192,0.10,"2,145.85",Credit Card,3,3
ORD00876,15-Jan-25,C0321,Kolkata, Books,Cookbook,5,Rs. 613.49,0%,"Rs. 3,067.43",Debit Card,3,NULL
ORD02750,2025-02-12,C0152,Delhi, Books,Cookbook,2,₹628,10%,N/A,Cash on Delivery,3,NA
ORD00939,31-Aug-24,C0190,BANGALORE,electronics,Wireless Earbuds,4,"2,329.95",0.00,"23,879.59",Net Banking,8,2
ORD01242,2024-12-07,C0124,AHMEDABAD,books,Novel,4,Rs. 436.63,0.00,"₹1,747",Credit Card,4,5
ORD01666,10-Aug-24,C0288,Bombay,Books,Cookbook,1,Rs. 713.86,0.10,₹642,Cash on Delivery,N/A,3
ORD00386,10-Apr-24,C0454,hyderabad,grocery,Coffee 500g,5, 424.40 ,0.25,"Rs. 1,591.52",credit card,6,5
ORD02680,2025-05-06,C0038,Chennai,BOOKS,Cookbook,1,635.70,10%,₹572,debit_card,3,3
ORD02242,2024-03-15,C0286, Mumbai ,Groceries,Olive Oil 1L,1,₹856,5%,₹813,credit card,2,5
ORD02131,2024-07-31,-,mumbai,HOME,Pressure Cooker,?,"INR 2,758.97",10,12415,netbanking,1,3
ORD00937,28/02/2025,C0191,Bombay,Apparel,Cotton Kurta,3,896.06,0.25,"₹2,016",UPI,1,5
ORD02634,2024-04-02,C0119,Kolkata,Groceries,Basmati Rice 5kg,1,601,0,"1,127.51",upi,99,NA
ORD02983,2025-05-12,C0275,Amdavad, Books,Textbook,1,"INR 1,175.32",0.00,"1,175.32",debit_card,1,5
ORD01333,2025-05-12,n/a,NEW DELHI,Groceries,Coffee 500g,3,₹395,0%,1184,Net Banking,7,0
ORD01935,2024-02-14,C0134,ahmedabad,HOME,Pressure Cooker,2,"₹2,855",0.20,"Rs. 4,568.52",CC,6,2
ORD00936,2024-07-25,C0185,Hyderabad,Books,Textbook,1,"INR 1,195.76",0%,"₹1,196",Debit Card,3,?
ORD00567,10/26/2024,C0281,NEW DELHI,home,Table Lamp,1,₹716,0.05,INR 680.23,upi,0,5
ORD01855,2025-05-25,C0148,ahmedabad,ELECTRONICS,Smart Watch,1,"Rs. 4,331.38",0.00,"₹4,331",upi,3,3
ORD02476,17-Jan-25,C0217,Amdavad,grocery,Olive Oil 1L,1,Rs. 712.74,10%,INR 641.47,Credit Card,2,3
ORD01646,2024-10-04,C0178,Bombay,Groceries,Basmati Rice 5kg,2,null,15,"1,025.25",debit_card,3,3
ORD02164,2024-04-19,C0498,MUMBAI,Electronics,Wireless Earbuds,2,"2,675.04",0.20,10915,netbanking,nan,1
ORD01793,"February 23, 2025",C0118,Bengaluru,Apparel,Denim Jeans,3,"₹1,746",NA,"₹5,237",netbanking,3,N/A
ORD01431,2024-08-27,C0330,AHMEDABAD,Clothing,Cotton Kurta,5,872,0,"4,362.32",CC,3,1
ORD00473,29-Jun-25,null,Amdavad,Groceries,Coffee 500g,2,390,0,780,CC,7,missing
ORD01014,17-Mar-25,C0243, Bengaluru ,clothing,Denim Jeans,1,"1,528.24",0,,Net Banking,2,5
ORD01929,27-Mar-24,C0145,MUMBAI, Books,Cookbook,1, 701.70 ,0%,701.70,Net Banking,2,5
ORD02616,2024-02-20,C0005,Dehli,electronics,Wireless Earbuds,2,?,0.00,"4,510.05",CC,4,4
ORD00127,2024-04-02,C0488,MUMBAI,GROCERY,Basmati Rice 5kg,10,₹509,0%,"5,092.88",credit card,3,3
ORD01601,"November 29, 2024",C0126,Hyderabad,Electronics ,Smart Watch,3,"₹3,735",10%,10084,COD,3,3
ORD01348,2024-03-17,C0068, Bengaluru ,books,Cookbook,4,₹648,10%,"₹2,334",UPI,2,5
ORD00356,10/23/2024,C0097,Chennai,Electronics,Power Bank,1,"1,244.12",0.20,995.30,COD,5,1
ORD00828,2025-02-14,C0302,CHENNAI,HOME,Pressure Cooker,2,"2,637.46",0.15,"4,483.69",credit card,0,2
ORD01640,22-Feb-24,C0181,Bombay,GROCERY,Olive Oil 1L,10,₹799,0,"7,990.64",UPI,missing,4.5
ORD00985,01/04/2025,C0069,ahmedabad,Books,Novel,2,Rs. 364.10,10%,n/a,Cash on Delivery,3,3
ORD00363,2024-02-29,C0084,Dehli,clothing,Running Shoes,5,"2,477.14",20%,"₹9,909",netbanking,6,NULL
ORD00346,2025-04-07,C0478,Madras,ELECTRONICS,Smart Watch,2,3748, ,"7,496.91",upi,8,5
ORD02103,03-May-24,C0277,HYDERABAD,Clothing,Running Shoes,1,"Rs. 2,369.33",0.00,"₹2,369",Cash on Delivery,6,NULL
ORD02595,2024-06-18,C0202,bengaluru,electronics,Wireless Earbuds,1,"2,686.09",0%,"INR 2,686.09",UPI,1,?
ORD00712,2024-01-16,NULL,Bengaluru,ELECTRONICS,Power Bank,4,"₹1,365",20,"Rs. 4,367.33",COD,1,2
ORD02447,24/10/2024,C0201,Amdavad,Grocery,Coffee 500g,4,397.81,NULL,"1,352.54",CC,7,5
ORD00011,2025-04-23,C0066,Delhi,GROCERY,Basmati Rice 5kg,2,586.56,0.25,879.84,UPI,8,5
ORD02465,2024-12-15,C0013, Mumbai ,GROCERY,Olive Oil 1L,4,748.52,25,2246,Credit Card,5,NULL
ORD01835,not recorded,C0196,mumbai,grocery,Olive Oil 1L,1,N/A,5%,715.05,upi,3,0
ORD00794,2025-06-16,C0159,BANGALORE,Electronics,Wireless Earbuds,3,"2,272.26",0.00,"Rs. 6,816.77",debit_card,2,4
ORD02821,18/05/2025,C0023,Madras,home,Pressure Cooker,1,"2,676.75",0%,"2,676.75",n/a,99, 
ORD00095,06/05/2025,C0434,KOLKATA,Home,Pressure Cooker,1,"2,765.36",0.05,"2,627.09",CC,3,3
ORD00130,2024-01-13,C0239,KOLKATA,GROCERY,Basmati Rice 5kg,missing,INR 575.59,10%,"1,554.10",COD,7,5
ORD02286,07/03/2024,C0222,Ahmedabad,HOME,Bedsheet Set,5,"Rs. 1,220.68",10%,"5,493.06",Credit Card,3,1
ORD02963,31/02/2024,C0041,Bangalore,electronics,Smart Watch,1," 4,216.18 ",5%,"INR 4,005.37",UPI,8,4
ORD01901,2024-07-04,C0322,delhi,Home & Kitchen,Bedsheet Set,2,1249,0.00,"2,497.55",COD,3,4
ORD02443,2024-04-22,C0072,CHENNAI,Groceries,Basmati Rice 5kg,5,572.70,5,"₹2,720",UPI,5,4
ORD01933,,C0399,MUMBAI,BOOKS,Textbook,4,"1,369.20",10%,"Rs. 4,929.10",upi,1,4
ORD02799,31-May-24,C0341,Bombay, Books,Textbook,2,1210,0.00,"₹2,421",CC,6,4
ORD01866,2024-07-17,C0160,chennai,BOOKS,Novel,10,INR 408.47,5,"₹3,880",credit card,2,3
ORD01659,09-Jun-25,C0139,MUMBAI,CLOTHING,Running Shoes,2,"2,252.17",0,"₹4,504",UPI,1,3
ORD00517,14-Oct-24,C0478,Madras,Electronics ,Smart Watch,1,"₹3,936",0.20,"3,148.42",credit card,2,3
ORD01858,2024-04-16,C0280,Bombay,Grocery,Coffee 500g,1,450.09,10%, 405.09 ,Credit Card,4,4
ORD01278,08-Dec-24,C0372, Hyderabad,Grocery,Olive Oil 1L,2,735,0.05,"1,396.53",Debit Card,3,4
ORD00951,23/03/2025,C0004,Bombay,Electronics,Wireless Earbuds,4,"INR 2,623.11",15%,"₹8,919",Net Banking,4,6
ORD01121,2024-04-08,C0269,kolkata,home,Table Lamp,1,678.04,5%,644.14,Cash on Delivery,3,4
ORD00420,03-Jun-25,C0238,New Delhi,electronics,Power Bank,1,"₹1,393",0.10,"₹1,253",credit card,7,4
ORD00923,2024-13-45,C0266,Calcutta,BOOKS,Textbook,1,"1,243.94",10,"INR 1,119.55",credit card,1,3
ORD02245,31/02/2024,C0432,AHMEDABAD,electronics,Smart Watch,1,"₹3,774",15,"3,208.09",netbanking,0,null
ORD00478,05/03/2025,C0448,BANGALORE,Home & Kitchen,Table Lamp,4,782.56,5%,"2,973.72",Debit Card,5,
ORD02036,01/08/2024,C0256,New Delhi,BOOKS,Cookbook,5,600.37,0.00," 5,052.62 ",credit card,2,5
ORD02223,2024-08-03,C0299,MUMBAI,Home & Kitchen,Bedsheet Set,10,"₹1,231",0.10,"11,078.54",Credit Card,4,N/A
ORD01693,2024-03-03,C0232,Kolkata,Electronics,Smart Watch,1,null,,"₹4,086",debit_card,3,5
ORD02258,17-Sep-24,C0184, Mumbai ,Electronics,Wireless Earbuds,1,"2,687.72",20,"₹2,150",CC,4,5
ORD01472,2024-09-07,C0456,chennai,Clothing,Denim Jeans,1,"1,754.97",0.20,"1,403.98",upi,4,5
ORD01203,26-Jun-24,C0185, Hyderabad,books,Textbook,2,"INR 1,138.03",5%,"₹2,162",Cash on Delivery,1,3
ORD01670,2024-04-28,C0459,MUMBAI,Electronics,Smart Watch,2,"₹4,145", ,8289,Net Banking,5,5
ORD02832,2024-10-24,C0408,BANGALORE,Electronics,Power Bank,1,"₹1,414",0.10,"Rs. 1,272.44",,4,2
ORD01971,2024-09-28,C0175,HYDERABAD,Electronics ,Wireless Earbuds,1,"2,402.50",20,N/A,Net Banking,5,1
ORD00821,05/25/2024,C0214,KOLKATA,grocery,Olive Oil 1L,1,822.97,0.00,823,debit_card,1,
ORD01998,"January 19, 2025",C0217,AHMEDABAD,Electronics ,Smart Watch,1,"4,338.74",0%,"4,338.74",debit_card,6,4
ORD02926,2024-05-01,C0281,Dehli,grocery,Olive Oil 1L,10,743.77,0.25,"₹5,578",credit card,6,4
ORD01249,2025-04-22,C0143, Mumbai ,GROCERY,Basmati Rice 5kg,4,528.58,0.15,1797,upi,7,4
ORD02715,21-Jun-24,C0107,KOLKATA,Groceries,Basmati Rice 5kg,2,Rs. 511.46,0.00,1023,Net Banking,N/A,4
ORD02668,2024-05-10,C0294,kolkata,BOOKS,Novel,2, 385.25 ,0.00,INR 770.49,Cash on Delivery,5,3
ORD01047,17-Apr-24,C0326,Hyderabad, Books,Textbook,1,"1,299.37",0%,"1,299.37",CC,2,5
ORD01889,2025-01-18,C0111,Delhi,Electronics,Wireless Earbuds,2,"2,569.06",0.00,"5,138.12",CC,1,3
ORD00616,24/08/2024,C0203,AHMEDABAD,BOOKS,Novel,N/A,387.43,nan,387.43,Debit Card,3,missing
ORD01319,"October 03, 2024",C0353,mumbai,Home & Kitchen,Pressure Cooker,3,"2,944.25",5%," 8,391.11 ",CC,6,nan
ORD02942,2024-11-24,C0089,Bangalore,BOOKS,Novel,5, 374.07 ,20,1496,credit card,2,4
ORD02137,12/14/2024,C0211, Hyderabad,CLOTHING,Cotton Kurta,5,885.13,20,"₹10,297",UPI,2,4
ORD02509,03/05/2025,C0455,Bombay,HOME,Bedsheet Set,500,"1,227.04",0,"613,518.83",debit_card,5,nan
ORD01773,2024-12-06,C0305,mumbai,Groceries,Basmati Rice 5kg,1,INR 590.45,10%,₹531,missing,8,4
ORD02580,2024-09-09,C0053,AHMEDABAD,Books,Textbook,1,1294,10%,"1,164.32",upi,3,5
ORD00132,06/02/2024,C0278,Chennai,HOME,Bedsheet Set,1,"1,179.11",0.05,"₹1,120",Debit Card,5,5
ORD00078,2025-03-23,C0157,CHENNAI,Apparel,Denim Jeans,1,"₹1,640",5,null,upi,4,3
ORD02053,02-Oct-24,C0089,BANGALORE,Groceries,Coffee 500g,3,454,0.00,"₹1,362",CC,-1,4.5
ORD00725,2024-11-12,C0206,MUMBAI,GROCERY,Olive Oil 1L,1,Rs. 744.18,25%,INR 558.13,UPI,5,6
ORD01315,11/29/2024,C0379,Ahmedabad,CLOTHING,Cotton Kurta,1,null,0.15,Rs. 801.16,netbanking,7,3
ORD01852,2024-01-31,C0037,Calcutta,Apparel,Cotton Kurta,1,855.24,nan,₹812,upi,1,
ORD02975,27-Oct-24,NA, Mumbai ,Groceries,Coffee 500g,5,Rs. 467.31,0.00,"₹2,337",upi,3,4
ORD02537,2024-02-23,C0221,Calcutta,Books,Cookbook,1,INR 687.17,0.10,618.46,netbanking,1,5
ORD01373,"March 18, 2024",C0378,Bombay,grocery,Olive Oil 1L,10,₹729,0,7291,Debit Card,4,3
ORD01856,30/12/2024,C0240, Mumbai ,Home & Kitchen,Pressure Cooker,2,3008,0.10,"5,414.33",netbanking,n/a,5
ORD01320,18/03/2025,C0108,mumbai,BOOKS,Novel,2,403.71,0.20,646,upi,0,N/A
ORD02932,2024-09-30,C0330,Amdavad,GROCERY,Coffee 500g,2,465.46,5,INR 884.37,debit_card,1,5
ORD02217,31-Mar-24,C0488,Mumbai,GROCERY,Coffee 500g,2,384.63,5%,730.79,Credit Card,2,3
ORD00376,19/05/2024,missing,AHMEDABAD,HOME,Bedsheet Set,1," 1,100.30 ",0.00," 1,100.30 ",upi,5,3
ORD01909,2024-05-18,C0233,chennai,HOME,Pressure Cooker,2,"2,550.74",0.05,"4,846.40",netbanking,8,4
ORD00334,04/04/2025,C0121,Bengaluru,GROCERY,Basmati Rice 5kg,1,563,0.05,534.54,UPI,7,5
ORD02299,2024-01-21,C0027,hyderabad,Home,Bedsheet Set,2,"1,083.77",0%,2168,credit card,5,missing
ORD02349,23/03/2025,C0465,kolkata,CLOTHING,Denim Jeans,4," 1,546.39 ",0%,"Rs. 6,185.56",debit_card,0,4
ORD01605,04/05/2024,C0352,Dehli,grocery,Coffee 500g,1,Rs. 424.00,0.00,Rs. 424.00,COD,7,?
ORD01119,05/02/2025,C0261,delhi,CLOTHING,Cotton Kurta,2,872.79,0,"₹1,746",Credit Card,nan,N/A
ORD02886,"March 28, 2025",C0380,Chennai,Books,Textbook,1,"1,331.50",0,1331,upi,null,NULL
ORD01944,2024-04-07,C0184,Bombay,Books,Cookbook,2,595.85,20%,₹953,Net Banking,3,3
ORD02309,2024-01-13,C0309,Kolkata,Groceries,Coffee 500g,2,₹425,0%, 850.64 ,UPI,2,1
ORD02574,"November 09, 2024",C0498,Bombay,books,Textbook,1,missing,0%,"Rs. 1,257.48",Cash on Delivery,4,3
ORD01343,12-Jun-24,C0478,chennai, Books,Novel,1,₹366,0%,₹366,upi,2,3
ORD00321,03-Aug-24,C0030,Hyderabad,grocery,Basmati Rice 5kg,2,Rs. 495.54,5%,941.53,Net Banking,5,2
ORD01620,19/05/2024,C0073,delhi,Home,Table Lamp,5, 700.71 ,0,3504,COD,1,5
ORD02496,"January 05, 2024",C0121, Bengaluru ,HOME,Pressure Cooker,2,2822,0.05," 8,501.15 ",Net Banking,7,2
ORD02061,2024-05-17,C0358,Bengaluru,Home,Pressure Cooker,3,2999,NA,"₹8,997",Credit Card,7,NULL
ORD01674,2024-08-23,n/a,hyderabad,Home & Kitchen,Table Lamp,1,Rs. 744.08,5,"1,182.11",credit card,2,4
ORD01943,2024-03-29,C0081,Delhi,CLOTHING,Denim Jeans,1,"₹1,667",0,"₹1,667",Credit Card,2,5
ORD00261,11/07/2024,C0209,Madras,grocery,Basmati Rice 5kg,1,₹525,15,₹446,COD,2,2
ORD02402,2024-09-03,C0349,mumbai,HOME,Pressure Cooker,5,"2,650.64",15%,"11,265.21",COD,7,N/A
ORD02040,2025-02-17,C0490,ahmedabad,GROCERY,Olive Oil 1L,2,Rs. 762.27,15%,"₹1,296",UPI,1,3
ORD00690,"December 09, 2024",C0168,chennai,GROCERY,Coffee 500g,1,461.24,0.00, 461.24 ,debit_card,6,3
ORD00902,2024-05-10,C0171,MUMBAI,clothing,Running Shoes,1,2516,0.15,"2,138.78",Credit Card,2,5
ORD02027,"May 20, 2024",C0474,Ahmedabad,Electronics ,Smart Watch,2," 4,232.00 ",15,"7,194.41",CC,3,2
ORD00139,02/02/2025,C0292,chennai,CLOTHING,Cotton Kurta,2, 980.24 ,0.00,"1,960.48",UPI,3,4
ORD01918,"August 24, 2024",C0006,Chennai,Home,Pressure Cooker,1," 2,673.44 ",0.10,2406,Net Banking,0,4
ORD01829,"May 13, 2024",C0364,AHMEDABAD,Apparel,Cotton Kurta,1,Rs. 827.47,0%, ,Credit Card,NA, 
ORD01574,23-Jun-25,C0361,HYDERABAD,grocery,Basmati Rice 5kg,2,497.94,15,Rs. 846.50,Net Banking,3,3
ORD00320,2025-04-16,C0473,ahmedabad,home,Bedsheet Set,1,"Rs. 1,216.43",N/A,"Rs. 1,033.96",COD,5,3
ORD00654,"December 11, 2024",C0337,Mumbai,Groceries,Basmati Rice 5kg,4,521.82,25%,"₹1,565",Credit Card,1,3
ORD02138,11/01/2024,C0288,Mumbai,Home & Kitchen,Pressure Cooker,1,"Rs. 2,672.89",0.10,2406,netbanking,1,NULL
ORD02370,14-Jul-24,C0307,Amdavad,home,Bedsheet Set,1,"₹1,317",0.05,"Rs. 1,251.62",debit_card,3,4
ORD00559,2024-10-24,C0270,Amdavad,Clothing,Denim Jeans,2,"1,457.59",0.10,"₹2,624",COD,0,4
ORD00113,2025-05-20,C0316,HYDERABAD,clothing,Denim Jeans,4,"Rs. 1,707.62",15%,"5,805.91",Net Banking,2,3
ORD00532,2025-01-27,C0432,ahmedabad,Apparel,Running Shoes,2,"2,341.04",0.05,"₹4,448",credit card,8,4
ORD00225,29-May-24,C0110,mumbai,Books,Textbook,1,"INR 1,283.35",5%,1219,Debit Card,6,NULL
ORD00724,2024-04-22,C0178,MUMBAI,HOME,Bedsheet Set,1,"1,191.00",25,893.25,CC,3,0
ORD02477,2024-12-30,C0237, Hyderabad,Electronics,Wireless Earbuds,1,"2,555.59",0.05,"2,427.81",upi,2,4
ORD02624,11/25/2024,n/a,Mumbai,Groceries,Basmati Rice 5kg,2,513,0%,"1,025.56",Credit Card,5,4
ORD01434,20-Feb-24,C0216,Bangalore, Books,Textbook,4,"1,321.49",20%,4229,credit card,2,3
ORD02377,14/10/2024,C0373,hyderabad,electronics,Smart Watch,1,"₹4,170",0.15,3545,Credit Card,1,5
ORD01459,06-Oct-24,C0037,kolkata,HOME,Pressure Cooker,1,"2,856.60",0.10,NA,credit card,1,4
ORD02757,21/04/2024,C0138,mumbai,Apparel,Cotton Kurta,2,966.63,5%,"1,836.59",COD,5,1
ORD00847,06-Jan-25,C0104,Delhi,home,Pressure Cooker,1,"2,825.27",0%,"2,825.27",debit_card,4,1
ORD00194,27/03/2025,C0243,Bengaluru,CLOTHING,Denim Jeans,1,"Rs. 1,445.48",10%,"1,300.93",CC,8,0
ORD01465,2024-01-12,C0259,Madras, Books,Textbook,4," 1,277.58 ",n/a,"₹3,833",Credit Card,NULL,5
ORD00947,2024-10-12,C0364,Ahmedabad,Books,Textbook,10," 1,247.49 ",0.10,"11,227.43",UPI,2,4
ORD02022,"September 27, 2024",C0294,kolkata,Apparel,Running Shoes,1,"Rs. 2,079.05",nan,"₹2,079",netbanking,NA,3
ORD01630,05/28/2025,C0035,kolkata,electronics,Smart Watch,10,"4,120.62",5%,"39,145.88",debit_card,5,3
ORD00118,05/11/2024,C0459,Bombay,HOME,Bedsheet Set,5,"₹1,273",5,"6,045.21",COD,8,5
ORD00646,2025-01-01,C0272, Mumbai ,clothing,Running Shoes,2,"₹2,257",0%,"₹4,514",n/a,3,0
ORD01871,09/23/2024,C0457,kolkata,home,Table Lamp,1,Rs. 707.90,0,Rs. 707.90,credit card,4,nan
ORD00004,2025-01-17,C0442,Chennai,Electronics ,Wireless Earbuds,2,"INR 2,494.73",0.20,3992,Debit Card,3,5
ORD00075,03/03/2025,C0491,kolkata,Grocery,Olive Oil 1L,4,844,0%,"₹3,376",Debit Card,-1,5
ORD01756,2025-03-18,C0063, Mumbai ,home,Table Lamp,1,INR 705.00,NA,564,UPI,1,null
ORD00468,03/11/2024,C0236,Hyderabad,GROCERY,Coffee 500g,3,415.50,nan,1184,netbanking,2,5
ORD00006,25-Feb-25,C0130,Delhi,Clothing,Denim Jeans,2,1610,20%,"2,575.39",N/A, ,5
ORD01247,,C0424,Calcutta,electronics,Wireless Earbuds,1,"INR 2,623.62",0%,"2,623.62",Cash on Delivery,99,4
ORD00920,2024-07-12,C0004,mumbai, Books,Cookbook,1,610.83,5%,580.29,Net Banking,2,
ORD00229,2025-06-16,C0352,New Delhi,home,Bedsheet Set,2,1212,0%,2423,debit_card,2,nan
ORD01064,2024-01-28,C0324, Mumbai ,electronics,Power Bank,1," 1,360.41 ",10%,1224,Net Banking,NULL,NA
ORD00243,not recorded,C0041, Bengaluru ,BOOKS,Novel,2,386.45,0.10,Rs. 695.61,COD,2,4
ORD02539,2025-03-29,C0352,Dehli,clothing,Running Shoes,1,"2,103.57",5%,n/a,CC,6,4
ORD01161,02/04/2024,C0391,delhi,BOOKS,Cookbook,2,₹647,0.15,1099,credit card,5,4.5
ORD02725,2024-06-23,C0003,chennai,Books,Novel,2, 365.57 ,10%, 658.03 ,COD,7,NA
ORD01527,2024-05-31,C0210,MUMBAI,books,Textbook,1,"₹1,358",10%,"1,222.01",upi,3,6
ORD01606,17-Mar-25,C0378,MUMBAI,electronics,Power Bank,1,"1,171.17",5%,"Rs. 1,112.61",Credit Card,7,4
ORD02842,13-Apr-24,C0194, Mumbai , Books,Novel,2,433.65,0.00,867.30,netbanking,1,4
ORD02375,2024-08-09,C0406,Calcutta,HOME,Table Lamp,2,₹725,10%,"INR 3,219.36",Net Banking,N/A,2
ORD02598,16/01/2025,C0282, Mumbai ,CLOTHING,Running Shoes,2,"₹2,239",15,missing,debit_card,3,missing
ORD01990,03/04/2024,C0029,kolkata,BOOKS,Novel,2,₹431,0.15,"₹2,145",CC,2,4
ORD02400,"January 14, 2024",C0370, Hyderabad,GROCERY,Coffee 500g,2,₹385,10%,693.19,credit card,3,
ORD01976,not recorded,C0144,Ahmedabad,home,Pressure Cooker,5,"2,633.96",0%,"Rs. 13,169.80",Debit Card,3,5
ORD01762,07-Oct-24,C0019,CHENNAI,Apparel,Cotton Kurta,2,N/A,0,"Rs. 1,681.83",NULL,missing,nan
ORD01306,27-Jun-25,C0261,NEW DELHI,grocery,Coffee 500g,5,448.60,0.05," 2,130.86 ",COD,1,4
ORD01542,"November 07, 2024",C0297,New Delhi,CLOTHING,Cotton Kurta,5,939.52,15%,11357,Credit Card,3,4
ORD00623,09-Jan-25,C0144,Amdavad, Books,Novel,1,435.89,20,348.71,COD,3,3
ORD02361,06/03/2024,C0169, Bengaluru ,Grocery,Coffee 500g,2,388.51,0,₹777,Credit Card,2,3
ORD01494,2024-03-17,C0392,Bombay,CLOTHING,Cotton Kurta,2,850.87,0.00,"₹1,702",netbanking,4,-
ORD00111,"July 17, 2024",C0381,CHENNAI,Electronics ,Wireless Earbuds,4,"2,324.99",10%,"INR 8,369.98",debit_card,1,4
ORD02657,2024-02-04,C0122,MUMBAI,Apparel,Cotton Kurta,1,Rs. 981.08,0.05,null,netbanking,8,-
ORD01170,"May 18, 2025",C0001, Mumbai ,Electronics ,Wireless Earbuds,2,"2,693.75",0.15,"₹4,579",debit_card,2,NA
ORD02510,2024-11-28,C0008,ahmedabad,Home,Bedsheet Set,3,missing,0,"Rs. 3,344.25",Credit Card,3,4
ORD00233,24/01/2024,C0365, Mumbai ,Electronics ,Power Bank,1,"₹1,400",20,"₹1,120",credit card,5,5
ORD00067,2024-02-23,C0371,Mumbai,Electronics,Wireless Earbuds,5,"2,700.36",0.25,"₹10,126",Credit Card,1,2
ORD02763,26-Nov-24,C0307,AHMEDABAD,ELECTRONICS,Smart Watch,1,3970,5%,"3,771.89",netbanking,2, 
ORD02073,04/02/2025,C0349,mumbai,electronics,Power Bank,?,1269,0.00,"₹6,344",UPI,3,missing
ORD02193,"January 28, 2024",C0016,Bombay,clothing,Cotton Kurta,3,₹897,0%,"2,691.65",COD,2,5
ORD00537,2025-04-07,C0178,Bombay,Electronics ,Power Bank,2,"1,360.47",-,NA,UPI,7,5
ORD00126,17/01/2025,C0234,Amdavad,BOOKS,Cookbook,2, 680.02 ,0.05,"₹1,292",COD,1,5
ORD02134,20-Jul-24,C0378,Bombay,Home,Pressure Cooker,4,"₹2,871",20,"₹9,187",upi,5,1
ORD01255,"October 07, 2024",C0426, Mumbai , Books,Novel,5,₹407,0,2035,Credit Card,3,3
ORD02535,2024-05-26,C0156,New Delhi,BOOKS,Cookbook,3,589,5%,"₹1,680",COD,5,5
ORD01977,2024-12-12,C0148,Amdavad,Groceries,Olive Oil 1L,2,₹704,10%,1267,Debit Card,2,5
ORD02511,28/10/2024,C0442,CHENNAI,Clothing,Cotton Kurta,500, 960.02 ,0%,1186995,CC,7,N/A
ORD02374,2024-10-03,C0500,Mumbai,Groceries,Coffee 500g,2,₹423,0.10,761.66,COD,2,nan
ORD02076,01/02/2025,C0333,NEW DELHI,ELECTRONICS,Wireless Earbuds,1,2502,0.05,nan,CC,1,5
ORD00485,15/08/2024,C0458,CHENNAI,Grocery,Olive Oil 1L,3,735.05,0.10,1985,UPI,2,-
ORD01655,2025-01-21,C0262,KOLKATA,grocery,Basmati Rice 5kg,1,520,0,520.38,credit card,4,-
ORD02731,14-Jan-24,C0451,Amdavad,clothing,Cotton Kurta,1,₹824,20%,₹659,debit_card,8,NA
ORD02313,24-Dec-24,C0046,Madras,Clothing,Denim Jeans,5,"INR 1,676.38",0.25,"6,286.44",Net Banking,4,4
ORD02453,26-Feb-25,C0046,Madras,BOOKS,Novel,1,₹420,5%, 398.91 ,credit card,6,4
ORD01775,"March 21, 2025",C0016,Mumbai,Electronics,Smart Watch,1,"Rs. 3,811.92",0," 3,811.92 ",upi,2,4
ORD00919,2024-09-04,C0443,Ahmedabad,BOOKS,Textbook,1,1285,0,"Rs. 1,284.63",UPI,6,4
ORD01647,2024-02-16,C0255,MUMBAI,books,Novel,5,394,10,"₹1,772",netbanking,4,null
ORD01027,2024-07-14,C0071,Dehli,Grocery,Olive Oil 1L,1, 832.50 ,5,Rs. 790.87,COD,5,?
ORD01031,2025-03-24,C0323,bengaluru,BOOKS,Textbook,2,"Rs. 1,213.65",0,"2,427.30",debit_card,7,3
ORD00883,10/26/2024,C0403,Calcutta,Books,Novel,NULL,407,0.05,"₹1,160",CC,3,6
ORD01336,2024-02-02,C0015,NEW DELHI,Clothing,Running Shoes,5,"₹2,495",0.05,"11,850.88",COD,4,1
ORD02853,2024-08-08,C0430,KOLKATA,Electronics ,Wireless Earbuds,4,2730,5,"Rs. 10,372.66",COD,3,N/A
ORD00365,"March 29, 2024",C0349,MUMBAI,Groceries,Olive Oil 1L,1,742.00,0.10,₹668,credit card,3,3
ORD02126,"March 02, 2024",C0323,Bengaluru,books,Cookbook,1,667.47,5%,634.09,Credit Card,2,3
ORD00028,2025-03-20,C0416,kolkata,Clothing,Running Shoes,1,"2,370.86",0.05,"2,252.31",Net Banking,0,4
ORD00474,not recorded,C0423,mumbai,Home & Kitchen,Pressure Cooker,5,"Rs. 2,568.43",0,"₹12,842",Debit Card,5,4
ORD00526,,C0084,Delhi,clothing,Denim Jeans,2,"1,569.52",nan,"₹3,139",UPI,5,3
ORD00726,27-Jun-25,C0427,Chennai,grocery,Olive Oil 1L,2,717.24,0.05,"Rs. 1,362.76", ,2,4.5
ORD00056,12/04/2024,C0046,Chennai,ELECTRONICS,Wireless Earbuds,2,"2,454.66",0.05,"4,663.85",upi,6,5
ORD00639,01-Aug-24,C0204,MUMBAI,Electronics ,Wireless Earbuds,3," 2,458.55 ",0,"₹15,504",Net Banking,4,4
ORD00303,03/02/2025,C0336,mumbai,Electronics,Smart Watch,1,"₹3,742",20%,"2,993.84",Net Banking,4,2
ORD02662,12/08/2024,C0050,Delhi,Clothing,Running Shoes,1,"₹2,496",null,"2,495.60",UPI,N/A,5
ORD01277,2024-05-18,C0099,delhi,Grocery,Basmati Rice 5kg,1,null,0.00,530.02,Cash on Delivery,4,3
ORD02690,06/06/2025,C0281,New Delhi,Home & Kitchen,Table Lamp,3,707.31,10,"1,909.73",UPI,3,5
ORD00625,2024-01-05,C0038,CHENNAI,HOME,Bedsheet Set,1,"INR 1,183.91",0.15,"Rs. 1,006.33",Debit Card,5,5
ORD02056,31/03/2024,C0476,New Delhi,Books,Novel,1,416,0.00,n/a,netbanking,7,n/a
ORD01281,06/03/2025,C0233,Madras,Books,Textbook,1,"INR 1,276.78",25%,₹958,credit card,5,4.5
ORD01050,13-Apr-24,C0271, Hyderabad,Home,Bedsheet Set,5,"₹1,119",0.00,5596,UPI,1,4
ORD00337,17-Oct-24,C0058,Bombay,grocery,Olive Oil 1L,1,₹842,10, 758.10 ,Cash on Delivery,nan,5
ORD00048,06/19/2025,C0335,ahmedabad,Apparel,Running Shoes,1,"Rs. 2,525.87",5%,2400,credit card,4,4
ORD00107,2024-10-21,C0408,bengaluru, Books,Textbook,2,"₹1,261",0%,"₹2,522",Net Banking,7,NA
ORD01080,2024-01-07,C0151,HYDERABAD,books,Cookbook,10,684.77,0.00,"₹6,848",CC,nan,4
ORD02262,"April 22, 2025",C0476,Delhi,Groceries,Olive Oil 1L,2, 762.27 ,0.00,"Rs. 1,524.53",CC,6,2
ORD01145,21/12/2024,C0425,Madras,books,Textbook,1,1251,0.00,1251,Debit Card,6,n/a
ORD00064,2024-12-02,C0038,CHENNAI,home,Bedsheet Set,1,"₹1,114",0.00,"Rs. 2,820.83",Cash on Delivery,7,5
ORD01837,24/06/2025,C0229,NEW DELHI,ELECTRONICS,Power Bank,2,"₹1,196",0,"Rs. 2,392.23",netbanking,3,4
ORD01754,2024-05-10,C0291,delhi,CLOTHING,Cotton Kurta,2,928,0.15,"Rs. 1,576.84",COD,1,
ORD01102,24-Oct-24,C0109,Bengaluru,Electronics,Smart Watch,2,"₹3,975",0.00,"Rs. 7,950.63",Net Banking,2,
ORD01969,"September 17, 2024",C0322,NEW DELHI,GROCERY,Coffee 500g,3, 404.99 ,0.00,"Rs. 1,214.97",COD,3,5
ORD00524,31/02/2024,C0386,BANGALORE,Groceries,Olive Oil 1L,5,nan,0.00,"Rs. 3,525.01",upi,3,N/A
ORD02281,2024-07-13,C0207,BANGALORE,books,Cookbook,1,672.85,20%,Rs. 538.28,CC,5,NULL
ORD01429,06/13/2024,C0485,ahmedabad,Home,Bedsheet Set,2,"INR 1,182.74",0.10,"2,128.92",debit_card,5,5
ORD02930,2024-07-04,C0010,Ahmedabad,Home,Pressure Cooker,2,2865,10%,"₹5,157",Net Banking,0,3
ORD00604,2024-02-01,C0200,AHMEDABAD,HOME,Pressure Cooker,2,"INR 3,068.81",10%,5524,Credit Card,2,null
ORD01490,2025-01-28,C0083,kolkata,ELECTRONICS,Smart Watch,1,"3,659.94",20,"2,927.95",upi,8,2
ORD02399,2024-01-17,C0155,bengaluru,clothing,Running Shoes,0,"₹2,306",NA,0,Net Banking,2,5
ORD00061,2024-01-06,C0291,Delhi,clothing,Running Shoes,2,"₹2,123",0%,"₹4,246",UPI,2,0
ORD02805,04/03/2024,C0205,Bengaluru,Electronics,Power Bank,4,"Rs. 1,347.21",0.15,"4,580.51",Debit Card,2,4
ORD00672,2024-08-24,C0262,kolkata, Books,Cookbook,5, 613.14 ,0.10,2759,COD,5,0
ORD00093,"September 25, 2024",C0278,Chennai,Home & Kitchen,Bedsheet Set,3,"Rs. 1,297.33",0.15,3308,netbanking,5,5
ORD00667,2025-02-24,C0375,bengaluru,Clothing,Running Shoes,1,2247,0.00,"2,246.92",COD,4,NULL
ORD01888,2024-09-30,C0380,chennai,BOOKS,Textbook,1,"1,133.65",10%,"1,020.29",CC,3,3
ORD00281,2025-06-22,C0123,Bengaluru,Electronics ,Power Bank,1,1421,15%,"Rs. 1,207.88",upi,4,4
ORD01720,28/01/2024,C0040, Mumbai ,BOOKS,Textbook,2,"₹1,176",0.00,"2,352.82",upi,6,2
ORD00360,2024-13-45,C0435,AHMEDABAD,home,Pressure Cooker,5,2832,0.20,"INR 11,328.26",Net Banking,1,4
ORD00900,19-Aug-24,C0310,MUMBAI,Electronics,Wireless Earbuds,1,"2,688.01",0,"2,688.01",credit card,4,4
ORD01936,23/06/2025,, Hyderabad,Electronics ,Smart Watch,1,"3,875.33",0.10,nan,credit card,8,N/A
ORD01995,2025-05-23,C0414,Kolkata,Home,Table Lamp,4,?,0%,"3,215.71",CC,3,5
ORD02360,2024-06-01,C0160,Chennai,Apparel,Cotton Kurta,1,₹938,10%,₹844,credit card,nan,0
ORD00761,07/04/2025,C0154,Bangalore,ELECTRONICS,Power Bank,4,"INR 1,393.74",10,"5,017.46",Net Banking,5,5
ORD02159,10/07/2024,C0181,Mumbai, Books,Cookbook,2, 672.63 ,0.05,"Rs. 1,278.00",netbanking,5,1
ORD02677,25-Feb-25,C0011,NEW DELHI,CLOTHING,Denim Jeans,5,"₹1,540",-,"Rs. 6,546.58",upi,0,5
ORD00043,"August 03, 2024",C0151,hyderabad,Home,Bedsheet Set,2,1211,20%,"₹1,938",upi,1,NULL
ORD02174,27-Oct-24,C0398,Kolkata,Home & Kitchen,Table Lamp,1,₹686,15,INR 583.47,NA,4,4
ORD00205,2024-11-25,C0241, Bengaluru ,BOOKS,Cookbook,4,₹699,0,"₹2,798",Net Banking,4,5
ORD01474,11/12/2024,C0222,Ahmedabad,Books,Cookbook,1,INR 693.21,25%, 519.91 ,COD,1,5
ORD02101,2024-07-05,C0141,ahmedabad,ELECTRONICS,Power Bank,10,"1,197.44",20%,"9,579.54",upi,4,5
ORD00069,16-Nov-24,C0097,Madras,books,Textbook,2,"1,328.50",15,"₹2,258",credit card,2,3
ORD01876,08/17/2024,C0236,Hyderabad,Clothing,Running Shoes,1,"Rs. 2,410.86",0%,"2,410.86",Credit Card,3,4
ORD02427,12/10/2024,C0075,kolkata,Clothing,Running Shoes,3,"Rs. 2,152.66",0.00,"INR 6,457.98",COD,4,null
ORD02232,11/30/2024,-,Mumbai,Home,Table Lamp,5,776.58,0.00,"3,882.89",credit card,4,5
ORD00138,20-Apr-25,C0423,Mumbai, Books,Textbook,5,"₹1,343",5%,"Rs. 17,514.14",COD,1,nan
ORD00797,"February 01, 2024",C0053,AHMEDABAD, Books,Novel,1,382.37,0.20,INR 305.90,Cash on Delivery,4,5
ORD02181,2025-03-22,C0093,Dehli,Home & Kitchen,Bedsheet Set,4,"1,081.34",0.05,"4,109.08",CC,3,4
ORD02129,2024-07-13,C0385,Amdavad,electronics,Wireless Earbuds,2,"2,370.34",0%,"₹4,741",credit card,2,N/A
ORD00759,2024-12-02,C0095,Hyderabad,Electronics,Power Bank,3,"₹1,406",0.00,"4,217.68",netbanking,2,3
ORD00542,13-Dec-24,C0459, Mumbai ,CLOTHING,Running Shoes,1,"INR 2,098.31",0,"2,098.31",debit_card,3,2
ORD01020,2024-05-05,C0460,Hyderabad,Groceries,Coffee 500g,4,INR 392.93,10," 3,100.01 ",Debit Card,5,0
ORD02336,2024-05-07,C0404,Madras,ELECTRONICS,Power Bank,5,1212,15%,"Rs. 5,152.66",debit_card,NA,4
ORD00166,2024-05-23,C0160,chennai,GROCERY,Coffee 500g,1,Rs. 432.99,0%,₹433,CC,3,4
ORD00249,08/02/2024,C0477,Calcutta,books,Novel,2,NA,10,₹726,debit_card,7,5
ORD01332,17/04/2025,C0497,Kolkata,ELECTRONICS,Power Bank,1," 1,362.13 ",0.20,"Rs. 1,089.70",CC,5,3
ORD02018,07-Jul-24,C0462,Dehli,grocery,Basmati Rice 5kg,1,599,0.00,"₹1,255",UPI,4,3
ORD00447,01/15/2024,C0271,HYDERABAD,Apparel,Denim Jeans,2,1729,5%,3286,debit_card,1,?
ORD01359,2025-01-05,C0459, Mumbai ,clothing,Running Shoes,4,"INR 2,354.08",5," 8,945.52 ",Cash on Delivery,5,4
ORD02146,16-Dec-24,C0398,Calcutta,home,Pressure Cooker,10,"INR 2,803.28",5%,"Rs. 26,631.12",Debit Card,5,-
ORD01330,2024-11-01,C0052,Amdavad,CLOTHING,Running Shoes,2,"2,078.04",0.00,"4,156.07",UPI,6,3
ORD02968,30/05/2025,C0184,MUMBAI,BOOKS,Novel,1,421,20,336.43,Net Banking,4,n/a
ORD02151,06/26/2025,C0255,Bombay,Books,Novel,5,₹395,20%,"1,578.96",credit card,4,5
ORD00435,30/08/2024,C0448,Bangalore,Grocery,Basmati Rice 5kg,2,₹548,10%,INR 986.53,UPI,2,5
ORD02123,21/01/2024,C0046,CHENNAI,GROCERY,Olive Oil 1L,2,INR 833.50,0.00,"₹1,667",CC,6,5
ORD00578,29-Jun-24,C0467,AHMEDABAD,ELECTRONICS,Power Bank,1," 1,268.94 ",0.05," 1,205.49 ",upi,3,missing
ORD02439,15-Sep-24, ,KOLKATA,BOOKS,Novel,2,428,0.00,Rs. 855.04,debit_card,4,?
ORD02907,2024-05-08,C0245, Mumbai ,Books,Textbook,2,"1,249.98",10%,2250,Net Banking,2,4
ORD01849,2025-06-13,C0161,mumbai,Grocery,Olive Oil 1L,1,Rs. 848.90,10,null,Net Banking,5,5
ORD00763,05/02/2025,nan,Dehli,Apparel,Cotton Kurta,10,827,0%,"8,273.44",debit_card,2, 
ORD00389,09/11/2024,C0012,delhi,HOME,Pressure Cooker,2,"2,839.69",0.20,"4,543.50",upi,2,NULL
ORD00236,2024-06-29,C0267, Mumbai ,home,Bedsheet Set,1,1228, ,"1,105.20",netbanking,3,N/A
ORD02659,31/02/2024,C0396,Bombay,ELECTRONICS,Wireless Earbuds,2,"2,659.24",20,"4,254.79",Debit Card,6,3
ORD01985,2025-06-23,C0155,bengaluru,grocery,Coffee 500g,2,388,0%, 775.87 ,Credit Card,5,4
ORD00268,,C0378,Mumbai,Apparel,Cotton Kurta,1,Rs. 815.68,0,₹816,credit card,5,5
ORD00771,09/11/2024,C0024,Kolkata,HOME,Pressure Cooker,1,,5%,2587,Debit Card,2,5
ORD02166,2024-07-08,C0477,Kolkata,Apparel,Denim Jeans,2,"1,588.63",0.20,"2,541.81",COD,7,4
ORD00438,2024-07-01,C0467,Ahmedabad,Electronics,Power Bank,1,"1,395.71",0.00,1396,CC,3,5
ORD00674,"September 15, 2024",C0172,HYDERABAD,Electronics ,Power Bank,2,"1,358.52",15%,"2,309.48",debit_card,0,5
ORD00250,,C0162,Calcutta,books,Cookbook,5,697.86,0," 3,489.29 ",debit_card,1,3
ORD02202,2024-04-11,C0273,Mumbai,CLOTHING,Running Shoes,1,"2,412.54",10%,"Rs. 6,405.90",UPI,5,5
ORD01575,2025-06-11,C0394,Bombay,ELECTRONICS,Smart Watch,4,"Rs. 4,023.15",0.15," 13,678.72 ",Net Banking,5,?
ORD02143,2024-11-02,C0097,Chennai,books,Novel,3,411.67,15%,"Rs. 1,049.76",Credit Card,3,4
ORD02082,01/30/2024,C0140,BANGALORE,Home & Kitchen,Table Lamp,1,791.03,0%,Rs. 791.03,netbanking,2,4
ORD02672,2024-10-02,C0253,ahmedabad,HOME,Table Lamp,5,missing,0.00,"INR 3,749.85",upi,,0
ORD02622,30-Aug-24,C0372,hyderabad,HOME,Pressure Cooker,5," 2,926.84 ",0,"INR 14,634.18",Credit Card,6,1
ORD02795,2024-10-23,C0278,Madras,Apparel,Cotton Kurta,nan,979.82,10,"1,763.68",Debit Card,4,NULL
ORD00449,16-Nov-24,C0442,Chennai,CLOTHING,Running Shoes,1,"2,164.61",15, ,upi,6,3
ORD01470,03/06/2024,C0073,Delhi,books,Cookbook,1,674.94,0%,674.94,Net Banking,6,2
ORD00717,01/09/2024,C0455,mumbai,BOOKS,Textbook,1,1257,5%,NULL,COD,4,NA
ORD02507,2025-02-16,C0364,ahmedabad,ELECTRONICS,Wireless Earbuds,1,"2,555.45",15%,"4,272.51",credit card,3,4
ORD02669,18/02/2025,C0307,AHMEDABAD,Clothing,Cotton Kurta,2,Rs. 862.77,5%," 1,639.27 ",UPI,5,NULL
ORD02049,2024-02-04,C0398,Calcutta,Groceries,Olive Oil 1L,5,728.44,0,3642,netbanking,3,5
ORD01902,10-Jan-25,C0344,HYDERABAD,Apparel,Running Shoes,4,"2,228.16",15%,"7,575.76",upi,4,5
ORD01169,15-Apr-24,C0142,Hyderabad,Home & Kitchen,Pressure Cooker,2,"2,773.73",0.00,"₹5,547",Debit Card,5,?
ORD00083,2024-05-23,C0336,MUMBAI,Electronics ,Wireless Earbuds,1,2531,5,"2,404.03",netbanking,4,3
ORD02473,08/22/2024,C0240,Mumbai,electronics,Power Bank,1,"Rs. 1,336.25",0.10,"Rs. 1,202.63",upi,4,3
ORD01461,01-Mar-25,C0392,Bombay,electronics,Power Bank,4,"1,359.94",0,"5,439.78",Net Banking,5,2
ORD01894,2024-01-25,C0073,Delhi,ELECTRONICS,Wireless Earbuds,1,"2,520.35",0.00,"₹2,520",UPI,3,3
ORD01669,07/04/2025,C0022,CHENNAI,grocery,Olive Oil 1L,2,856.39,0.15,"1,455.87",Credit Card,7,4
ORD02001,"November 20, 2024",C0308,ahmedabad,Groceries,Coffee 500g,2,403.34,20,Rs. 645.35,CC,n/a,3
ORD00476,2024-05-29,C0500,MUMBAI,electronics,Power Bank,5,"1,247.90",0.10,"₹5,616",Credit Card,6,3
ORD00518,"November 26, 2024",C0388,CHENNAI,grocery,Coffee 500g,2,445.56,0,Rs. 891.12,upi,3,1
ORD00405,2025-01-01,C0219,hyderabad,Home & Kitchen,Table Lamp,2,Rs. 740.22,NULL,"1,480.44",Credit Card,5,NULL
ORD00385,2025-04-09,C0368, Mumbai ,grocery,Basmati Rice 5kg,1,496,10%,446,Debit Card,4,?
ORD02482,2024-12-07,C0213,Calcutta,Groceries,Coffee 500g,10,Rs. 441.74,0," 4,417.36 ",Debit Card,2,4.5
ORD02153,10/06/2025,C0143,MUMBAI,grocery,Basmati Rice 5kg,0,NULL,5,Rs. 0.00,Debit Card,2,5
ORD01634,11/27/2024,C0073,Delhi,Clothing,Cotton Kurta,2,972.26,10," 1,750.07 ",debit_card,0,5
ORD02917,07-Apr-24,C0479,hyderabad,Books,Textbook,1,"1,247.69",5%," 1,185.30 ",Cash on Delivery,n/a,NA
ORD00689,2024-11-29,C0478,Madras,Home,Table Lamp,5,₹733,15,3115,CC,-1,5
ORD01241,24/11/2024,C0189,Bangalore,Electronics ,Power Bank,5,"1,242.41",10,"₹5,591",Debit Card,5,5
ORD00063,2024-12-27,C0383,Mumbai, Books,Cookbook,1,598.98,0.00,Rs. 598.98,netbanking,1,3
ORD00853,2024-02-26,C0340,BANGALORE,Electronics,Wireless Earbuds,2,2613,0,"5,226.00",NULL,4,5
ORD02807,"November 30, 2024",C0393,Chennai,Electronics,Wireless Earbuds,3,"₹2,579",0%,"₹7,737",credit card,2,2
ORD02527,18-Jul-24,C0067,MUMBAI,books,Cookbook,4,694.11,15,NULL,upi,6,NULL
ORD01263,2024-03-19,C0181,Bombay,HOME,Table Lamp,4,INR 721.74,0,2887,UPI,3,4
ORD00224,2024-02-10,C0286,mumbai,GROCERY,Olive Oil 1L,,?,0.00,₹825,Credit Card,2,3
ORD02194,16/09/2024,C0251,New Delhi,BOOKS,Novel,1,₹372,0%,372.15,COD,7,5
ORD00374,"January 18, 2025",null,Madras,CLOTHING,Running Shoes,5,2331,N/A,"Rs. 11,656.56",upi,0,2
ORD01825,01/03/2024,C0391,Delhi,Grocery,Basmati Rice 5kg,2,537.85,0.00,"1,075.71",netbanking,2,4
ORD02589,,C0347,chennai,GROCERY,Coffee 500g,1,446.79,0%,446.79,missing,2,5
ORD02927,09/16/2024,C0319,hyderabad, Books,Novel,2,₹366,15%,622.84,netbanking,3,3
ORD02651,21-May-24,C0085,Bengaluru,GROCERY,Olive Oil 1L,1,723.31,5,₹687,netbanking,5,4
ORD02739,2024-13-45,C0249,Hyderabad,CLOTHING,Denim Jeans,1," 1,446.04 ",0.00,"1,446.04",upi,1,5
ORD00010,2025-05-11,C0325,Bengaluru,Home & Kitchen,Bedsheet Set,1,"INR 1,272.75",0.00," 1,272.75 ",CC,5,5
ORD01945,2025-02-08,C0148,ahmedabad,Home,Bedsheet Set,1,"1,154.66",0," 1,154.66 ",UPI,3,-
ORD01839,08/25/2024,C0370,HYDERABAD,Home & Kitchen,Table Lamp,2,INR 755.04,0,"1,510.07",upi,3,4
ORD00709,2024-05-05,C0287,MUMBAI,BOOKS,Textbook,1,missing,0.15,N/A,Cash on Delivery,3,1
ORD00256,2024-08-05,C0437, Mumbai ,Electronics,Power Bank,1,1196,5,"₹1,136",Debit Card,1,1
ORD01618,14-Jul-24,C0117,Bombay,Home & Kitchen,Table Lamp,10, 785.11 ,NULL,"Rs. 6,280.86",UPI,1,2
ORD00390,28-Sep-24,C0137,mumbai,grocery,Basmati Rice 5kg,1,585,0,584.50,Net Banking,2,3
ORD01582,03/12/2024,C0058, Mumbai ,CLOTHING,Denim Jeans,2,"1,482.31",25%,"2,223.47",CC,4,NA
ORD00925,2025-05-27,C0053,Ahmedabad,HOME,Table Lamp,2,810,0,"₹1,621",debit_card,3,4
ORD02037,,C0102,Bengaluru,Apparel,Denim Jeans,1,"1,560.49",0%,"1,560.49",CC,1,3
ORD02820,2024-02-19,C0230,KOLKATA,Electronics,Power Bank,1,"1,233.82",10,1110,Debit Card,4,n/a
ORD01225,24/08/2024,C0002,delhi,CLOTHING,Running Shoes,1,"2,521.82",5%,"₹2,396",Net Banking,NULL,5
ORD01947,2025-04-17,C0500,MUMBAI,Clothing,Denim Jeans,1,?,10%,"₹1,501",upi,null,4
ORD00740,08/05/2025,n/a,AHMEDABAD,Electronics ,Wireless Earbuds,2," 2,534.66 ",0,"5,069.33",netbanking,1,2
ORD00041,2024-05-30,C0416,KOLKATA,Home,Pressure Cooker,5,"₹2,961",20%,"INR 11,842.81",debit_card,3,6
ORD00869,"August 08, 2024",C0373,HYDERABAD, Books,Textbook,1,"1,215.15",0.10,"INR 1,093.63",UPI,2,4
ORD00540,2024-06-21,C0022,Chennai,Books,Textbook,2,1265,25,"1,896.90",Credit Card,3,4
ORD02562,06/20/2024,C0077,KOLKATA,Electronics ,Smart Watch,5,"3,944.16",0,19721,Net Banking,,4
ORD01372,05/13/2025,C0008,Amdavad,Home & Kitchen,Bedsheet Set,1,"1,094.21",10, 984.79 ,debit_card,1,2
ORD01146,02-May-24,C0371, Mumbai ,Clothing,Cotton Kurta,4,875.53,25,"2,626.58",COD,3,4
ORD01032,2024-04-10,C0137,mumbai,clothing,Running Shoes,1,"₹2,452",0.25,"Rs. 1,838.83",netbanking,2,3
ORD00373,2025-02-01,C0390, Hyderabad,Home,Pressure Cooker,3,"₹2,903",?,"₹8,709",CC,5,4
ORD00668,2024-09-04,C0132,Hyderabad,Apparel,Cotton Kurta,2,NULL,5%," 2,597.88 ",upi,6,3
ORD00358,02-Oct-24,C0001,Bombay,Clothing,Denim Jeans,3,"Rs. 1,471.26",10,"3,972.41",netbanking,4,4
ORD00968,2024-03-20,C0190,BANGALORE,Grocery,Basmati Rice 5kg,1,518.12,0%, 518.12 ,CC,7,3
ORD01354,16/03/2024,C0186,hyderabad, Books,Cookbook,2,₹621,0%,"Rs. 1,241.91",UPI,2,3
ORD01036,03/05/2024,C0491,Calcutta, Books,Cookbook,2,627.99,5,"1,193.18",debit_card,6,4
ORD00471,2025-04-23,C0272,mumbai,CLOTHING,Cotton Kurta,1,INR 898.44,NA,808.60,netbanking,4,4
ORD01397,08/01/2024,C0284, Mumbai ,Apparel,Running Shoes,1,2278,10,"2,050.18",CC,4,3
ORD02675,"May 01, 2025",C0247,bengaluru,grocery,Olive Oil 1L,10,Rs. 812.32,0.10,7311,Debit Card,4,4
ORD01550,,C0002,NEW DELHI,BOOKS,Textbook,10,1332,10%,"11,988.90",credit card,4,5
ORD01257,11/29/2024,C0467,AHMEDABAD,Home,Pressure Cooker,2," 2,743.86 ",10%," 4,938.94 ",debit_card,4,2
ORD02095,"July 06, 2024",C0022,chennai,grocery,Coffee 500g,3, 445.06 ,20%,n/a,upi,6,6
ORD01556,"March 01, 2024",C0254, Mumbai ,electronics,Wireless Earbuds,2,2378,0%," 4,755.54 ",credit card,2,2
ORD02643,2024-02-29,C0014,mumbai,BOOKS,Cookbook,1,Rs. 706.39,25%, 529.79 ,COD,1,5
ORD01251,2024-07-03,C0069,Ahmedabad,Groceries,Basmati Rice 5kg,2,522.43,n/a,₹940,Cash on Delivery,7,4
ORD01700,17/02/2024,C0377,kolkata, Books,Textbook,1,"Rs. 1,237.53",5%," 1,175.65 ",COD,4,4
ORD01253,2024-06-09,C0431,Dehli,electronics,Wireless Earbuds,500,"2,689.49",,"₹1,344,746",debit_card,6,missing
ORD02838,28-May-25,C0436,Bangalore,HOME,Table Lamp,1,736,0%, 735.69 ,Net Banking,5,nan
ORD00080,2024-06-07,C0105,Ahmedabad,Electronics ,Smart Watch,2,"4,372.73",0%,"8,745.46",credit card,1,4
ORD01173,02/11/2024,C0224,Calcutta,Apparel,Denim Jeans,1,"1,645.55",0.05,"INR 1,563.27",COD,1,5
ORD00815,11-Sep-24,C0364,AHMEDABAD,Apparel,Running Shoes,2,"INR 2,205.22",5%,"₹4,190",-,3,5
ORD01853,22-Feb-25,C0028,Amdavad,GROCERY,Coffee 500g,3,Rs. 450.73,15,"1,149.37",Credit Card,3,4
ORD02221,2024-01-31,C0033,HYDERABAD,grocery,Olive Oil 1L,1,768,0.15,652.65,netbanking,1,4
ORD02683,23-Jan-25,C0264,delhi,ELECTRONICS,Wireless Earbuds,1,"Rs. 2,331.49",0%,"INR 2,331.49",CC,2,4
ORD02106,2024-07-25,C0010,AHMEDABAD,HOME,Table Lamp,1,₹820,5, 779.47 ,netbanking,6,0
ORD00134,08-Aug-24,C0264,delhi,Home & Kitchen,Table Lamp,2,778.10,0%,"1,556.20",UPI,5,4
ORD01141,21-Jan-24,C0411, Mumbai ,CLOTHING,Denim Jeans,1,"1,519.43",20,"₹1,216",upi,8,4
ORD00934,2025-06-10,C0191,Bombay,books,Textbook,2,-,10%," 2,152.74 ",COD,4,5
ORD00929,2024-06-16,C0141,AHMEDABAD,electronics,Power Bank,3,"INR 1,378.06",10%,"3,720.76",netbanking,1,5
ORD00824,29/03/2025,C0424,kolkata,ELECTRONICS,Power Bank,1,"Rs. 1,227.54",25%, 920.65 ,UPI,3,4
ORD01532,2025-05-31,C0316,HYDERABAD, Books,Novel,2,439,0,877.68,debit_card,2,5
ORD01215,2024-02-24,C0248,Dehli,electronics,Smart Watch,2,"4,146.56",0,"INR 8,293.13",Net Banking,3,5
ORD00505,2025-03-16,C0325, Bengaluru ,Books,Textbook,1,"₹1,365",20,"1,092.33",Debit Card,6,?
ORD01361,08/08/2024,C0381,chennai,Clothing,Running Shoes,4,"2,079.22",10,"₹7,485",UPI,3,4
ORD02396,06-Oct-24,C0338,Chennai,Books,Textbook,3,"₹1,172",0.05,"3,340.06",credit card,5,4
ORD01997,2024-11-02,C0174,Delhi,Clothing,Running Shoes,1,"2,265.81",0%,2266,CC,3,3
ORD02435,"December 26, 2024",C0022,CHENNAI,ELECTRONICS,Smart Watch,1,"3,867.98",0%,3868,UPI,3,4
ORD01959,2024-10-13,C0045,Mumbai,Home,Bedsheet Set,3," 1,307.06 ",15%,"₹3,333",Net Banking,6,4
ORD01385,2025-01-08,n/a,kolkata, Books,Textbook,2," 1,310.05 ",0.05," 2,489.09 ",COD,nan,5
ORD00895,13-Aug-24,C0212,Calcutta,Grocery,Basmati Rice 5kg,4,545.24,0%,"Rs. 2,180.96",CC,3,5
ORD00829,2024-09-13,C0493,Dehli,ELECTRONICS,Smart Watch,1,3897,10,"₹3,507",credit card,5,3
ORD02978,20/09/2024,C0357,Bombay,HOME,Pressure Cooker,3," 2,804.52 ",5,7993,UPI,2,2
ORD01684,2024-06-09,?,New Delhi,books,Cookbook,1,636,5,603.92,netbanking,3,
ORD02628,25/12/2024,C0108,MUMBAI,Electronics ,Power Bank,1,1292,0.05,"INR 1,227.20",COD,1,NULL
ORD02612,2024-01-10,C0468,ahmedabad,Grocery,Basmati Rice 5kg,5,532.86,0.00,"2,664.30",UPI,8,5
ORD02564,30/05/2024,C0325,bengaluru,home,Bedsheet Set, ,"INR 1,247.78",10,"2,246.01",CC,7,3
ORD00653,2025-05-21,C0482,MUMBAI,Apparel,Running Shoes,5,"2,503.47",10,?,COD,2,4
ORD00173,27/10/2024,C0175,HYDERABAD,clothing,Running Shoes,2,"2,492.69",0.00,"4,985.39",credit card,2,n/a
ORD00039,"January 22, 2024",C0170,MUMBAI,Clothing,Denim Jeans,2,1613,null,"₹3,226",CC,7,5
ORD02918,01/04/2024,C0138,mumbai,Clothing,Denim Jeans,1," 1,753.75 ",0.10,"1,578.38",CC,1,3
ORD00714,"July 09, 2024",C0339,ahmedabad,Books,Cookbook,1,632.78,10%,569.50,netbanking,4,0
ORD00091,"January 10, 2025",C0362,bengaluru,Apparel,Denim Jeans,3,"₹1,732",0,5195,CC,8,4
ORD00645,2024-11-11,C0317,hyderabad,GROCERY,Olive Oil 1L,2,717,10%,"1,290.18",debit_card,7,4
ORD01206,2024-10-29,C0098,MUMBAI,Grocery,Basmati Rice 5kg,1,504.43,0.05,Rs. 479.21,NULL,3,5
ORD02639,31-Oct-24,C0299,Mumbai, Books,Textbook,1,"1,164.09",0.20,Rs. 931.27,COD,1,3
ORD01828,"June 14, 2025",C0369,Delhi,Clothing,Denim Jeans,2,"INR 1,743.58",20%," 2,789.72 ",netbanking,3,3
ORD01156,2024-13-45,C0361,HYDERABAD,GROCERY,Basmati Rice 5kg,10,₹557,10,"₹5,010",debit_card,3,4
ORD01325,2024-05-16,C0355,NEW DELHI,Home,Table Lamp,1,707,0,₹707,upi,4,NA
ORD00217,"July 29, 2024",C0175, Hyderabad,Clothing,Running Shoes,2,"₹2,142",?,"Rs. 3,642.09",credit card,6,3
ORD00511,03/06/2025,C0101,BANGALORE,electronics,Smart Watch,2,"Rs. 4,125.76",0%," 8,251.52 ",Net Banking,3,4
ORD01681,,C0500, Mumbai ,Grocery,Olive Oil 1L,2,null,NULL,"Rs. 1,576.59",credit card,3,?
ORD00500,18-Oct-24,C0408,bengaluru,home,Pressure Cooker,3,"2,645.64",5,"Rs. 7,540.06",nan,5,NA
ORD02530,2025-06-04,C0082,kolkata,Electronics,Power Bank,3,"1,263.26",0%," 3,789.79 ", ,n/a,4
ORD01857,05/09/2024,C0477,kolkata,HOME,Table Lamp,1,₹790,10,711.00,Debit Card,3,1
ORD01389,,C0208,New Delhi,electronics,Smart Watch,500,"4,318.91",25%,"₹1,619,590",Net Banking,8,4
ORD01520,2024-08-18,C0495,Mumbai,Home,Bedsheet Set,1,"₹1,255",25%,940.95,Debit Card,7,0
ORD02387,18-Sep-24,C0075,KOLKATA,CLOTHING,Denim Jeans,2,1475,10%,2655,COD,1,null
ORD02777,2024-02-09,C0111,New Delhi,Electronics,Wireless Earbuds,1,2587,0%,2587,Credit Card,NULL,NULL
ORD02077,08/30/2024,C0004,Bombay,Home & Kitchen,Table Lamp,1,₹762,10%,685.48,COD,6,3
ORD01541,29/06/2025,C0360,kolkata,CLOTHING,Cotton Kurta,1,871.84,5%,Rs. 828.25,netbanking,4,4
ORD01218,2025-01-25,C0178,Bombay,Electronics,Smart Watch,4,"₹4,151",?,14943,upi,5,0
ORD01417,2024-04-02,C0294,kolkata, Books,Textbook,1,"1,334.99",0.10,"Rs. 1,201.49",Credit Card,5,3
ORD02218,03/01/2025,C0137,mumbai,HOME,Pressure Cooker,3,"2,572.46",0%,"₹7,717",UPI,5,4
ORD02571,14/03/2025,C0463,ahmedabad,GROCERY,Olive Oil 1L,5,INR 749.62,0,"3,748.11",upi,3,2
ORD01677,2024-08-14,C0435,Amdavad,Home,Table Lamp,1,null,5,705.30,Cash on Delivery,2,3
ORD01198,2024-04-06,C0037,Kolkata,Home & Kitchen,Bedsheet Set,1,"1,291.39",null,1033,debit_card,N/A,4
ORD01543,2024-01-05,C0224,Calcutta,Home,Pressure Cooker,1,"Rs. 2,890.83",10," 2,601.74 ",Debit Card,1,5
ORD00954,2024-10-15,C0155,Bangalore,home,Table Lamp,1,₹682,10%,₹614,CC,1,5
ORD00751,30-May-24,C0022,Chennai,Electronics,Smart Watch,1,"₹3,870",NA,"₹3,870",Cash on Delivery,1,3
ORD00235,not recorded,C0087,bengaluru,Books,Novel,1,400.37, ,₹380,Credit Card,7,5
ORD00733,18-Jan-25,C0494,Bangalore,Home,Pressure Cooker,1,"2,730.45",0.00,2730,upi,8,6
ORD00204,16/11/2024,C0010,Amdavad,BOOKS,Novel,1,Rs. 375.81,0%,INR 375.81,COD,2,3
ORD01157,2024-05-18,C0238,Delhi,Books,Cookbook,2,657.01,0.10,"Rs. 1,182.63",debit_card,1,nan
ORD02627,2024-13-45,C0352,NEW DELHI,Electronics,Power Bank,1,"1,193.40",0.25,895.05,Net Banking,1,4
ORD02446,2024-05-28,C0422,Mumbai,grocery,Olive Oil 1L,3,837.07,NULL,2135,Credit Card,,5
ORD01210,26/12/2024,C0350,delhi,Groceries,Basmati Rice 5kg, ,Rs. 529.13,20, 423.30 ,debit_card, ,5
ORD01066,08-Feb-25,C0383, Mumbai ,ELECTRONICS,Power Bank,3,"INR 1,205.73",0,3617,-,2,3
ORD02157,11/04/2024,C0457,Calcutta,books,Novel,1,Rs. 387.99,0,387.99,netbanking,3,missing
ORD01063,2024-06-24,C0453,Chennai,Home,Pressure Cooker,2,"3,021.62",0,"6,043.25",Cash on Delivery,0,3
ORD01168,"August 16, 2024",C0003,chennai, Books,Novel,3,₹371,15%, 945.79 ,CC,2,3
ORD01493,16/10/2024,C0112,HYDERABAD,books,Novel,2,434.56,5,INR 825.66,Credit Card,5,5
ORD02727,2024-03-24,C0050,Dehli,HOME,Table Lamp,1,Rs. 731.61,15,₹622,Net Banking,6,0
ORD00885,2024-06-02,C0261,Dehli,GROCERY,Olive Oil 1L,1,708,0%,708.33,credit card,4, 
ORD00144,05/10/2025, ,MUMBAI,home,Table Lamp,1,771.23,0.20,Rs. 616.98,Net Banking,?,5
ORD03000,2024-01-02,C0077,Calcutta,home,Table Lamp,3,680.20,10,1837,CC,-1,4
ORD00851,12/02/2025,C0373,Hyderabad, Books,Cookbook,3, 642.49 ,0.00,"1,927.48",netbanking,,2
ORD00718,16-Jun-25,C0111,Delhi,Grocery,Coffee 500g,1, 396.73 ,n/a,396.73,UPI,7,4
ORD02900,16/09/2024,C0274,chennai, Books,Novel,2,₹403,0%,Rs. 805.24,upi,2,3
ORD02503,01-May-25,C0107,kolkata,Home,Pressure Cooker,3,"2,706.62",0," 8,119.85 ",Credit Card,2,4
ORD00265,2024-05-28,C0400,Dehli,Apparel,Cotton Kurta,1,848.45,20,678.76,upi,2,5
ORD00076,2024-10-28,C0495,MUMBAI,Clothing,Running Shoes,1,"2,143.87",0.05,"2,036.67",CC,4,4
ORD02493,"June 24, 2024",C0137,mumbai,Clothing,Running Shoes,3,"₹2,416",20,,Debit Card,99,4
ORD00396,2024-07-23,C0096,Amdavad,Electronics,Smart Watch,1,"4,366.60",0.15,"INR 3,711.61",Cash on Delivery,5,4
ORD02810,2024-09-13,C0166, Mumbai ,Groceries,Coffee 500g,2,391,0,782.93,upi,5,4
ORD02225,2024-10-10,C0299,mumbai,home,Bedsheet Set,1,"Rs. 1,137.73",10,"1,023.96",upi,99,n/a
ORD02857,,C0239,Kolkata,GROCERY,Coffee 500g,1,392,15%,332.91,Debit Card,5,1
ORD00397,2024-09-25,C0391,delhi,books,Cookbook,1,686.32,5%,652,Credit Card,99,4
ORD01366,2024-02-01,C0064,Chennai,Clothing,Running Shoes,5,"Rs. 2,072.45",5," 9,844.15 ",UPI,4,3
ORD02552,2024-07-17,C0089,Bengaluru,GROCERY,Olive Oil 1L,5,₹769,5%,"₹3,651",COD,6,4
ORD01904,2024-10-21,C0037,kolkata,BOOKS,Novel,4,INR 379.24,0,?,Credit Card,4,null
ORD00596,2025-02-19,C0384,Bombay,Home,Bedsheet Set,2,1119,0.15,"1,901.51",COD,6,null
ORD02110,"November 04, 2024",C0125,Bombay,home,Table Lamp,3,815.38,0,"INR 2,446.13",netbanking,6,5
ORD01297,18-Jun-25,C0088,NEW DELHI,Electronics,Wireless Earbuds,2,"₹2,580",15," 4,386.72 ",Cash on Delivery,2,1
ORD01822,22/06/2025,C0172,HYDERABAD,clothing,Denim Jeans,4,"1,674.65",0.25,"INR 5,023.94",Net Banking,6,5
ORD00873,30/05/2024,C0398,KOLKATA, Books,Textbook,3,"1,181.78",0%,"Rs. 3,545.33",UPI,6,5
ORD02969,03/26/2025,C0256,New Delhi,home,Pressure Cooker,2,"Rs. 2,650.65",0,5301,CC,8, 
ORD02327,"January 20, 2024",C0448,bengaluru,HOME,Table Lamp,4,₹803,5%,"Rs. 3,050.22",Cash on Delivery,4,4.5
ORD01549,"October 28, 2024",C0308,ahmedabad,HOME,Pressure Cooker,3,"Rs. 2,528.32",0.00,NULL,CC,99,NULL
ORD00037,12/07/2024,C0076,kolkata,BOOKS,Textbook,5,"1,170.38",0,"5,851.89",debit_card,7,2
ORD02579,2024-12-02,C0259,chennai,grocery,Coffee 500g,3,Rs. 406.31,25,-,debit_card,4,1
ORD02144,2024-11-16,C0272, Mumbai ,Home,Table Lamp,4,Rs. 815.68,0,3263,upi,6,NA
ORD02610,08/06/2025,C0049,Amdavad,CLOTHING,Denim Jeans,2,"Rs. 1,607.95",N/A,"₹3,216",COD,6,?
ORD00978,07/06/2025,C0283,ahmedabad,clothing,Running Shoes,1,"₹2,325",,"2,324.54",credit card,8,3
ORD01572,2025-03-13,C0482,MUMBAI,Home & Kitchen,Pressure Cooker,1,"₹2,924",0%,"Rs. 2,924.43",Cash on Delivery,1,3
ORD01123,2025-01-22,C0169,BANGALORE,grocery,Olive Oil 1L,2,₹734,0,1469, ,4,missing
ORD02240,26/01/2025,C0050,New Delhi,BOOKS,Novel,1,388.29,0.10,349,upi,4,3
ORD02505,04-Mar-24,C0375,bengaluru,Groceries,Olive Oil 1L,2,802.37,0.00,1605,Credit Card,5,1
ORD01893,2025-03-27,C0246,chennai,electronics,Power Bank,1,1305,5,"1,239.90",netbanking,7,-
ORD00676,2024-02-24,C0046,chennai,Grocery,Basmati Rice 5kg,2,552.81,-,995.06,Credit Card,2,3
ORD00729,"January 11, 2025",C0206,Bombay, Books,Textbook,2,"1,174.49",0.05,"2,231.52",credit card,3,NA
ORD00413,05/06/2024,C0374,bengaluru,Books,Textbook,4,"₹1,165",0%,n/a,CC,3,2
ORD01517,2025-01-04,C0464, Bengaluru ,Grocery,Olive Oil 1L,3,Rs. 773.47,10,"₹2,088",Credit Card,2,5
ORD01650,2025-05-03,C0008,Ahmedabad, Books,Textbook,2,"1,193.47",0.20,"1,909.55",credit card,2,NULL
ORD00826,2024-06-20,C0217,AHMEDABAD,clothing,Running Shoes,1,"2,523.27",10,"2,270.95",Cash on Delivery,1,3
ORD00617,20-Jan-25,C0363,Amdavad,Electronics,Wireless Earbuds,2,"₹2,299",-,"Rs. 4,597.61",Credit Card,2,5
ORD00115,2024-06-18,C0473,ahmedabad,Home & Kitchen,Table Lamp,4,722.39,20,2312,Credit Card,5,-
ORD00418,2024-06-03,C0442,CHENNAI,BOOKS,Novel,4,361.98,10%,"1,303.12",Net Banking,5,
ORD01626,16/09/2024,C0051,bengaluru,books,Novel,1,INR 411.73,N/A,391.14,netbanking,3,4
ORD02997,2024-01-16,C0076,Calcutta,Electronics ,Wireless Earbuds,3,"2,511.90",10%,"Rs. 6,782.13",UPI,4,3
ORD00090,2024-13-45,C0119,kolkata,Electronics,Wireless Earbuds,0,"2,622.69",20%,Rs. 0.00,CC,3,?
ORD02083,2025-06-05,C0098,Mumbai,Apparel,Denim Jeans,2,"1,473.56",20,"INR 2,357.70",debit_card,6,null
ORD00754,07/06/2024,C0068,bengaluru,books,Cookbook,1,594.57,0%,Rs. 594.57,Net Banking,4,2
ORD02547,"September 06, 2024",C0325,Bangalore,Electronics,Smart Watch,5,"3,877.59",0%,19388,CC,2,4
ORD01631,22-Feb-25,C0097,chennai,BOOKS,Textbook,1,"1,259.14",15,"₹1,070",COD,3,4
ORD00012,2025-05-18,C0244,hyderabad,Home,Table Lamp,5,₹774,0.20,"Rs. 3,095.15",debit_card,2,nan
ORD02445,2024-07-13,C0420,ahmedabad,Grocery,Coffee 500g,1,413,15%,350.69,netbanking,6,3
ORD00285,02/21/2025,C0048,Calcutta,Books,Novel,1,418.63,10,INR 376.77,netbanking,1,
ORD01067,06/10/2024,C0368, Mumbai , Books,Novel,10,373,0.10,NULL,Net Banking,3,4
ORD01192,29-Nov-24,C0011,delhi, Books,Novel,2,423.58,5,804.80,N/A,3,4
ORD01441,2024-05-11,C0475,mumbai,CLOTHING,Denim Jeans,1,"Rs. 1,669.10",0.00,"Rs. 1,669.10",upi,4,5
ORD02859,09/06/2024,C0373,Hyderabad,electronics,Wireless Earbuds, ,"2,263.00",0.10,4073,upi,3,4
ORD02858,25-Jun-25,C0242,CHENNAI, Books,Novel,2,438,10,₹788,UPI,7,
ORD02766,29/01/2024,C0100,mumbai, Books,Textbook,2,"₹1,228",10,"2,210.44",COD,2,5
ORD01569,"March 17, 2024",C0419,Bengaluru,books,Cookbook,3,Rs. 656.08,15%,"1,673.01",Credit Card,1,5
ORD02428,08/14/2024,C0309,kolkata,home,Pressure Cooker,1,"2,874.20",0%,"₹2,874",Debit Card,0,1
ORD02631,04-Aug-24,nan,Delhi,Groceries,Olive Oil 1L,5,₹703,0%,9067,upi,1, 
ORD01688,2024-10-01,C0125,MUMBAI,electronics,Wireless Earbuds,2,"2,336.67",20,"3,738.67",debit_card,6,4
ORD00852,2024-13-45,C0391,Dehli,CLOTHING,Cotton Kurta,4,980.39,0,3922,Cash on Delivery,2,null
ORD02208,2025-05-01,C0200,Ahmedabad,Books,Textbook,1," 1,316.41 ",0.00,"1,316.41",Cash on Delivery,4,5
ORD00896,"March 28, 2024",C0435,ahmedabad,Clothing,Denim Jeans,1,"INR 1,609.76",5,"INR 1,529.27",Net Banking,5,4
ORD00497,2024-02-18,C0277, Hyderabad,Books,Novel,4,₹405,15,1376,Credit Card,2,4
ORD02306,2025-04-27,C0462,NEW DELHI,Home,Table Lamp,10,INR 696.63,0.10,6270,COD,6,missing
ORD01783,01/09/2025,C0295,Madras,Electronics ,Power Bank,3,"1,248.11",25%,"2,808.24",credit card,3,-
ORD00336,"October 03, 2024",C0207,BANGALORE,home,Table Lamp,1,687,0.00,₹687,CC,3,3
ORD00516,2024-08-29,C0021,NEW DELHI,Home,Pressure Cooker,2,"2,988.00",0,"₹5,976",-,4,1
ORD01349,02/27/2025,C0207, Bengaluru ,Grocery,Olive Oil 1L,,750.32,25,562.74,credit card,4,4
ORD01016,2024-11-08,C0260,Madras,Books,Cookbook,?,661,0,2645,Cash on Delivery,5,3
ORD02866,"March 10, 2024",C0471,delhi,clothing,Running Shoes,1,"₹2,104",15%,missing,Cash on Delivery,7,4
ORD02861,2025-06-12,C0487,HYDERABAD,Grocery,Coffee 500g,1,382.95,0%,383,credit card, ,4
ORD01782,"March 26, 2024",C0223,CHENNAI,Apparel,Cotton Kurta,3,INR 949.61,0%,"INR 6,460.68",upi,4,
ORD02570,2024-10-28,C0411, Mumbai ,Electronics,Wireless Earbuds,1," 2,617.80 ",0%," 2,617.80 ",Cash on Delivery,1,1
ORD01786,01/31/2025,C0019,Madras,Home & Kitchen,Pressure Cooker,1,"2,882.02",0,"Rs. 2,882.02",Net Banking,6,nan
ORD02071,04/10/2024,C0046,Madras,BOOKS,Novel,3, 362.68 ,0.00,"1,088.03",COD,3,4
ORD00357,,C0428,Mumbai,ELECTRONICS,Power Bank,,"₹1,170",0.15,"2,983.53",Cash on Delivery,3,5
ORD02910,2024-08-13,C0079,Bengaluru,Home,Bedsheet Set,2,"₹1,098",20%,"Rs. 1,756.00",Credit Card,2,NA
ORD01313,"November 09, 2024",C0227,ahmedabad,clothing,Cotton Kurta,5,946,0,"4,728.55",Credit Card, ,3
ORD01636,2024-09-21,C0476,NEW DELHI,Groceries,Olive Oil 1L,2,841.42,0.00,"INR 1,682.83",upi,6,-
ORD00551,02/08/2025,C0133, Mumbai , Books,Textbook,1,"Rs. 1,355.39",0%," 1,355.39 ",Credit Card,4,missing
ORD02389,2025-03-08,C0383,Bombay, Books,Novel,4,₹394,20,"1,259.94",Credit Card,4,3
ORD02480,13/06/2024,C0497,Calcutta,BOOKS,Cookbook,-2,592.88,0,nan,NA,2,nan
ORD02522,29/09/2024,NULL,Bangalore,Home,Bedsheet Set,2,"1,116.44",0.20,"1,786.30",UPI,3,5
ORD02266,2024-12-11,C0144,ahmedabad,HOME,Table Lamp,1,₹748,0.00,747.60,upi,6,4
ORD01228,2024-07-13,C0171, Mumbai ,Electronics ,Smart Watch,1,n/a,5, ,netbanking,7,3
ORD00913,2024-10-31,C0300,mumbai,grocery,Basmati Rice 5kg,1,Rs. 604.55,0,604.55,UPI,1,3
ORD00958,2024-08-13,missing,Ahmedabad,BOOKS,Cookbook,5,641.69,0.20,"4,302.71",Credit Card,3,1
ORD01774,2025-06-21,C0031,kolkata,clothing,Cotton Kurta,1,922.05,0.00,922.05,COD,2,4
ORD02142,19/03/2025,C0129, Hyderabad,HOME,Table Lamp,5,748.31,0.20,"Rs. 2,993.22",CC,0,3
ORD01009,06/09/2024,C0312, Bengaluru ,ELECTRONICS,Wireless Earbuds,1,"2,262.85",0.10,n/a,credit card,3,5
ORD01093,01/25/2024,C0430,Calcutta,BOOKS,Novel,2,380.56,0.20,609,Net Banking,0,2
ORD02729,03-Apr-25,C0108,MUMBAI,books,Textbook,5," 1,203.65 ",5,"₹5,717",Cash on Delivery,1,3
ORD00997,19-Nov-24,C0485,Amdavad,Books,Cookbook,1,691.12,0.10,622.01,debit_card,1,5
ORD01680,2025-05-10,C0416,Kolkata,Groceries,Basmati Rice 5kg,1,513.81,0.20,411.05,debit_card,0,5
ORD00154,14-Jul-24,C0273, Mumbai ,Groceries,Basmati Rice 5kg,1, 588.66 ,10%,529.80,Debit Card,6,0
ORD02840,2024-01-20,C0434,Kolkata,books,Textbook,2,1324,15%,"INR 2,250.90",Debit Card,4,5
ORD00581,2024-08-13,C0416,Kolkata,Home,Bedsheet Set,5,"1,269.37",15," 5,394.80 ",COD,1,4
ORD01471,"April 04, 2024",C0440,Madras,Grocery,Basmati Rice 5kg,1,₹507,0.10,457,upi,3,3
ORD00704,2024-06-26,C0492,Bombay,ELECTRONICS,Wireless Earbuds,2,2682,0%,5364,upi,2,3
ORD01213,"June 14, 2025",C0381,CHENNAI,Home,Bedsheet Set,1,"1,299.85",0,"₹1,300",upi,3,3
ORD00897,2024-03-27,C0495,mumbai,Electronics ,Wireless Earbuds,3,2314,0.15,5900,netbanking,4,4
ORD00488,13-Jan-25,C0197,Madras,CLOTHING,Running Shoes,1,"₹2,204",15%,"1,873.14",upi,6,4
ORD00560,,C0220,BANGALORE,Home,Table Lamp,2,₹759,15%,"₹1,290",upi,3,4
ORD01142,2024-13-45,C0066,Dehli,Clothing,Cotton Kurta,4,971,0.15,"8,306.08",COD,5,5
ORD01120,02/09/2024,C0380,CHENNAI,Home & Kitchen,Bedsheet Set,3," 1,223.06 ",0.15,"₹3,119",CC,4,5
ORD00513,14-Oct-24,C0190, Bengaluru ,HOME,Table Lamp,3,788.11,5%,"2,246.11",Cash on Delivery,3,3
ORD00634,2025-01-28,C0404,chennai,ELECTRONICS,Wireless Earbuds,2,"Rs. 2,699.39",NULL,"5,128.85",CC,?,
ORD02638,"February 27, 2024",C0011,Dehli,Home & Kitchen,Table Lamp,2,790,0%,"1,579.49",netbanking,1,4
ORD01665,2025-04-25,C0281,NEW DELHI,Clothing,Running Shoes,1," 2,224.76 ",missing,nan,COD,4,4
ORD01013,2024-11-18,C0262,Kolkata,Books,Cookbook,3,676,0.15,"₹1,723",netbanking,2,4
ORD01932,28-Mar-25,C0097,CHENNAI,Groceries,Olive Oil 1L,3,₹724,0%," 2,170.69 ",Credit Card,3,5
ORD01151,2024-08-10,C0049,Ahmedabad,CLOTHING,Denim Jeans,10,1529,0.00," 15,292.43 ",Net Banking,2,4
ORD02863,02/11/2024,C0463,ahmedabad,home,Pressure Cooker,2,"Rs. 2,846.32",15,4839,debit_card,1,missing
ORD00117,2025-01-27,C0111,Dehli,ELECTRONICS,Smart Watch,1,3681,15,"3,128.80",credit card,6,3
ORD00741,2024-11-24,C0169, Bengaluru ,BOOKS,Novel,1,Rs. 402.26,0, 402.26 ,NA,2,0
ORD02819,2024-03-09,C0294,KOLKATA,Home,Bedsheet Set,2,"1,275.50",0,"2,551.01",netbanking,2,1
ORD01975,2024-06-01,C0236,Hyderabad,clothing,Running Shoes,4,"2,347.89",5%," 8,921.97 ",Cash on Delivery,4,nan
ORD01082,"May 10, 2024",C0345, Hyderabad,BOOKS,Novel,1,376.78,0,376.78,Cash on Delivery,7,5
ORD01811,2024-10-01,C0368, Mumbai ,Clothing,Cotton Kurta,4,Rs. 898.08,0.00,3592,COD,8,n/a
ORD00831,2024-10-28,C0498, Mumbai ,Home,Pressure Cooker,2,"₹2,821",5," 5,360.47 ",debit_card,2,1
ORD00120,not recorded,C0258,Mumbai,Home,Pressure Cooker,5," 2,537.87 ",0.00,"12,689.35",Cash on Delivery,,4
ORD00657,01/24/2025,C0184,MUMBAI,Clothing,Denim Jeans,1,"₹1,524",0.10,1371,CC,1,nan
ORD02788,08/04/2025,C0037,KOLKATA, Books,Cookbook,4,597.46,15%,"2,031.35",-,4,4
ORD02747,30-Sep-24,C0006,Madras,Clothing,Running Shoes,1,"₹2,087",15,"Rs. 1,773.94",credit card,1,5
ORD02990,24/06/2025,C0370,HYDERABAD,Home & Kitchen,Table Lamp,1,₹723,5,Rs. 687.21,upi,?,5
ORD00636,2024-05-24,C0227,Amdavad,electronics,Wireless Earbuds,5,"INR 2,273.12",0.00,11366,Net Banking,4,5
ORD00370,03/24/2025,C0482,Bombay,Home & Kitchen,Table Lamp,1,674.20,0,Rs. 674.20,Debit Card,2,3
ORD00269,08/22/2024,C0419,BANGALORE,ELECTRONICS,Power Bank,10,1400, ,"INR 13,996.64",Cash on Delivery,2,5
ORD00047,04-Feb-25,C0005,Delhi,ELECTRONICS,Power Bank,10,1418,null,"₹13,473",UPI,2,n/a
ORD00992,not recorded,C0228,KOLKATA,Electronics ,Smart Watch,1,"₹4,153",20%,"3,322.59",Net Banking,2,
ORD00877,2024-11-26,C0357, Mumbai ,books,Cookbook,2,INR 665.69,0.00,"Rs. 1,331.39",Credit Card,4,4
ORD00774,2024-04-18,C0158, Mumbai ,Apparel,Running Shoes,2,"₹2,077",0.10,"Rs. 3,739.08",netbanking,3,3
ORD01220,13-Apr-24,C0074,ahmedabad,Books,Novel,1,377.66,5%,358.77,netbanking,4,missing
ORD01127,not recorded,C0021,NEW DELHI,grocery,Coffee 500g,2,427.89,0.10,-,credit card,3,
ORD00005,2024-05-31,C0127,mumbai,BOOKS,Cookbook,1,Rs. 690.71, ,Rs. 621.64,debit_card,0,5
ORD01596,"December 08, 2024",C0344,HYDERABAD,Electronics ,Smart Watch,2,"₹3,876",0.00,"7,752.32",Credit Card,4, 
ORD02312,2024-04-29,C0267,Bombay,HOME,Pressure Cooker,1," 2,524.28 ",0,"2,524.28",COD,1,3
ORD02492,01/20/2024,C0219,HYDERABAD,ELECTRONICS,Power Bank,2,"₹1,411",0%,"Rs. 2,822.45",N/A,4,5
ORD01078,31/02/2024,C0423,MUMBAI,electronics,Smart Watch,1," 3,981.01 ",0,"3,981.01",debit_card,6,3
ORD00838,2024-10-27,C0382, Hyderabad,CLOTHING,Cotton Kurta,1,INR 965.07,20,772.06,debit_card,5,4
ORD00682,2024-10-01,C0158,Bombay,BOOKS,Textbook,5,NA,10%,nan,CC,3,2
ORD01716,08/03/2024,C0287,mumbai,CLOTHING,Cotton Kurta,1,821,0.00,₹821,UPI,3,nan
ORD02353,15/08/2024,C0021,Dehli,Books,Textbook,-2," 1,374.91 ",0%, 0.00 ,COD,5,3
ORD02618,2024-08-07,C0192,MUMBAI,Electronics ,Smart Watch,5,"3,862.53",0,"19,312.63", ,5,4.5
ORD02362,05/11/2024,C0499, Hyderabad,Home,Pressure Cooker,1,2777,10%,"INR 2,499.20",CC,1,NULL
ORD02198,31/07/2024,C0401,Kolkata,home,Table Lamp,5,₹677,0.10,"Rs. 3,045.59",debit_card,5,n/a
ORD01149,2025-04-14,C0314,delhi,HOME,Pressure Cooker,1,"3,031.52",5,"2,879.95",COD,5,6
ORD00575,17-Mar-24,C0102,BANGALORE,HOME,Bedsheet Set,1,"₹1,106",10%,INR 995.76,Cash on Delivery,3,4
ORD00051,03-Jul-24,C0048,KOLKATA, Books,Cookbook,1,654.57,0.15,556,CC,4,nan
ORD00854,2025-04-17,C0352,New Delhi,Books,Textbook,2,"Rs. 1,159.23",15%,"1,970.69",credit card,2,5
ORD01983,2025-05-16,C0097,chennai,Clothing,Running Shoes,1,NULL,20,"3,252.44",Credit Card,4,?
ORD01824,2025-03-26,C0181,Mumbai, Books,Novel,1,435.12,0.20,348,Net Banking,5,N/A
ORD00834,15-May-24,C0472,Hyderabad, Books,Novel,4,₹392,NULL,"INR 1,332.07",UPI,1,3
ORD01116,01/23/2025,C0314,New Delhi,BOOKS,Textbook,2,"1,332.33",10,"2,398.19",credit card,2,3
ORD01167,2025-01-18,C0070, Hyderabad,Electronics,Smart Watch,3,"Rs. 4,020.04",0,"12,060.11",Debit Card,1,4
ORD02519,2025-04-22,C0244,HYDERABAD,Groceries,Olive Oil 1L,2,Rs. 817.61,10,"1,471.70",credit card,0,2
ORD01907,2024-04-05,C0182,Bombay,electronics,Smart Watch,2,"₹4,183",15,"7,110.71",Cash on Delivery,99,0
ORD00972,07/11/2024,C0342,Kolkata,Grocery,Basmati Rice 5kg,1,513.75,0.00,513.75,UPI,2,4
ORD00400,20/03/2024,C0480,New Delhi,ELECTRONICS,Wireless Earbuds,2,"2,292.32",25%,"₹3,438",COD,4,3
ORD02560,"January 07, 2025",C0400,Delhi,Apparel,Running Shoes,4,"2,194.88",null,-,Cash on Delivery,4,4
ORD02369,02/12/2024,C0352,Dehli,GROCERY,Coffee 500g,2,388.89,0,777.79,CC,7,n/a
ORD00020,26/12/2024,C0274,Chennai,Home,Table Lamp,1,778.23,5%,Rs. 739.31,Debit Card,5,4
ORD00685,2024-06-01,C0347,chennai,clothing,Running Shoes,1,"2,175.08",0.15,"Rs. 1,848.82",CC,3,5
ORD00036,17/01/2024,C0030,Hyderabad,HOME,Pressure Cooker,0,"2,641.85",0.25,0,CC,4,4
ORD02887,"June 09, 2024",C0224,Calcutta,Home & Kitchen,Table Lamp,4,716.00,0.20,6363,UPI,5,5
ORD00525,18-Jul-24,C0320,HYDERABAD,ELECTRONICS,Wireless Earbuds,1,2628,0.00,"2,627.65",Cash on Delivery,N/A,1
ORD02456,2025-06-24,C0486,Mumbai,home,Bedsheet Set,4,"₹1,195",0.20,3822,COD,3,3
ORD00921,2024-05-24,C0091,Bombay, Books,Novel,3,₹426,0,"₹1,278",CC,99,4
ORD01842,2024-03-25,N/A,Amdavad,HOME,Pressure Cooker,1,"2,568.18",0.10,6394,CC,8,2
ORD01891,2024-03-31,C0445,MUMBAI,Clothing,Running Shoes,1,"2,338.87",0%,"Rs. 2,338.87",UPI,1,4
ORD00538,2024-06-02,C0277,Hyderabad,home,Bedsheet Set,1,"₹1,262",0.10,"1,135.46",netbanking,5,6
ORD01706,2024-10-12,C0475, Mumbai ,Grocery,Coffee 500g,10,₹454,5%,4315,Credit Card,5,1
ORD02989,24-Jul-24,C0221,KOLKATA,home,Table Lamp,5,Rs. 686.84,0,"3,434.20",credit card,5,4
ORD00246,2024-13-45,C0043,Delhi,electronics,Wireless Earbuds,1,2324,0.05,"Rs. 2,207.89",CC,1,4.5
ORD00785,2024-08-27,C0482,Mumbai,Home & Kitchen,Pressure Cooker,1,2580,15,"INR 3,984.06",debit_card,8,4
ORD01410,"April 06, 2024",C0273,Mumbai,Electronics ,Smart Watch,1,"Rs. 4,134.46",0.10,"3,721.01",Credit Card,2,3
ORD02538,,C0238,NEW DELHI,ELECTRONICS,Smart Watch,1,"3,840.00",10%,"7,806.76",upi,6,0
ORD00155,"September 22, 2024",C0151,HYDERABAD, Books,Cookbook,1,587.45,0,587,credit card,2,1
ORD01687,"February 22, 2025",C0408,Bengaluru,Home & Kitchen,Bedsheet Set,3,"1,169.69",0.00,"3,509.06",credit card,0,4
ORD00626,2024-04-05,C0358,bengaluru,grocery,Olive Oil 1L,2,Rs. 733.76,nan,"Rs. 1,320.77",upi,3,n/a
ORD02934,27-Mar-24,C0434,Kolkata,BOOKS,Cookbook,1,597,5,₹567,netbanking,6,5
ORD01347,2024-11-08,C0467,Ahmedabad,clothing,Denim Jeans,1,"1,675.16",5,"1,591.40",Net Banking,5,n/a
ORD00570,24/11/2024,C0021,Dehli,Groceries,Coffee 500g,4,INR 421.84,0.00,"₹1,687",netbanking,4,4
ORD02991,25/01/2024,C0361, Hyderabad,home,Pressure Cooker,3,null,0%,"₹9,105",debit_card,2,5
ORD01759,2024-11-25,C0040,mumbai,home,Pressure Cooker,1,"2,686.79",0.10,"2,418.11",upi,4,1
ORD01817,04/03/2025,C0356,CHENNAI,Home & Kitchen,Pressure Cooker,1,2684,0.00,2684,upi,3,5
ORD02066,2024-01-30,C0281,delhi,Electronics,Wireless Earbuds,2,2625,5,"₹4,988",netbanking,5,3
ORD00128,28-Apr-25,C0245,mumbai,Home,Bedsheet Set,1,"1,210.95",0," 1,210.95 ",debit_card,4,5
ORD00323,08/02/2025,C0054,Calcutta,Home,Table Lamp,1,700.49,0.00,"1,637.44",COD,6,3
ORD02007,2025-04-21,C0451,ahmedabad,Clothing,Denim Jeans,2,?,20%,2482,netbanking,nan,4
ORD00981,2024-04-11,C0035,Calcutta,Home & Kitchen,Table Lamp,1,736.04,10,662,UPI, ,4
ORD00292,2024-12-18,C0347,chennai,Home,Table Lamp,1,688,0.10,619,Debit Card,0,NA
ORD00191,11/03/2024,C0192,Bombay,GROCERY,Olive Oil 1L,2,724.05,0%,"INR 1,448.10",n/a,3,3
ORD01140,2024-07-10,C0288,MUMBAI,Clothing,Denim Jeans,1,1567,0,"₹3,250",credit card,4,3
ORD00993,19-Oct-24,C0238,Delhi,Electronics ,Smart Watch,-2,"3,724.69",5,Rs. 0.00,Net Banking,2,5
ORD00700,31/03/2024,C0217,AHMEDABAD,GROCERY,Coffee 500g,1, 404.04 ,0.00,404.04,netbanking,2,n/a
ORD00607,2024-01-02,C0444,Bombay,BOOKS,Textbook,1,1375,10%,"INR 1,237.48",UPI,8,3
ORD00181,"May 06, 2025",C0492,Bombay,Clothing,Cotton Kurta,3,881.79,0.00,2645,netbanking,2,5
ORD00302,23-Aug-24,C0488,Bombay,Groceries,Basmati Rice 5kg,1,499.16,0.00,1202,Cash on Delivery,1,4
ORD02545,2024-10-19,C0033,Hyderabad,Groceries,Olive Oil 1L,1,₹747,0,₹747,upi,0,2
ORD02833,2024-06-16,C0423,MUMBAI,grocery,Coffee 500g,-2,462,0.20,0.00,netbanking,6,3
ORD01061,2024-11-02,C0245,MUMBAI,GROCERY,Olive Oil 1L,2,828.82,10%,"1,491.88",CC,4,3
ORD02877,28-Apr-25,C0098,mumbai,Books,Textbook,3,"INR 1,143.67",0,"Rs. 5,890.40",Net Banking,1,nan
ORD02936,04/24/2025,C0213,kolkata,electronics,Wireless Earbuds,2,2594,nan,"₹4,929",debit_card,2,4
ORD02566,10/04/2024,C0041, Bengaluru ,books,Cookbook,1,Rs. 659.43,0%,659.43,Debit Card,1,3
ORD01070,2024-12-10,C0257,hyderabad,HOME,Bedsheet Set,1,1231,-,1231,Cash on Delivery,6,5
ORD02525,14/04/2025,C0127,MUMBAI,books,Novel,5,420,0%,"₹5,208",UPI,2,?
ORD02206,10/12/2024,C0089,Bangalore,grocery,Basmati Rice 5kg,10,602.98,10%,NA,Cash on Delivery,6,1
ORD01244,2025-06-22,C0411,Mumbai,GROCERY,Olive Oil 1L,1,Rs. 776.60,20%,INR 621.28,missing,3,4
ORD00017,2025-05-15,C0223,chennai,HOME,Table Lamp,5,INR 734.62,0%," 3,673.09 ",CC, ,2
ORD00195,2025-05-21,C0165, Mumbai ,clothing,Running Shoes,1,"2,430.77",0.00,"2,430.77",Credit Card,2,4
ORD00547,03/07/2025,C0278,chennai,clothing,Denim Jeans,1,"INR 1,533.87",NULL,"INR 1,227.09",upi,5,2
ORD00659,2024-04-13,C0494, Bengaluru ,BOOKS,Textbook,1,"₹1,342",0,"1,342.37",UPI,2,n/a
ORD02760,2025-01-04,C0252,mumbai,grocery,Coffee 500g,3,Rs. 439.89,10,"Rs. 1,187.71",Net Banking,7,1
ORD02915,12/10/2024,C0393,chennai,Home & Kitchen,Table Lamp,2,INR 759.10,0.20,1215,Credit Card,1,5
ORD01505,06/03/2024,C0061,MUMBAI,grocery,Basmati Rice 5kg,1,₹499,0,missing,credit card,2,4
ORD00960,not recorded,C0058,Bombay,GROCERY,Coffee 500g,10,395,0.00,"3,951.90",upi,5,5
ORD02332,"July 24, 2024",C0145,Bombay,grocery,Olive Oil 1L,1, 815.66 ,10,734.09,UPI,99,5
ORD00798,23-Aug-24,C0455,MUMBAI,ELECTRONICS,Wireless Earbuds,2,"2,511.38",0%,5023,Credit Card,2,4
ORD00226,10/05/2024,C0099,Dehli, Books,Novel,2,390,0.10,₹703,COD,1,missing
ORD02075,"January 31, 2025",C0331,Dehli,Clothing,Denim Jeans,1,"1,530.21", ,1301,COD,6,null
ORD01800,2024-12-23,C0468,AHMEDABAD,Clothing,Denim Jeans,1,"₹1,448",20%,"₹1,159",netbanking,1,NULL
ORD02486,2024-03-13,C0457,Calcutta,Home,Table Lamp,5,Rs. 675.06,0.10,"3,037.77",nan,1,5
ORD00045,2024-06-09,C0365, Mumbai ,books,Cookbook,4,₹650,10,2341,upi,3,4
ORD02278,04-Sep-24,C0435,ahmedabad,Electronics ,Power Bank,1,"₹1,425",0.00,"₹1,425",COD,2,4
ORD02086,2024-10-18,C0337, Mumbai ,HOME,Table Lamp,3,781.94,0,"Rs. 2,345.82",netbanking,3,3
ORD01694,2025-06-27,C0467,Ahmedabad,Grocery,Coffee 500g,1,Rs. 385.13,10%,346.62,Debit Card,2,4
ORD01046,05/01/2024,C0417,chennai,CLOTHING,Cotton Kurta,4,932.39,10,"3,356.62",COD,1,3
ORD00470,2024-04-07,C0298,Bengaluru,home,Pressure Cooker,4,"₹2,745",0.05,"10,432.88",Net Banking,5,2
ORD00955,2025-04-26,C0461,Bombay,Apparel,Running Shoes,2,"2,465.73",20,"₹3,945",credit card,6,
ORD02145,2025-03-10,C0213,Calcutta,CLOTHING,Denim Jeans,3," 1,743.72 ",n/a,"₹4,708",UPI,1,6
ORD02736,2024-09-01,C0254,Mumbai,Groceries,Olive Oil 1L,1,Rs. 781.06,10,702.96,upi,2,3
ORD00640,17-Oct-24,C0197,chennai,Electronics,Power Bank,1,"1,300.39",5,1235,Debit Card,4,4
ORD02836,"March 13, 2025",C0288,Mumbai,Home & Kitchen,Table Lamp,10,678.90,0%,"6,788.97",Cash on Delivery,2,5
ORD01219,03/02/2025,C0077,Kolkata,clothing,Running Shoes,3,"2,165.51",25,"4,872.39",upi,2,5
ORD01159,2024-12-05,C0437,MUMBAI,grocery,Basmati Rice 5kg,1,507.65,0,Rs. 507.65,Net Banking,2,5
ORD01416,"January 29, 2024",C0372,Hyderabad,home,Bedsheet Set,1,"1,279.87",10,"1,151.88",netbanking,2,4
ORD02769,2025-04-27,C0499,hyderabad, Books,Textbook,1,"Rs. 1,311.39",0.00," 1,311.39 ",COD,3,3
ORD01528,10/12/2024,C0100,Bombay,Home & Kitchen,Pressure Cooker,2,"2,970.74",0.05,"₹5,644",Debit Card,4,4
ORD02979,2024-10-11,C0402,CHENNAI,CLOTHING,Running Shoes,3,"2,447.50",0.20,null,null,2,5
ORD01301,2024-10-07,C0335,Amdavad,CLOTHING,Cotton Kurta,2,988.40,5,"Rs. 1,877.96",upi,1, 
ORD02924,07/04/2025,C0123,Bengaluru,grocery,Coffee 500g,2,INR 444.05,25%,₹666,Credit Card,3,NULL
ORD01604,17/09/2024,C0316,HYDERABAD,Books,Cookbook,1,695.16,0,₹695,credit card,6,1
ORD00161,07-Apr-24,C0065,Dehli,Grocery,Basmati Rice 5kg,1,598.65,0,INR 598.65,netbanking,0,5
ORD01705,31/02/2024,C0124,Ahmedabad,Groceries,Basmati Rice 5kg,1,Rs. 529.09,10%,476,UPI,3,nan
ORD00957,"January 26, 2025",NA, Hyderabad,clothing,Running Shoes,2,"₹2,239",0,"Rs. 4,477.17",Net Banking,5,missing
ORD02973,2025-03-31,C0473,Amdavad,grocery,Coffee 500g,NULL,392,10%,705.11,CC,3,-
ORD00878,2024-08-04,C0467,ahmedabad,books,Cookbook,2,₹673,0.05,"1,278.70",upi,5,1
ORD01920,11/08/2024,C0210,mumbai,books,Textbook,10,"INR 1,213.72",nan,11530,debit_card,1,3
ORD01885,2024-05-17,C0152,Dehli, Books,Cookbook,2,Rs. 710.92,25%,"Rs. 1,066.38",,5,n/a
ORD02201,2024-08-14,C0452,Mumbai,Apparel,Cotton Kurta,4,875,10%,"₹3,149",nan,7,4.5
ORD00099,03/19/2024,C0124,ahmedabad,Electronics ,Smart Watch,1,"3,926.96",0%,"3,926.96",Cash on Delivery,1,3
ORD02885,03/08/2024,C0057, Bengaluru ,books,Cookbook,10,Rs. 645.07,0.20,"5,160.58",debit_card,NA,NA
ORD02558,2024-12-19,C0301,chennai,Home,Table Lamp,2,INR 704.06,missing,"₹1,408",Debit Card,2,-
ORD00254,09-Apr-24,C0150,Ahmedabad,Clothing,Running Shoes,2," 2,485.66 ",0%,"4,971.32",CC,1,2
ORD00104,12-Mar-25,C0004, Mumbai ,Groceries,Basmati Rice 5kg,2,536,0%,"₹1,071",Credit Card,5,n/a
ORD01446,2025-02-25,C0338,chennai,grocery,Basmati Rice 5kg,2,Rs. 547.53,null,876,Net Banking,6,1
ORD01444,2024-05-17,C0340, Bengaluru ,grocery,Basmati Rice 5kg,1,502.33,5%,477,Net Banking,1,3
ORD01649,09-May-25,C0229,NEW DELHI,grocery,Basmati Rice 5kg,1,579.68,0.20,INR 463.74,CC,1,5
ORD00587,01/16/2025,C0443,ahmedabad,Electronics,Wireless Earbuds,1,"2,348.02",20%,"₹1,878",Cash on Delivery,3,5
ORD00628,19/02/2025,C0346,Delhi,books,Textbook,2," 1,322.50 ",0,"2,644.99",COD,4,4
ORD01697,"March 26, 2024",C0203,Amdavad,Books,Textbook,1,NULL,0.15,"Rs. 1,027.47",COD,4,5
ORD02102,"October 02, 2024",C0145,Mumbai,GROCERY,Basmati Rice 5kg,10,529.86,0.00,"Rs. 5,298.64",Credit Card,1,4
ORD02200,2024-01-16,C0475,mumbai,books,Textbook,5,?,0.10,"₹5,233",Cash on Delivery,4,4.5
ORD00404,11/12/2024,C0341,mumbai,HOME,Table Lamp,3,₹719,5,"2,048.30",Debit Card,2,4
ORD01155,2024-10-23,C0159,BANGALORE,Clothing,Denim Jeans,1,1667,10,"₹1,500",credit card,3,5
ORD02256,17-Jun-25,C0459,MUMBAI,ELECTRONICS,Wireless Earbuds,2,"2,518.91",5%," 4,785.94 ",Credit Card,1,5
ORD01683,2024-07-20,C0352,New Delhi,electronics,Smart Watch,1,"Rs. 4,384.14", ,"INR 4,384.14",COD,5,5
ORD02057,2024-03-23,C0222,Ahmedabad,Apparel,Denim Jeans,1,1554,0,"Rs. 1,553.69",debit_card,5,4
ORD02902,2024-02-03,C0169,Bangalore,Electronics ,Wireless Earbuds,1,"2,642.70",0,"2,642.70",Debit Card,1,4
ORD00453,27/11/2024,C0350,Dehli,ELECTRONICS,Smart Watch,1,"3,682.95",missing,-,N/A,3,2
ORD02302,18-Feb-24,C0439,Amdavad,Grocery,Coffee 500g,1,₹457,0.15,388.51,UPI,3,nan
ORD01328,not recorded,null,chennai,GROCERY,Basmati Rice 5kg,3,nan,20,"1,370.13",Debit Card,6,2
ORD02050,09-Jan-25,C0308,Amdavad,Electronics,Wireless Earbuds,2,"₹2,590",missing,"4,921.63",Debit Card,3,nan
ORD00881,2024-06-20,C0075,KOLKATA,electronics,Smart Watch,3,4351,0.00," 13,052.77 ",COD,0,4
ORD02976,24/03/2024,n/a,ahmedabad,CLOTHING,Cotton Kurta,1,₹952,10%,INR 857.02,Net Banking,7,1
ORD00624,"December 07, 2024",C0491,Kolkata,HOME,Bedsheet Set,1,1215,0.00,"Rs. 1,215.18",Debit Card,4,3
ORD02394,03/04/2025,C0328,delhi,Home,Pressure Cooker,4," 2,632.62 ",0.10,"INR 9,477.43",Credit Card,4,4
ORD02829,11/05/2024,C0288, Mumbai ,Apparel,Cotton Kurta,1,Rs. 810.25,15%,Rs. 688.72,Cash on Delivery,1,4
ORD01788,03/08/2024,C0351,HYDERABAD,HOME,Pressure Cooker,1,"INR 2,844.88",10%,"Rs. 2,560.40",CC,6,5
ORD00263,2025-01-12,C0055,Bombay,ELECTRONICS,Power Bank,1,"1,207.29",10%,"1,086.56",Cash on Delivery,3,-
ORD01635,21/01/2025,C0439,Ahmedabad,GROCERY,Basmati Rice 5kg,2, 530.11 ,0%," 1,060.22 ",debit_card,6,2
ORD01439,22/01/2024,C0060,chennai,HOME,Table Lamp,1,Rs. 708.25,20%,566.60,upi,7,5
ORD02199,"March 13, 2024",C0429,Madras,Electronics ,Power Bank,1,"Rs. 1,213.70",10%,"INR 1,092.33",Cash on Delivery,8,nan
ORD01970,2024-10-28,C0384,Mumbai,GROCERY,Basmati Rice 5kg,5,₹583,N/A,"2,917.01",netbanking,6,4
ORD02521,14/09/2024,C0380,CHENNAI,Home & Kitchen,Table Lamp,1,744.77,25,558.58,Credit Card,7,?
ORD01803,2024-04-14,C0071,NEW DELHI,Groceries,Olive Oil 1L,2,761,15,1294,Net Banking,2,5
ORD00641,2024-05-24,C0369,Delhi,Grocery,Basmati Rice 5kg,2,495,15,841.99,CC,2,4
ORD02386,17/03/2025,C0262,kolkata,GROCERY,Basmati Rice 5kg,2,INR 572.76,0," 1,145.53 ",credit card,7,5
ORD02599,2025-01-28, ,kolkata, Books,Cookbook,4,680.22,10%," 2,448.78 ",Net Banking,6,5
ORD02888,10-Jul-24,C0234,Ahmedabad,electronics,Power Bank,1,?,5,"INR 1,263.96",COD,3,missing
ORD01960,"February 26, 2025",C0090,chennai,CLOTHING,Cotton Kurta,3,INR 974.95,-,"Rs. 2,193.65",Credit Card,1,NA
ORD00489,17-Jan-24,C0341,MUMBAI,Clothing,Denim Jeans,3,"₹1,595",0,"₹4,784",Credit Card,6,4
ORD01844,05/08/2024,C0202,Bengaluru, Books,Cookbook,5,622.52,10,"2,801.35",netbanking,2,?
ORD01735,2024-01-01, ,Bombay, Books,Textbook,1,"₹1,307",10," 1,176.14 ",netbanking,4,5
ORD00147,04/10/2024,C0413,Bombay,CLOTHING,Running Shoes,2,"INR 2,525.33",0.00,"5,050.66",CC,1,?
ORD01535,28/01/2024,C0476,Delhi,electronics,Smart Watch,1,"4,131.61",0%,"INR 4,131.61",UPI,2,5
ORD01987,2024-09-29,C0380,Madras,BOOKS,Cookbook,5,637.52,5,"INR 3,028.21",credit card,,missing
ORD01370,2024-11-19,C0020,AHMEDABAD,Grocery,Basmati Rice 5kg,5,Rs. 591.42,0.00,2957,netbanking,6,3
ORD02451,25-Apr-25,C0381,Chennai,Electronics,Power Bank,1,"1,211.05",15%,1029,CC,7,2
ORD02994,2024-09-23,C0035,Kolkata,Home & Kitchen,Pressure Cooker,2,2980,5,"₹5,661",Credit Card,4,2
ORD02812,01/01/2024,C0109,Bangalore,electronics,Smart Watch,4,"4,068.73",0.00," 16,274.91 ",debit_card,2,4.5
ORD00660,03-Dec-24,C0173,Bombay,grocery,Coffee 500g,5,424.50,0.00,"2,122.48",Credit Card,2,5
ORD01795,"February 17, 2025",C0415,Dehli,home,Bedsheet Set,2,"₹1,267",,"Rs. 2,406.85",Cash on Delivery,2,3
ORD02512,,C0217,Ahmedabad,CLOTHING,Denim Jeans,4,"1,626.59",0,6506,COD,3,2
ORD00187,2024-06-28,C0372,Hyderabad,CLOTHING,Cotton Kurta,1,INR 979.66,0%,979.66,-,1,4
ORD01148,2025-05-31,C0129,Hyderabad,home,Pressure Cooker,1,"Rs. 2,801.23",0%,"₹2,801",COD,4,1
ORD00609,04/07/2024,C0040, Mumbai ,CLOTHING,Denim Jeans,2,"1,479.47",15%,"2,515.11",Cash on Delivery,n/a,5
ORD02192,26-Mar-24,C0320,hyderabad,Apparel,Cotton Kurta,3, 966.42 ,0%,"2,899.26",credit card,4,2
ORD02800,2024-01-09,C0233,CHENNAI,CLOTHING,Denim Jeans,1,"1,740.89",15,"1,479.75",Net Banking,2,4
ORD01931,2024-07-25,C0467,Ahmedabad,home,Bedsheet Set,10,"₹1,260",0,"12,598.32",netbanking,1,N/A
ORD00198,2024-03-24,C0448,Bengaluru,Books,Cookbook,1,Rs. 664.63,NULL,Rs. 664.63,credit card,3,4
ORD02328,23/11/2024,C0054,Kolkata,Grocery,Coffee 500g,5,n/a,0%,2052,CC,1,2
ORD00294,27/02/2024,C0172,HYDERABAD,Clothing,Running Shoes,4,"2,080.82",20%,"₹6,659",Net Banking,NULL,3
ORD00767,13-Feb-24,C0450,Ahmedabad,Books,Textbook,1,"1,178.94",0.25,"2,564.12",Credit Card,4,2
ORD00401,2025-05-23,C0010,Ahmedabad,electronics,Wireless Earbuds,1,"INR 2,328.22",0.00,"INR 2,328.22",netbanking,?,null
ORD00123,"November 11, 2024",C0404,chennai,electronics,Wireless Earbuds,1,"₹2,479",20,"1,983.35",credit card,2,3
ORD00203,06/15/2025,C0493,NEW DELHI,Electronics ,Power Bank,NA,"Rs. 1,352.53",10,"₹1,217",Credit Card,3,nan
ORD00836,21/12/2024,C0389,Bombay, Books,Cookbook,3,₹639,,"1,917.32",Cash on Delivery,3,3
ORD02295,"July 27, 2024",C0195,AHMEDABAD,Clothing,Running Shoes,10,"2,080.38",10," 18,723.41 ",upi,8,4.5
ORD01440,2024-13-45,C0107,KOLKATA,electronics,Power Bank,3,"1,237.49",n/a,"₹3,712",N/A,missing,4.5
ORD01734,13-May-25,C0241,BANGALORE,ELECTRONICS,Wireless Earbuds,4,"2,729.60",0.00,"₹10,918",COD,4,missing
ORD01696,13-Sep-24,C0280,Mumbai,ELECTRONICS,Smart Watch,3,4060,0.15,10352,debit_card,-1,5
ORD02986,not recorded,C0093,NEW DELHI,Books,Textbook,5,"₹1,149",5," 5,457.95 ",Debit Card,1,4
ORD01708,2024-01-23,C0084,Delhi,clothing,Cotton Kurta,1,911,15%,Rs. 774.58,Cash on Delivery,2,4
ORD02971,31-Dec-24,C0050,Delhi,Home & Kitchen,Bedsheet Set,2,1255,0.00,2509,CC,3,5
ORD01154,2025-04-18,C0448, Bengaluru ,grocery,Coffee 500g,1,₹384,10,345.46,credit card,2,2
ORD01662,2024-03-19,C0493,Delhi,books,Novel,1,392.23,0.00,₹392,debit_card,2,4
ORD02433,2024-01-22,C0388,Chennai,Grocery,Basmati Rice 5kg,2,578.58,0,"Rs. 1,157.16",netbanking,2,5
ORD01760,25-Nov-24,null,NEW DELHI,grocery,Olive Oil 1L,1,779,10,701.17,Cash on Delivery,3,4
ORD00855,2024-06-24,C0151,Hyderabad,GROCERY,Olive Oil 1L,1,₹810,0.10,729.17,Debit Card,3,2
ORD01590,2024-10-06,C0396,MUMBAI,HOME,Table Lamp,2, 799.59 ,0.00,"₹1,599",Net Banking,3,4
ORD02268,2024-09-04,C0047,AHMEDABAD,home,Bedsheet Set,2,"1,163.50",0.00,"Rs. 2,327.00",debit_card,7,4
ORD00642,2024-08-10,C0357,mumbai,Electronics,Smart Watch,3,"3,855.25",nan,"Rs. 10,987.46",Net Banking,5,3
ORD00002,2024-07-28,C0027, Hyderabad,ELECTRONICS,Wireless Earbuds,2,"2,351.17",0.00,"4,702.34",Cash on Delivery,7,0
ORD02161,2024-02-25,C0224,kolkata,electronics,Wireless Earbuds,1,"2,576.23",0%,"₹2,576",Cash on Delivery,3,4
ORD00699,not recorded,missing,Hyderabad,BOOKS,Cookbook,1,681,10%,Rs. 613.12,debit_card,7,5
ORD01637,30/11/2024,C0308,Ahmedabad,BOOKS,Cookbook,1,Rs. 616.00,0,616.00,credit card,1,5
ORD01292,"October 02, 2024",C0169,BANGALORE,clothing,Running Shoes,2,2217,0.05,"Rs. 4,213.19",Credit Card,4,NA
ORD02914,2024-07-20,C0239,Calcutta,Apparel,Denim Jeans,1,"₹1,481",15%,"₹1,259",Credit Card,4,N/A
ORD02490,17-Mar-25,C0454, Hyderabad,Electronics ,Wireless Earbuds,2,"INR 2,426.55",25," 3,639.83 ",credit card,1,4
ORD01521,2024-05-30,C0155,bengaluru,Apparel,Denim Jeans,1,?,25,"1,209.93",COD,0,5
ORD01854,2024-08-03,C0160,Madras, Books,Textbook,5,"1,248.57",0%,"₹6,243",Debit Card,4,3
ORD01137,2025-04-27,C0340,bengaluru,Home,Bedsheet Set,3,1095,0,"3,283.82",Debit Card,4,4
ORD02956,2024-05-12,C0199,KOLKATA,electronics,Smart Watch,5,"Rs. 4,005.61",0,"20,028.05",debit_card,6,5
ORD01632,29/12/2024,C0006,Chennai,Home,Bedsheet Set,2,1241,0,"Rs. 2,482.84",Credit Card,0,5
ORD01999,2024-02-11,C0358,bengaluru,Clothing,Cotton Kurta,1,INR 817.52,0.00,818,COD,4,5
ORD00664,10-Jun-25,C0227,Amdavad,ELECTRONICS,Power Bank,1,"Rs. 1,371.23",0.00," 2,338.44 ",CC,1,1
ORD00684,2024-06-28,C0330,ahmedabad,Electronics ,Wireless Earbuds,1,"₹2,557",0,2557,credit card,3,?
ORD01258,2024-06-30,C0169, Bengaluru ,Electronics ,Wireless Earbuds,3,"2,583.51",0.10,"₹6,975",UPI,3,null
ORD00318,24-Apr-25,C0002,Delhi,grocery,Olive Oil 1L,1, 712.90 ,0.00,INR 712.90,Credit Card,6,2
ORD00649,2024-09-25,C0021,delhi,GROCERY,Olive Oil 1L,1, 822.72 ,0,Rs. 822.72,Credit Card,1,5
ORD01435,31/07/2024,C0209,CHENNAI,clothing,Cotton Kurta,2,848.77,0.20,"₹1,358",UPI,7,5
ORD01480,"January 18, 2024",C0113,Dehli,Electronics ,Power Bank,1,"₹1,420",0.10,"₹1,278",Cash on Delivery,5,3
ORD00710,12-Feb-25,C0135,MUMBAI,Clothing,Cotton Kurta,1,961.43,0.20,769,debit_card,5,2
ORD01283,"June 01, 2024",C0211,HYDERABAD,GROCERY,Basmati Rice 5kg,1,535.22,10%,1250,nan,1,5
ORD01769,01-Jan-24,C0143,Mumbai,Grocery,Basmati Rice 5kg,1,544.56,0.00,544.56,Credit Card,6,4
ORD00973,"June 15, 2024",C0098, Mumbai ,Groceries,Coffee 500g,2,396.81,0.00,1334,netbanking,4,4
ORD02676,2024-11-20,C0409, Mumbai ,GROCERY,Olive Oil 1L,1,INR 851.90,0.00, 851.90 ,debit_card,99,2
ORD02681,19-Apr-24,C0420,Ahmedabad,Books,Cookbook,3,₹653,0.00,"Rs. 1,960.50",debit_card,2,1
ORD01307,04-Jun-24,C0060,CHENNAI,HOME,Bedsheet Set,3,1262,N/A," 3,027.87 ",CC,3,4
ORD01401,01/03/2025,C0152,delhi,Grocery,Coffee 500g,1,403.33,5,INR 383.17,UPI,3,?
ORD01409,02/06/2025,C0348,ahmedabad,Home & Kitchen,Pressure Cooker,1,3029,0,"₹3,029",Credit Card,4,4
ORD02238,30/10/2024,C0004, Mumbai ,electronics,Wireless Earbuds,2,2599,10,"12,651.02",CC,3,5
ORD01497,2025-06-20,C0147,delhi, Books,Novel,1,Rs. 421.81,10,Rs. 379.63,netbanking,3,5
ORD02039,12/03/2025,C0189,BANGALORE,Home,Pressure Cooker,2," 2,702.67 ",0.05,"5,135.07",Net Banking,1,2
ORD01530,2024-08-25,C0103, Mumbai , Books,Novel,1,,20,₹315,upi,2,5
ORD01664,2025-02-06,C0107,Calcutta,GROCERY,Basmati Rice 5kg,1,515.48,20,Rs. 412.39,UPI,7,4
ORD01355,03/14/2024,C0328,Delhi,books,Textbook,1,"₹1,245",0.05,"1,182.60",UPI,3,3
ORD02982,08/05/2025,C0464,bengaluru,Home & Kitchen,Bedsheet Set,1,"1,158.35",10,"1,042.52",Cash on Delivery,8,N/A
ORD01191,27-May-25,C0393,Madras,Home & Kitchen,Pressure Cooker,1,"₹2,665",0.25,1999,credit card,6,3
ORD01644,27/09/2024,C0107,KOLKATA,Groceries,Basmati Rice 5kg,1, 516.57 ,20,413.26,Debit Card,NULL,5
ORD01052,"August 26, 2024",C0133, Mumbai ,Electronics ,Smart Watch,2,missing,0.20,"6,131.22",CC,6,4
ORD00796,19-Nov-24,C0234,ahmedabad,Apparel,Running Shoes,10,"2,159.02",15%,"18,351.68",?,3,4
ORD02694,19/02/2024,C0219, Hyderabad,HOME,Pressure Cooker,2,"Rs. 2,651.74",0,"Rs. 5,303.47",COD,2,1
ORD01598,12/10/2024,C0343,ahmedabad,Home & Kitchen,Table Lamp,2,811,0.20,"1,297.39",credit card,3,1
ORD02605,2025-05-24,C0249,hyderabad,Home,Table Lamp,5,Rs. 819.21,0,"Rs. 4,096.03",UPI,4,5
ORD02730,12/02/2024,C0495,Mumbai,ELECTRONICS,Power Bank,5,"INR 1,227.58",0.00,"₹6,138",credit card,5,3
ORD02626,12/10/2024,C0460, Hyderabad,Home,Pressure Cooker,2,2519,?,"₹9,809",UPI,5,1
ORD01820,09/02/2024,C0117,Bombay,grocery,Olive Oil 1L,1,793,0.20, 634.40 ,UPI,1,5
ORD01723,"August 24, 2024",C0377,KOLKATA,HOME,Pressure Cooker,4,"Rs. 2,885.26",25%,"8,655.77",debit_card,4,4
ORD01184,28/04/2025,C0271,Hyderabad,home,Pressure Cooker,1,"2,790.28",0%,2790,CC,1,missing
ORD02573,2025-04-14,C0236,HYDERABAD,grocery,Coffee 500g,1,417,0.05,623.35,Cash on Delivery,,3
ORD01060,2024-07-18,C0109,Bangalore,Apparel,Denim Jeans,1,1608,0.05,"1,527.61",Credit Card,1,5
ORD00541,2025-02-16,C0176,kolkata,grocery,Basmati Rice 5kg,n/a,Rs. 515.51,0%,INR 515.51,CC,5,1
ORD01679,07/05/2025,C0161,MUMBAI,HOME,Table Lamp,5, 746.97 ,0.05, ,credit card,1,4
ORD02797,2024-10-15,C0005,delhi,BOOKS,Cookbook,1,Rs. 659.62,-,"Rs. 1,628.96",COD,8,2
ORD01818,12-Aug-24,C0121,Bengaluru,grocery,Basmati Rice 5kg,1,526.50,15%,448,UPI,2,1
ORD02533,2024-10-21,C0070, Hyderabad,Groceries,Basmati Rice 5kg,1,Rs. 522.16,5%,496.05,upi,8,4
ORD01758,08-Jun-25,C0082,Calcutta,Clothing,Denim Jeans,4,"INR 1,754.08",10,"₹6,315",NA,3,4
ORD01924,2024-11-27,C0164,bengaluru, Books,Textbook,1," 1,180.07 ",0,"₹1,180",Cash on Delivery,5,5
ORD00096,2024-08-21,C0059,MUMBAI,ELECTRONICS,Wireless Earbuds,NULL,n/a,5,"₹4,754",upi,3,5
ORD01021,2024-04-11,C0004,MUMBAI,BOOKS,Textbook,1,"₹1,272",0.00,1272,Debit Card,5,5
ORD00564,2024-07-28,C0186, Hyderabad,ELECTRONICS,Wireless Earbuds,1,NULL,0,"INR 2,255.69",NULL,4,null
ORD02791,2024-09-16,C0410,Chennai,Clothing,Running Shoes,2,"₹2,510",0.00,"₹5,021",upi,2,4
ORD00864,14/01/2024,C0250,Bengaluru,grocery,Coffee 500g,3,Rs. 440.60,0,"INR 1,321.80",credit card,2,0
ORD01485,2025-04-01,C0138,Mumbai,electronics,Power Bank,1,"1,418.75",15,1206,upi,2,3
ORD01882,"February 16, 2025",C0240,Mumbai,BOOKS,Novel,1,402.04,5,381.94,credit card,0,nan
ORD01039,2025-04-28,C0140,BANGALORE,books,Novel,1,Rs. 393.39,0.00,₹393,CC,5,3
ORD00207,2025-04-11,C0321,KOLKATA,Apparel,Denim Jeans,1,"1,581.14",NULL,"Rs. 1,581.14",Debit Card,null,4
ORD00393,15-Jun-25,C0417,Chennai,home,Bedsheet Set,1,"Rs. 1,085.00",20%,868.00,credit card,1,6
ORD02843,03/19/2025,C0365,mumbai,Grocery,Basmati Rice 5kg,2,534.09,0.00,"₹1,068",COD,7, 
ORD00871,"October 02, 2024",C0091, Mumbai ,books,Cookbook,2,₹696,15%,"₹1,183",Net Banking,2,4
ORD00398,2024-12-11,C0376, Mumbai ,clothing,Cotton Kurta,5,Rs. 876.89,missing,"3,726.78",debit_card,3,3
ORD02815,2024-04-20,C0358,BANGALORE,home,Pressure Cooker,5,"2,860.72",0.25,10728,COD,5,5
ORD02940,29/09/2024,C0153,Bombay,Electronics,Wireless Earbuds,10,"₹2,252",-,"INR 22,521.00",Cash on Delivery,6,6
ORD01029,2024-13-45,C0268,Madras,Home & Kitchen,Bedsheet Set,1," 1,110.63 ",NA," 1,110.63 ",CC,2,1
ORD02691,01/07/2024,C0262,KOLKATA,electronics,Wireless Earbuds,2,"₹2,254",0.10," 4,057.59 ",UPI,4,NULL
ORD01486,2024-05-14,C0208,NEW DELHI,ELECTRONICS,Smart Watch,3," 3,707.49 ", ,"10,010.23",UPI,3,3
ORD02661,2024-02-11,C0201,AHMEDABAD,CLOTHING,Denim Jeans,2,1660,0.10,"2,988.42",CC,3,5
ORD00961,2025-06-05,C0186, Hyderabad, Books,Novel,2,₹417,0.05,INR 793.10,CC,2,4
ORD01571,2024-10-15,C0488, Mumbai ,home,Table Lamp,4,724.78,0,"2,899.13",Net Banking,3,4
ORD02774,28-May-24,C0254,Mumbai,Home & Kitchen,Bedsheet Set,1,"1,202.81",missing,"1,142.67",COD,5,4
ORD01896,2024-06-04,C0263,Kolkata,Home & Kitchen,Table Lamp,10,INR 674.58,20,"₹5,397",credit card,6,5
ORD02732,04-Dec-24,C0281,Delhi, Books,Textbook,2,"1,250.89",0,"Rs. 2,501.78",Cash on Delivery,1,null
ORD02147,02/05/2024,C0257,hyderabad,grocery,Basmati Rice 5kg,2,₹596,0.05,"1,131.95",upi,3,
ORD00805,29-Oct-24,C0092,bengaluru,Home,Bedsheet Set,2,1167,10,"₹2,101",upi,2,4
ORD01752,08-Oct-24,C0159,Bangalore,home,Bedsheet Set,3,NA,0%,3919,netbanking,8,NA
ORD02455,28/04/2024,C0295,Madras,ELECTRONICS,Wireless Earbuds,4,"Rs. 2,667.59",5,"10,136.83",CC,2,5
ORD00503,2024-05-20,C0293,Chennai,Electronics,Wireless Earbuds,2,"2,688.60",20%,"4,301.77",Credit Card,4,-
ORD00780,28-Dec-24,C0052,AHMEDABAD, Books,Textbook,1,1240,0.00,"Rs. 2,053.98",Net Banking,1,4.5
ORD01864,"March 20, 2025",C0248,delhi, Books,Cookbook,10,602,10,"5,416.66",upi,4,4
ORD00201,2024-07-13,C0184,MUMBAI,HOME,Pressure Cooker,3,"₹2,799",15," 7,137.01 ",Credit Card,3,5
ORD02183,27-Mar-24,C0232,kolkata,Apparel,Running Shoes,1,"Rs. 2,151.27",0,2151,COD,2,4
ORD02089,10-Jun-25,C0360,kolkata,Electronics,Power Bank,5, ,20%,"₹5,410",Net Banking,2,2
ORD02279,"February 28, 2024",C0462,delhi,Electronics ,Power Bank,1,"₹1,325",nan,"Rs. 1,259.03",Net Banking,7,N/A
ORD01797,,C0045,MUMBAI,Apparel,Running Shoes,1,"2,124.06",0.10," 1,911.65 ",netbanking,7,1
ORD00379,12/13/2024,C0361,hyderabad,Books,Novel,2,₹400,0.10,₹721,netbanking,-1,?
ORD02337,19/04/2025,C0462,delhi,GROCERY,Basmati Rice 5kg,1,Rs. 532.36,10%,nan,Net Banking,6, 
ORD00419,"January 26, 2025",C0077,kolkata,Home,Pressure Cooker,1,2730,0,"₹2,730",UPI,6,4
ORD01699,2024-09-03,C0192,Bombay,books,Cookbook,,-,10,540.99,Cash on Delivery,6,3
ORD00392,26-Jan-24,C0058,MUMBAI,books,Novel,2,₹372,0.10,Rs. 669.88,credit card,1,missing
ORD02641,18-Sep-24,C0355,NEW DELHI,GROCERY,Olive Oil 1L,2,793,10%,"Rs. 1,427.10",upi,1,4
ORD01523,22/09/2024,C0386,Bangalore,electronics,Power Bank,2,"1,230.65",0.05,"Rs. 2,338.24",Cash on Delivery,4,4.5
ORD01163,19-Apr-24,C0313,Amdavad,ELECTRONICS,Power Bank,2,"1,222.26",5%,"2,322.29",Debit Card,99,1
ORD01496,15/04/2025,C0283,Amdavad,BOOKS,Cookbook,2,652.49,0.00,"1,304.98",CC,2,null
ORD02696,31/02/2024,C0453,chennai,clothing,Denim Jeans,2,"₹1,621",20%,"2,592.99",credit card,6,
ORD02028,2024-10-12,C0145,Mumbai,books,Novel,2,Rs. 365.01,0.00,Rs. 730.02,credit card,2,n/a
ORD01153,01-Apr-25,C0454,Hyderabad,Apparel,Denim Jeans,3,"1,685.33",0.05,"INR 4,803.20",debit_card,2,5
ORD01368,2025-06-12,NA,Amdavad,CLOTHING,Running Shoes,1,2135,NULL,"1,814.39",credit card,-1,missing
ORD02569,2025-03-12,n/a, Bengaluru ,GROCERY,Basmati Rice 5kg,1,528.73,15%, 449.42 ,netbanking,4,5
ORD00065,2025-04-08,C0101,BANGALORE,home,Bedsheet Set,1,"1,090.32",0.00," 1,090.32 ",debit_card,4,-
ORD02063,2025-05-19,C0289,Mumbai,Electronics,Power Bank,1,"INR 1,314.21",10%,1183,Debit Card,2,5
ORD01181,05/09/2024,C0311,mumbai,Electronics ,Power Bank,1,"₹1,372",5,1303,upi,-1,3
ORD00493,2024-04-15,C0374,BANGALORE,Apparel,Denim Jeans,1,"₹1,495",20,"1,196.32",Credit Card,4,3
ORD00380,10/05/2024,C0370,hyderabad,clothing,Cotton Kurta,3,818.80,10,"INR 2,210.77",Credit Card,7,2
ORD02236,2024-09-19,C0442,chennai,books,Cookbook,4,691,5%,2626,upi,7,3
ORD00764,2024-02-23,C0167,Calcutta,Home & Kitchen,Pressure Cooker,2,"2,969.16",25%,"₹4,454",Debit Card,-, 
ORD02265,2025-04-03,C0088,delhi,BOOKS,Textbook,1,"1,256.80",0%,"1,256.80",Debit Card,?,missing
ORD00792,2025-03-20,C0260,chennai,clothing,Denim Jeans,1,"Rs. 1,634.01",0.00,"1,634.01",netbanking,7,5
ORD01077,2024-03-25,C0422,Mumbai,Apparel,Cotton Kurta,1,₹944,0%,944.15,debit_card,-,missing
ORD00879,03/03/2025,C0327, Hyderabad,grocery,Olive Oil 1L,2,Rs. 802.81,0%,"1,605.62",Credit Card,7,3
ORD00338,2024-11-15,C0193,bengaluru,Home & Kitchen,Table Lamp,1,713.77,10,"1,400.16",CC,1,4
ORD02768,17/06/2025,C0330,ahmedabad,electronics,Power Bank,1,"1,337.04",10,1203,Net Banking,1,NA
ORD02344,2025-01-09,C0121, Bengaluru ,GROCERY,Olive Oil 1L,1,₹846,0.05,804,netbanking,1,3
ORD01017,30/09/2024,C0421,BANGALORE,Electronics ,Wireless Earbuds,2,"2,343.59",10%,"4,218.46",debit_card,2,
ORD01276,2024-08-10,C0147,Dehli,clothing,Running Shoes,1,2431,25,"1,822.94",Net Banking,1,0
ORD00456,29/07/2024,C0157,CHENNAI,electronics,Wireless Earbuds,5,"2,628.95",20,10516,UPI,4,missing
ORD00816,26-Sep-24,C0331,Delhi,clothing,Cotton Kurta,1,986,10,INR 887.77,debit_card,4,nan
ORD02318,2024-11-06,NA,ahmedabad,electronics,Wireless Earbuds,2,"₹2,423",0,"INR 4,845.05",netbanking,1,NULL
ORD00996,28/01/2024,,Madras,Clothing,Cotton Kurta,1,₹829,0%,₹829,upi,2,5
ORD01982,15/06/2024,n/a,Calcutta,GROCERY,Olive Oil 1L,1,Rs. 758.06,0,INR 758.06,debit_card,8,3
ORD00202,2024-08-10,C0077,kolkata,BOOKS,Cookbook,500,702.70,0," 351,348.55 ",credit card,5,missing
ORD00162,"February 19, 2024",C0075,Kolkata,home,Table Lamp,2,679,20,"Rs. 1,086.76",Debit Card,7,4
ORD01580,"September 06, 2024",C0381,Madras,Books,Textbook,4,"1,219.48",0%,"4,877.93",netbanking,7,
ORD02778,17-Nov-24,C0193, Bengaluru ,Home,Pressure Cooker,1,2628,5,,upi,1,5
ORD02450,2024-11-26,C0132,Hyderabad,Apparel,Running Shoes,3,"Rs. 2,428.12",0.20,"INR 12,538.96",Cash on Delivery,1,3
ORD00703,2025-01-19,C0362,Bengaluru,GROCERY,Olive Oil 1L,4,714,0.00," 2,855.41 ",CC,8,5
ORD01501,2025-04-17,C0081,NEW DELHI,books,Textbook,3,"₹1,344",0%,"INR 4,032.10",Debit Card,6,
ORD01130,2025-06-26,C0085,Bangalore,Home & Kitchen,Table Lamp,1,761.36,10%,685.22,debit_card,4,4
ORD02614,2024-03-01,C0075,KOLKATA,home,Pressure Cooker,3,2954,0%,8863,credit card,5,5
ORD01022,2025-03-22,C0288,mumbai,Books,Novel,500,417.94,0.00,"₹208,972",netbanking,2,
ORD01586,"May 29, 2025",C0153, Mumbai ,ELECTRONICS,Power Bank,4,1394,0.25,"Rs. 4,181.41",credit card,3,3
ORD01956,"October 29, 2024",C0285, Bengaluru ,Books,Textbook,2," 1,258.90 ",0," 2,517.80 ",Debit Card,6, 
ORD02254,10/11/2024,C0217,Ahmedabad,HOME,Table Lamp,2,INR 697.60,0,1395,debit_card,5,4
ORD00035,10/11/2024,C0061,Mumbai,home,Table Lamp,1,709.78,0.00,Rs. 709.78,upi,7,2
ORD00776,27-Oct-24,C0364,Ahmedabad, Books,Novel,2,₹373,10,672.19,CC,2,5
ORD02557,06/05/2024,C0455, Mumbai ,GROCERY,Olive Oil 1L,1,Rs. 748.25,20%,INR 598.60,Net Banking,5,null
ORD01479,2025-03-02,C0216,bengaluru,ELECTRONICS,Wireless Earbuds,-2,2419,25,₹0,UPI,3,4
ORD01391,12-Sep-24,C0046,Chennai,Grocery,Olive Oil 1L,1,707,10,INR 636.57,Cash on Delivery,3,2
ORD02140,2024-05-02,C0258,MUMBAI,books,Novel,1,Rs. 412.55,0.25,₹309,upi,N/A,4
ORD01364,2025-06-17,C0207, Bengaluru ,GROCERY,Olive Oil 1L,2,738.75,0.00,"Rs. 1,477.49",CC,5,1
ORD02946,14/08/2024,C0196,Mumbai,Clothing,Running Shoes,1,"2,147.79",0.15," 1,825.62 ",CC,2,3
ORD02613,2024-08-26,C0135,Mumbai, Books,Novel,2,₹381,0.00,Rs. 761.68,Cash on Delivery,5,5
ORD02825,18-Aug-24,C0040,mumbai,BOOKS,Textbook,2,null,0%,NULL,UPI,2,4
ORD02042,2024-06-07,C0106,chennai,grocery,Basmati Rice 5kg,1,602,0.00,602,credit card,6,4
ORD00242,2024-02-15,C0073,delhi,HOME,Bedsheet Set,3,"₹1,227",0%,"Rs. 3,681.08", ,-,N/A
ORD02062,08/06/2025,C0154,BANGALORE,HOME,Bedsheet Set,3,1290,0,"8,897.20",Debit Card,8,6
ORD02364,28/02/2024,C0449,Hyderabad,Grocery,Coffee 500g,1,463,0.25,347.01,Credit Card,2,4.5
ORD00601,2024-01-05,C0350,Dehli,Electronics,Smart Watch,1,"3,612.08",0,"3,612.08",Net Banking,1,3
ORD02436,08/01/2024,C0107,kolkata,HOME,Pressure Cooker,2,2792,0.00,"5,584.91",credit card,2,5
ORD01298,20-Jun-24,C0307,Amdavad,BOOKS,Textbook,1,1242,10%,"₹1,118",Debit Card,1,3
ORD02215,2024-02-14,C0256,Dehli,Electronics ,Smart Watch,1,"₹3,789",0,NULL,Debit Card,nan,3
ORD02889,20/05/2024,C0471,Dehli, Books,Cookbook,2, 652.87 ,0,"INR 1,305.74",UPI,7,3
ORD02069,2025-03-27,C0250,bengaluru,Home,Bedsheet Set,1," 1,131.60 ",10,?,Debit Card,8,5
ORD00647,01/01/2024,C0096,ahmedabad,Home & Kitchen,Bedsheet Set,2,"1,241.20",0.10,"₹2,234",COD,n/a,5
ORD01529,2024-03-13,C0468,Ahmedabad,GROCERY,Olive Oil 1L,1,₹790,0%,INR 790.29,UPI,8,5
ORD02880,08/10/2024,C0499,hyderabad,Electronics ,Power Bank,500,"₹1,369",0.10,"616,037.04",Credit Card,6,5
ORD01268,24/03/2025,C0460,HYDERABAD,Home,Pressure Cooker,1,"2,606.99",0.05,"2,476.64",CC,1,
ORD01900,2025-06-29,C0069,Ahmedabad,electronics,Wireless Earbuds,1,"₹2,669",0%,"₹2,669",Cash on Delivery,5,5
ORD00563,2024-08-16,C0263,Calcutta,Clothing,Cotton Kurta,2,null,nan,"₹1,471",COD,1,4.5
ORD02084,,C0134,Ahmedabad,Apparel,Cotton Kurta,1,₹900,0.00,Rs. 900.22,COD,5, 
ORD02735,2024-07-02,C0065,delhi,GROCERY,Olive Oil 1L,10,₹753,0,"7,528.14",Cash on Delivery,3,5
ORD01118,2024-11-20,C0477,Kolkata,home,Bedsheet Set,1,1108,15%,942,UPI,2,missing
ORD00190,16-Apr-25,C0206, Mumbai ,GROCERY,Basmati Rice 5kg,1,517.89,0.05,492.00,COD,7,4
ORD01807,05/14/2024,N/A,Amdavad,books,Cookbook,1,688,0%,₹688,UPI,3,3
ORD00976,21-Jul-24,C0410,Madras, Books,Textbook,1," 1,221.22 ",0.00," 1,221.22 ",Credit Card,3,5
ORD02748,2024-12-03,C0069,AHMEDABAD,HOME,Pressure Cooker,2,2904,0.00,5808,upi,1,5
ORD02048,2024-12-04,C0062,Amdavad,home,Table Lamp,3,₹813,10,"Rs. 2,195.10",Debit Card,6,5
ORD02559,22-Apr-25,C0054,KOLKATA,Electronics ,Smart Watch,2," 4,354.87 ",5,"8,274.24",Cash on Delivery,3,4
ORD01083,2025-06-04,C0472, Hyderabad,Grocery,Olive Oil 1L,1,₹710,20,₹568,COD,0,4
ORD00475,31/02/2024,C0002,Delhi, Books,Textbook,2,"₹1,301",0.00,"2,601.80",Net Banking,1,
ORD02905,05/08/2025,C0001,MUMBAI,ELECTRONICS,Power Bank,2,"1,243.32",0%,"2,486.64",credit card,3,5
ORD00748,"June 16, 2025",C0273,MUMBAI,Home & Kitchen,Pressure Cooker,2," 2,656.48 ",0%,"INR 5,312.96",CC,3,4
ORD02301,2024-08-05,C0043,Dehli,HOME,Bedsheet Set,2,"1,267.75",0.05,"2,408.72",CC,7,5
ORD00022,2024-08-19,C0034,bengaluru,GROCERY,Olive Oil 1L,1,844,0.15,717.27,Net Banking,3,3
ORD00460,2024-02-01,C0458,CHENNAI,Clothing,Denim Jeans,3,"₹1,462",0.00,"4,384.53",COD,2, 
ORD01185,18-Jan-24,C0176,Calcutta,Electronics,Wireless Earbuds,2," 2,733.51 ",0.00,"INR 5,467.02",Credit Card,3,5
ORD02325,2024-05-27,C0396,Mumbai,clothing,Running Shoes,1,2516,0.20,"₹2,012",UPI,99,1
ORD00956,10-Sep-24,C0186,hyderabad,HOME,Table Lamp,4,₹790,0.10,2844,Debit Card,6,4.5
ORD01216,2025-01-03,C0128,chennai,Grocery,Olive Oil 1L,1,707,,637,UPI,5,4
ORD02434,2024-03-18,C0365, Mumbai ,Home & Kitchen,Pressure Cooker,1,2883,0.00," 2,882.51 ",upi,3,4
ORD02854,2025-03-15,C0224,kolkata,CLOTHING,Denim Jeans,1,"Rs. 1,612.56",0%,"1,612.56",CC,3,n/a
ORD01516,08/05/2024,C0381,Chennai, Books,Textbook,1,1141,0.10,"1,027.28",Debit Card,6,4
ORD02392,2024-02-23,C0156,New Delhi,HOME,Table Lamp,5,Rs. 701.96,0.00,"3,509.80",upi,2,1
ORD00770,2024-07-28,C0300,MUMBAI,GROCERY,Coffee 500g,2,Rs. 391.28,0,783,upi,3,2
ORD01686,not recorded,C0359,New Delhi,Electronics,Wireless Earbuds,5,"2,454.12",20%,19696,COD,?,3
ORD00131,2024-06-02,C0058,Bombay,Groceries,Olive Oil 1L,3,785,0,-,Net Banking,7,3
ORD02920,2024-05-01,C0205,BANGALORE,Electronics ,Smart Watch,2,"₹3,996",0,7992,upi,1,3
ORD02136,2025-01-24,C0456,Chennai,HOME,Table Lamp,2,₹734,0.10,"Rs. 1,321.18",CC,6,1
ORD01483,2024-12-29,C0189,Bangalore,CLOTHING,Cotton Kurta,5,882.73,10%,"3,972.29",,5,3
ORD00331,03/10/2024,C0121,Bengaluru,Home & Kitchen,Table Lamp,2,684.28,nan,"1,231.70",Net Banking,3,4.5
ORD01239,07/13/2024,C0218,CHENNAI,books,Textbook,2,"Rs. 1,139.34",10%," 2,050.82 ",UPI,3,4
ORD00467,2024-04-02,C0381,Chennai,Clothing,Denim Jeans,3," 1,515.62 ",0.00,"Rs. 10,340.63",Credit Card,2,5
ORD02170,12/11/2024,C0144,ahmedabad,CLOTHING,Cotton Kurta,5,INR 925.04,20%,"Rs. 3,700.18",Cash on Delivery,8, 
ORD01639,13-Jul-24,C0029,kolkata,GROCERY,Olive Oil 1L,1,758,0.00,Rs. 758.03,COD,1,n/a
ORD01096,2024-08-13,C0484,bengaluru,GROCERY,Basmati Rice 5kg,500,563,0,"₹281,479",upi,5,5
ORD01131,04-Oct-24,,CHENNAI,Books,Novel,3,n/a,null,"1,024.57",Net Banking,4,4
ORD01295,06/03/2025,C0142,hyderabad,home,Pressure Cooker,1,"2,970.58",5%," 2,822.05 ",COD,2,3
ORD00861,2024-03-28,C0429,CHENNAI,Grocery,Olive Oil 1L,2,854.86,0.10," 1,538.74 ",UPI,6,-
