date,city,temp_c,rain_mm,humidity_pct,pressure_hpa,wind_kmh,aqi
2022-01-01,Delhi,14.2,3.0,78.0,1011.8,9.1,170.0
2022-01-02,Delhi,14.7,0.9,59.0,1017.7,13.6,173.0
2022-01-03,Delhi,13.7,0.5,53.0,1017.1,4.9,176.0
2022-01-04,Delhi,12.7,0.0,61.0,1009.9,14.3,196.0
2022-01-05,Delhi,13.4,2.1,70.0,1010.5,15.3,187.0
2022-01-06,Delhi,12.5,0.0,60.0,1017.3,11.3,187.0
2022-01-07,Delhi,14.1,0.1,65.0,1018.9,17.7,199.0
2022-01-08,Delhi,16.2,0.3,61.0,1005.8,9.8,198.0
2022-01-09,Delhi,13.2,1.0,58.0,1010.0,3.7,221.0
2022-01-10,Delhi,13.0,0.0,82.0,1012.7,9.4,192.0
2022-01-11,Delhi,14.8,0.3,61.0,1016.6,5.0,178.0
2022-01-12,Delhi,14.6,0.8,56.0,1008.3,1.2,197.0
2022-01-13,Delhi,14.2,0.2,57.0,1014.2,1.3,224.0
2022-01-14,Delhi,12.5,0.5,63.0,1010.4,17.4,189.0
2022-01-15,Delhi,14.0,0.5,63.0,1021.2,4.6,200.0
2022-01-16,Delhi,15.1,0.9,65.0,1013.3,6.9,194.0
2022-01-17,Delhi,11.9,6.3,60.0,1011.0,4.0,208.0
2022-01-18,Delhi,13.3,0.4,49.0,1010.2,7.7,206.0
2022-01-19,Delhi,11.0,3.6,63.0,1015.7,6.0,188.0
2022-01-20,Delhi,12.0,0.6,57.0,1014.2,5.2,199.0
2022-01-21,Delhi,11.2,0.6,57.0,1007.1,1.6,220.0
2022-01-22,Delhi,13.8,0.2,48.0,1012.3,0.7,224.0
2022-01-23,Delhi,12.2,2.6,55.0,1006.0,3.7,221.0
2022-01-24,Delhi,14.6,2.9,53.0,1008.3,8.4,221.0
2022-01-25,Delhi,14.5,0.0,58.0,1006.1,16.4,200.0
2022-01-26,Delhi,14.0,3.4,48.0,1005.9,11.8,200.0
2022-01-27,Delhi,10.3,0.1,58.0,1008.4,15.3,224.0
2022-01-28,Delhi,13.5,0.6,59.0,1007.2,9.2,187.0
2022-01-29,Delhi,14.4,0.6,50.0,1013.2,6.7,207.0
2022-01-30,Delhi,14.7,0.4,53.0,1014.2,1.1,176.0
2022-01-31,Delhi,12.1,4.5,52.0,1010.0,7.1,203.0
2022-02-01,Delhi,13.8,0.1,64.0,1006.4,2.6,198.0
2022-02-02,Delhi,13.1,0.6,40.0,1014.1,5.7,189.0
2022-02-03,Delhi,13.5,0.0,55.0,1002.7,14.4,221.0
2022-02-04,Delhi,16.5,0.2,45.0,1003.0,8.6,199.0
2022-02-05,Delhi,13.6,0.3,54.0,1013.6,12.2,206.0
2022-02-06,Delhi,14.9,0.0,63.0,1013.3,5.4,208.0
2022-02-07,Delhi,16.5,0.0,52.0,1014.5,0.9,200.0
2022-02-08,Delhi,14.2,0.2,57.0,1009.7,4.9,239.0
2022-02-09,Delhi,15.0,3.8,50.0,1005.4,5.3,205.0
2022-02-10,Delhi,15.5,1.4,70.0,1008.3,12.5,218.0
2022-02-11,Delhi,15.5,3.1,62.0,1012.6,16.0,192.0
2022-02-12,Delhi,13.5,0.3,64.0,1007.2,3.8,207.0
2022-02-13,Delhi,15.7,1.6,46.0,1007.4,5.5,210.0
2022-02-14,Delhi,17.9,6.1,48.0,1004.5,6.4,210.0
2022-02-15,Delhi,13.3,0.4,63.0,1005.4,5.5,206.0
2022-02-16,Delhi,17.3,0.1,54.0,1013.3,1.5,219.0
2022-02-17,Delhi,16.2,3.7,53.0,1011.7,7.5,244.0
2022-02-18,Delhi,15.1,1.3,57.0,1005.1,8.7,215.0
2022-02-19,Delhi,19.4,0.0,46.0,1005.4,8.8,215.0
2022-02-20,Delhi,17.5,0.6,60.0,1007.4,1.7,211.0
2022-02-21,Delhi,14.5,1.2,55.0,1011.8,6.6,263.0
2022-02-22,Delhi,16.7,0.0,58.0,1004.8,0.7,247.0
2022-02-23,Delhi,17.6,3.9,50.0,1008.7,11.2,228.0
2022-02-24,Delhi,16.5,0.7,58.0,1000.7,2.5,231.0
2022-02-25,Delhi,18.0,0.4,49.0,1004.2,5.9,206.0
2022-02-26,Delhi,17.0,1.5,61.0,1010.8,5.1,216.0
2022-02-27,Delhi,18.3,1.7,62.0,1012.7,4.5,223.0
2022-02-28,Delhi,19.6,0.0,60.0,1004.3,2.4,221.0
2022-03-01,Delhi,16.4,2.0,57.0,1005.8,0.8,204.0
2022-03-02,Delhi,17.9,0.5,58.0,1012.0,14.9,205.0
2022-03-03,Delhi,17.0,1.0,35.0,1007.1,8.3,228.0
2022-03-04,Delhi,18.1,1.3,59.0,1006.5,8.3,225.0
2022-03-05,Delhi,16.1,1.5,51.0,1010.6,16.6,182.0
2022-03-06,Delhi,17.3,0.4,54.0,1009.2,6.7,221.0
2022-03-07,Delhi,18.0,0.6,51.0,1012.8,9.6,242.0
2022-03-08,Delhi,19.9,0.2,43.0,1011.4,7.2,208.0
2022-03-09,Delhi,20.5,0.5,49.0,1005.8,12.5,224.0
2022-03-10,Delhi,16.7,2.7,57.0,1007.6,9.4,194.0
2022-03-11,Delhi,17.7,0.3,63.0,1007.7,8.6,234.0
2022-03-12,Delhi,20.2,0.5,48.0,1002.4,6.0,200.0
2022-03-13,Delhi,16.1,7.6,46.0,1003.9,8.4,197.0
2022-03-14,Delhi,18.7,2.2,63.0,1011.6,12.4,213.0
2022-03-15,Delhi,19.5,3.3,46.0,1001.2,2.2,261.0
2022-03-16,Delhi,21.8,1.5,67.0,1011.5,6.6,208.0
2022-03-17,Delhi,21.0,0.7,52.0,1008.5,5.3,196.0
2022-03-18,Delhi,19.6,0.1,46.0,1006.7,5.8,227.0
2022-03-19,Delhi,19.7,2.1,59.0,1009.3,1.7,222.0
2022-03-20,Delhi,20.1,1.2,64.0,1009.0,10.4,247.0
2022-03-21,Delhi,23.1,1.2,42.0,1011.8,3.3,196.0
2022-03-22,Delhi,20.1,1.2,63.0,1005.3,6.1,190.0
2022-03-23,Delhi,20.5,1.0,50.0,1005.9,4.9,212.0
2022-03-24,Delhi,21.7,0.1,62.0,1005.7,0.4,224.0
2022-03-25,Delhi,21.1,0.5,49.0,1014.1,5.1,223.0
2022-03-26,Delhi,21.2,0.4,40.0,1010.3,1.1,236.0
2022-03-27,Delhi,19.9,0.7,55.0,1002.7,2.9,190.0
2022-03-28,Delhi,21.9,4.7,58.0,1004.9,5.7,201.0
2022-03-29,Delhi,21.3,0.0,66.0,1003.3,7.1,213.0
2022-03-30,Delhi,24.1,0.4,63.0,1006.1,7.4,230.0
2022-03-31,Delhi,23.5,0.6,56.0,1006.8,6.5,223.0
2022-04-01,Delhi,22.6,1.4,49.0,1015.1,16.8,207.0
2022-04-02,Delhi,23.9,1.3,47.0,998.4,9.1,196.0
2022-04-03,Delhi,22.4,1.3,49.0,1009.8,1.7,229.0
2022-04-04,Delhi,24.8,1.0,45.0,1007.3,4.4,230.0
2022-04-05,Delhi,23.3,0.6,49.0,1002.6,4.2,261.0
2022-04-06,Delhi,24.5,1.2,33.0,1004.7,6.4,209.0
2022-04-07,Delhi,21.7,0.3,52.0,1003.3,4.4,241.0
2022-04-08,Delhi,24.5,3.8,50.0,1005.3,3.3,190.0
2022-04-09,Delhi,21.4,0.3,68.0,1009.1,14.6,201.0
2022-04-10,Delhi,21.0,0.0,56.0,998.8,7.3,198.0
2022-04-11,Delhi,24.0,0.2,47.0,1010.1,5.6,202.0
2022-04-12,Delhi,23.2,11.5,54.0,1003.2,6.0,194.0
2022-04-13,Delhi,25.1,2.1,42.0,1010.7,6.2,199.0
2022-04-14,Delhi,28.6,0.9,46.0,1006.2,13.4,207.0
2022-04-15,Delhi,23.9,0.2,37.0,1009.4,9.3,200.0
2022-04-16,Delhi,24.4,1.7,60.0,1006.6,12.2,219.0
2022-04-17,Delhi,25.9,0.2,54.0,1008.6,6.9,205.0
2022-04-18,Delhi,26.6,3.3,42.0,1004.4,8.6,206.0
2022-04-19,Delhi,25.7,1.7,50.0,1000.7,11.9,231.0
2022-04-20,Delhi,25.9,0.1,57.0,1006.6,16.0,210.0
2022-04-21,Delhi,27.5,1.0,54.0,1006.7,7.3,207.0
2022-04-22,Delhi,27.4,0.2,53.0,1012.2,0.6,203.0
2022-04-23,Delhi,25.1,0.0,44.0,995.6,9.8,204.0
2022-04-24,Delhi,26.8,0.5,46.0,1002.8,4.5,212.0
2022-04-25,Delhi,27.2,0.2,51.0,1007.7,0.9,187.0
2022-04-26,Delhi,25.6,1.3,56.0,998.4,4.4,221.0
2022-04-27,Delhi,27.9,0.1,44.0,1002.4,11.9,227.0
2022-04-28,Delhi,26.3,1.7,42.0,1011.7,12.6,219.0
2022-04-29,Delhi,29.4,0.0,58.0,1008.8,10.4,190.0
2022-04-30,Delhi,28.3,0.2,43.0,999.5,2.4,169.0
2022-05-01,Delhi,28.4,2.4,58.0,1008.6,18.5,189.0
2022-05-02,Delhi,27.5,2.7,52.0,1007.6,1.9,199.0
2022-05-03,Delhi,28.4,0.1,56.0,1005.9,6.8,210.0
2022-05-04,Delhi,25.6,1.6,62.0,1004.2,0.7,191.0
2022-05-05,Delhi,27.1,1.4,55.0,1003.5,13.1,188.0
2022-05-06,Delhi,29.7,0.2,55.0,999.0,9.2,220.0
2022-05-07,Delhi,25.9,0.7,44.0,1000.3,11.2,180.0
2022-05-08,Delhi,30.8,0.3,45.0,1005.3,7.6,210.0
2022-05-09,Delhi,26.8,0.6,55.0,1002.8,6.9,206.0
2022-05-10,Delhi,31.0,0.5,61.0,1009.6,8.0,166.0
2022-05-11,Delhi,28.6,1.3,60.0,1000.7,1.3,194.0
2022-05-12,Delhi,31.4,0.4,66.0,992.4,11.6,178.0
2022-05-13,Delhi,30.5,0.0,52.0,1000.6,11.3,170.0
2022-05-14,Delhi,28.0,3.2,52.0,1003.0,5.4,153.0
2022-05-15,Delhi,32.6,2.2,57.0,1003.3,7.1,158.0
2022-05-16,Delhi,33.1,0.3,50.0,1002.0,8.5,192.0
2022-05-17,Delhi,30.9,0.1,50.0,998.3,14.2,177.0
2022-05-18,Delhi,30.7,0.3,43.0,1007.5,9.1,187.0
2022-05-19,Delhi,31.0,0.3,57.0,998.8,7.4,163.0
2022-05-20,Delhi,29.9,5.6,43.0,1004.3,4.9,175.0
2022-05-21,Delhi,33.3,7.6,54.0,1000.2,0.4,175.0
2022-05-22,Delhi,30.9,1.1,41.0,996.5,4.5,152.0
2022-05-23,Delhi,31.8,0.1,58.0,1006.9,7.5,149.0
2022-05-24,Delhi,30.8,0.0,44.0,991.1,6.1,185.0
2022-05-25,Delhi,31.2,0.4,57.0,997.7,7.5,179.0
2022-05-26,Delhi,30.3,0.7,40.0,1002.8,10.5,159.0
2022-05-27,Delhi,34.5,0.0,48.0,999.6,9.2,173.0
2022-05-28,Delhi,32.3,0.3,59.0,1003.9,8.4,185.0
2022-05-29,Delhi,34.3,0.0,45.0,1000.5,10.2,205.0
2022-05-30,Delhi,32.9,1.5,52.0,999.0,8.0,156.0
2022-05-31,Delhi,31.9,2.0,48.0,1009.4,7.1,181.0
2022-06-01,Delhi,32.6,0.7,35.0,999.8,9.3,207.0
2022-06-02,Delhi,32.4,1.3,54.0,1000.0,0.6,170.0
2022-06-03,Delhi,,2.2,,,12.8,
2022-06-04,Delhi,32.9,0.0,44.0,997.6,1.4,121.0
2022-06-05,Delhi,33.1,0.2,56.0,1003.1,11.0,191.0
2022-06-06,Delhi,31.5,1.7,46.0,1002.7,7.3,165.0
2022-06-07,Delhi,32.6,1.4,45.0,1000.4,12.2,131.0
2022-06-08,Delhi,36.6,0.4,52.0,997.6,7.4,177.0
2022-06-09,Delhi,33.0,0.2,47.0,1003.1,3.0,181.0
2022-06-10,Delhi,32.5,1.9,68.0,993.5,12.0,182.0
2022-06-11,Delhi,34.8,0.2,41.0,998.9,8.0,181.0
2022-06-12,Delhi,36.6,1.3,57.0,999.2,7.8,159.0
2022-06-13,Delhi,32.1,1.6,59.0,996.8,7.6,145.0
2022-06-14,Delhi,34.2,0.1,39.0,1000.8,11.7,149.0
2022-06-15,Delhi,33.6,0.2,40.0,997.5,10.9,156.0
2022-06-16,Delhi,31.9,0.0,57.0,996.9,8.3,163.0
2022-06-17,Delhi,36.0,2.3,49.0,1007.3,0.2,146.0
2022-06-18,Delhi,34.9,0.9,55.0,1003.1,5.4,155.0
2022-06-19,Delhi,35.1,0.3,61.0,1004.9,7.7,168.0
2022-06-20,Delhi,33.9,3.2,50.0,1000.3,15.3,158.0
2022-06-21,Delhi,35.9,0.1,46.0,1003.9,9.0,191.0
2022-06-22,Delhi,34.4,1.0,34.0,1003.1,6.8,188.0
2022-06-23,Delhi,35.1,0.4,55.0,1004.9,12.6,129.0
2022-06-24,Delhi,33.6,1.2,47.0,1009.5,6.7,138.0
2022-06-25,Delhi,33.5,0.4,56.0,999.1,7.1,124.0
2022-06-26,Delhi,37.6,1.3,55.0,1001.0,7.9,126.0
2022-06-27,Delhi,34.7,0.1,44.0,999.8,0.5,155.0
2022-06-28,Delhi,36.1,0.6,66.0,985.9,11.6,127.0
2022-06-29,Delhi,35.6,0.1,62.0,994.4,9.2,125.0
2022-06-30,Delhi,35.0,0.3,60.0,1000.0,6.0,138.0
2022-07-01,Delhi,34.9,0.0,46.0,1002.5,2.1,156.0
2022-07-02,Delhi,36.8,2.3,52.0,997.7,8.2,135.0
2022-07-03,Delhi,35.3,0.5,51.0,1004.5,13.5,134.0
2022-07-04,Delhi,35.6,0.7,52.0,1005.1,4.4,156.0
2022-07-05,Delhi,35.9,3.0,47.0,998.3,2.5,147.0
2022-07-06,Delhi,37.8,3.7,58.0,1005.7,9.1,146.0
2022-07-07,Delhi,37.0,1.2,57.0,1007.0,0.2,154.0
2022-07-08,Delhi,36.6,2.2,58.0,1001.9,2.7,118.0
2022-07-09,Delhi,35.1,0.6,52.0,996.1,5.3,139.0
2022-07-10,Delhi,33.8,0.5,64.0,1005.9,4.1,123.0
2022-07-11,Delhi,37.5,0.6,57.0,999.4,6.0,152.0
2022-07-12,Delhi,37.5,1.9,37.0,998.6,4.8,147.0
2022-07-13,Delhi,35.8,0.1,51.0,1000.6,8.7,114.0
2022-07-14,Delhi,36.9,0.4,56.0,998.0,6.3,155.0
2022-07-15,Delhi,37.2,6.7,63.0,1004.4,4.6,110.0
2022-07-16,Delhi,37.3,7.7,54.0,1003.3,5.2,151.0
2022-07-17,Delhi,,1.3,,,10.1,
2022-07-18,Delhi,35.2,2.6,52.0,1002.6,11.6,113.0
2022-07-19,Delhi,38.4,0.0,61.0,997.1,11.3,108.0
2022-07-20,Delhi,33.9,0.3,54.0,999.7,10.4,122.0
2022-07-21,Delhi,37.3,0.0,53.0,1003.8,7.6,126.0
2022-07-22,Delhi,36.7,3.9,52.0,998.7,2.8,113.0
2022-07-23,Delhi,37.3,1.1,61.0,1012.1,5.8,135.0
2022-07-24,Delhi,38.8,0.1,54.0,999.5,8.2,100.0
2022-07-25,Delhi,38.2,1.8,46.0,998.1,0.2,124.0
2022-07-26,Delhi,33.9,0.1,62.0,1005.1,13.7,123.0
2022-07-27,Delhi,33.0,0.4,53.0,1003.6,8.6,89.0
2022-07-28,Delhi,37.0,0.0,60.0,1000.5,4.5,127.0
2022-07-29,Delhi,34.0,0.5,61.0,999.7,8.0,99.0
2022-07-30,Delhi,35.6,0.4,67.0,1002.4,5.7,76.0
2022-07-31,Delhi,36.9,0.4,66.0,1004.1,3.8,109.0
2022-08-01,Delhi,32.8,0.6,54.0,1003.9,9.5,116.0
2022-08-02,Delhi,32.0,2.2,57.0,999.7,5.2,135.0
2022-08-03,Delhi,35.8,0.5,50.0,1002.6,0.9,110.0
2022-08-04,Delhi,35.4,1.8,71.0,1004.3,4.4,144.0
2022-08-05,Delhi,34.8,2.4,62.0,1004.1,6.8,143.0
2022-08-06,Delhi,35.2,1.5,69.0,988.7,2.4,136.0
2022-08-07,Delhi,33.7,1.4,57.0,997.6,12.9,140.0
2022-08-08,Delhi,32.6,0.2,45.0,998.1,2.4,122.0
2022-08-09,Delhi,34.6,1.2,70.0,1000.3,15.2,106.0
2022-08-10,Delhi,33.3,2.0,60.0,1002.1,11.3,127.0
2022-08-11,Delhi,32.1,1.1,61.0,1005.1,3.0,132.0
2022-08-12,Delhi,35.5,0.0,60.0,1003.9,7.9,119.0
2022-08-13,Delhi,34.5,0.2,65.0,1001.0,12.6,110.0
2022-08-14,Delhi,35.1,0.1,64.0,1001.7,6.4,86.0
2022-08-15,Delhi,32.8,0.3,49.0,1008.7,1.9,125.0
2022-08-16,Delhi,33.2,0.7,68.0,999.3,7.8,119.0
2022-08-17,Delhi,32.6,0.2,57.0,1003.0,16.2,90.0
2022-08-18,Delhi,32.6,1.6,57.0,1008.2,0.6,114.0
2022-08-19,Delhi,34.3,0.0,73.0,1003.4,9.8,125.0
2022-08-20,Delhi,32.6,0.9,67.0,993.9,7.3,110.0
2022-08-21,Delhi,34.3,0.5,59.0,1003.6,6.8,125.0
2022-08-22,Delhi,34.2,0.7,48.0,1000.7,5.5,125.0
2022-08-23,Delhi,36.7,0.2,62.0,1001.8,5.9,85.0
2022-08-24,Delhi,31.1,2.0,65.0,1006.6,12.0,105.0
2022-08-25,Delhi,34.7,0.0,61.0,1004.3,10.0,119.0
2022-08-26,Delhi,,0.7,,,2.8,
2022-08-27,Delhi,33.0,0.0,56.0,1006.2,14.3,135.0
2022-08-28,Delhi,30.5,0.1,53.0,1004.4,1.5,76.0
2022-08-29,Delhi,32.0,2.0,64.0,1003.2,10.3,109.0
2022-08-30,Delhi,33.8,0.2,68.0,1004.1,8.1,123.0
2022-08-31,Delhi,32.3,1.4,69.0,1004.0,12.7,131.0
2022-09-01,Delhi,32.4,0.5,57.0,1001.7,8.9,140.0
2022-09-02,Delhi,31.7,0.0,64.0,1001.3,12.1,93.0
2022-09-03,Delhi,33.9,0.2,67.0,1003.3,7.2,103.0
2022-09-04,Delhi,31.8,0.0,59.0,999.5,11.7,91.0
2022-09-05,Delhi,28.2,1.1,62.0,998.4,8.9,124.0
2022-09-06,Delhi,30.5,2.7,78.0,1008.7,17.0,86.0
2022-09-07,Delhi,28.3,1.4,65.0,1002.7,4.2,131.0
2022-09-08,Delhi,26.1,3.5,69.0,1003.6,12.7,126.0
2022-09-09,Delhi,30.3,1.6,60.0,1003.3,9.4,118.0
2022-09-10,Delhi,33.1,0.9,64.0,1004.0,8.1,71.0
2022-09-11,Delhi,30.9,0.6,51.0,1004.1,4.8,98.0
2022-09-12,Delhi,28.8,0.5,63.0,1004.4,9.3,123.0
2022-09-13,Delhi,29.0,0.6,72.0,1001.0,0.7,85.0
2022-09-14,Delhi,32.1,0.4,78.0,1008.0,1.2,106.0
2022-09-15,Delhi,30.4,0.2,72.0,1001.6,10.5,108.0
2022-09-16,Delhi,30.0,0.2,69.0,1008.6,0.3,126.0
2022-09-17,Delhi,29.7,0.0,64.0,996.9,13.8,116.0
2022-09-18,Delhi,29.7,0.7,60.0,1000.4,6.1,116.0
2022-09-19,Delhi,30.7,0.2,63.0,1008.8,8.5,103.0
2022-09-20,Delhi,30.2,0.6,69.0,1004.3,7.7,111.0
2022-09-21,Delhi,29.5,0.5,59.0,1002.3,9.2,109.0
2022-09-22,Delhi,27.3,0.4,71.0,1006.6,6.1,125.0
2022-09-23,Delhi,29.6,0.1,58.0,1001.0,5.7,109.0
2022-09-24,Delhi,27.5,0.9,52.0,1005.6,6.8,131.0
2022-09-25,Delhi,30.1,0.4,58.0,996.5,12.1,82.0
2022-09-26,Delhi,26.2,5.9,53.0,1003.7,12.4,134.0
2022-09-27,Delhi,27.8,2.6,55.0,1003.0,13.1,110.0
2022-09-28,Delhi,27.8,0.0,73.0,1007.9,9.0,133.0
2022-09-29,Delhi,25.6,0.3,64.0,1009.3,6.4,115.0
2022-09-30,Delhi,30.2,0.0,67.0,1002.5,0.2,129.0
2022-10-01,Delhi,29.6,0.0,73.0,1012.5,10.2,141.0
2022-10-02,Delhi,26.4,1.3,74.0,1003.8,11.1,105.0
2022-10-03,Delhi,28.2,2.8,62.0,998.0,5.5,117.0
2022-10-04,Delhi,27.4,0.3,75.0,996.8,11.0,113.0
2022-10-05,Delhi,22.4,5.0,68.0,1012.6,13.1,120.0
2022-10-06,Delhi,26.8,0.3,65.0,1006.2,7.8,88.0
2022-10-07,Delhi,26.1,0.0,69.0,1004.1,12.1,114.0
2022-10-08,Delhi,26.1,1.2,56.0,1003.8,8.7,113.0
2022-10-09,Delhi,24.1,0.8,60.0,1002.5,0.5,104.0
2022-10-10,Delhi,25.2,4.6,65.0,1012.4,5.2,115.0
2022-10-11,Delhi,25.1,0.1,70.0,1006.7,5.5,92.0
2022-10-12,Delhi,27.1,0.3,63.0,1014.3,9.7,145.0
2022-10-13,Delhi,25.6,0.1,65.0,1006.5,3.5,128.0
2022-10-14,Delhi,24.8,0.2,73.0,998.0,5.4,154.0
2022-10-15,Delhi,27.1,0.0,76.0,1010.8,3.0,106.0
2022-10-16,Delhi,23.6,2.7,71.0,1006.1,7.2,101.0
2022-10-17,Delhi,23.7,0.9,75.0,1006.7,7.7,128.0
2022-10-18,Delhi,21.2,1.4,63.0,1014.0,11.7,94.0
2022-10-19,Delhi,26.4,0.4,64.0,1006.8,10.9,128.0
2022-10-20,Delhi,25.3,0.2,68.0,1012.6,8.1,112.0
2022-10-21,Delhi,25.0,4.1,64.0,1008.0,8.4,119.0
2022-10-22,Delhi,24.4,0.3,62.0,1005.1,7.8,130.0
2022-10-23,Delhi,23.3,0.6,78.0,1010.3,7.9,127.0
2022-10-24,Delhi,,0.3,,,14.3,452.0
2022-10-25,Delhi,22.4,0.3,59.0,1013.3,3.8,139.0
2022-10-26,Delhi,22.3,5.9,69.0,1012.4,6.6,106.0
2022-10-27,Delhi,22.5,2.3,79.0,1008.9,8.8,147.0
2022-10-28,Delhi,24.7,1.6,67.0,1011.2,12.4,106.0
2022-10-29,Delhi,22.9,2.7,75.0,1011.1,2.4,132.0
2022-10-30,Delhi,21.8,1.5,63.0,1007.8,8.9,109.0
2022-10-31,Delhi,20.8,0.2,63.0,1012.6,11.2,118.0
2022-11-01,Delhi,20.5,0.1,61.0,1008.2,5.3,157.0
2022-11-02,Delhi,23.9,0.5,65.0,1011.6,1.2,124.0
2022-11-03,Delhi,22.0,2.0,79.0,1005.4,5.7,123.0
2022-11-04,Delhi,21.1,0.2,58.0,1009.7,1.9,126.0
2022-11-05,Delhi,20.2,3.8,77.0,1011.1,10.3,131.0
2022-11-06,Delhi,18.9,0.3,59.0,1006.4,3.5,163.0
2022-11-07,Delhi,20.3,2.7,64.0,1007.9,15.4,117.0
2022-11-08,Delhi,21.7,2.3,72.0,1007.5,8.0,117.0
2022-11-09,Delhi,19.5,0.6,70.0,1012.7,3.7,150.0
2022-11-10,Delhi,19.6,0.4,68.0,1007.0,5.1,112.0
2022-11-11,Delhi,19.4,1.1,54.0,1011.7,2.4,135.0
2022-11-12,Delhi,19.8,0.7,68.0,1016.1,9.1,162.0
2022-11-13,Delhi,16.9,0.0,59.0,1011.5,14.1,143.0
2022-11-14,Delhi,18.9,2.5,84.0,1003.7,6.4,135.0
2022-11-15,Delhi,17.8,1.5,64.0,1010.7,11.5,9999.0
2022-11-16,Delhi,20.4,2.5,67.0,1014.5,3.1,129.0
2022-11-17,Delhi,17.6,4.3,58.0,1009.2,8.7,136.0
2022-11-18,Delhi,19.6,2.1,62.0,1014.9,17.7,150.0
2022-11-19,Delhi,20.9,0.3,56.0,1013.0,1.0,171.0
2022-11-20,Delhi,17.8,0.2,72.0,1012.3,12.9,166.0
2022-11-21,Delhi,17.2,0.0,64.0,1009.6,12.6,140.0
2022-11-22,Delhi,18.4,0.5,69.0,1008.7,1.1,138.0
2022-11-23,Delhi,17.9,0.2,60.0,1009.8,0.9,164.0
2022-11-24,Delhi,16.2,1.8,62.0,1011.1,3.0,121.0
2022-11-25,Delhi,18.4,0.9,74.0,1013.0,11.7,146.0
2022-11-26,Delhi,20.7,0.8,58.0,1012.7,5.4,149.0
2022-11-27,Delhi,16.9,0.2,52.0,1009.8,6.6,136.0
2022-11-28,Delhi,16.9,1.3,68.0,1011.4,10.5,139.0
2022-11-29,Delhi,15.4,7.2,57.0,1012.7,7.9,164.0
2022-11-30,Delhi,17.5,0.2,62.0,1004.7,8.4,129.0
2022-12-01,Delhi,14.8,2.4,71.0,1008.2,5.9,143.0
2022-12-02,Delhi,14.9,4.5,59.0,1008.1,12.4,149.0
2022-12-03,Delhi,18.6,0.7,71.0,1010.5,3.8,163.0
2022-12-04,Delhi,15.0,4.5,60.0,1010.3,14.9,138.0
2022-12-05,Delhi,18.1,0.9,75.0,1010.4,5.8,182.0
2022-12-06,Delhi,18.7,0.8,74.0,1008.0,3.8,159.0
2022-12-07,Delhi,16.5,4.1,61.0,1014.2,10.3,160.0
2022-12-08,Delhi,16.9,1.7,63.0,1012.7,9.4,159.0
2022-12-09,Delhi,19.0,0.0,58.0,1005.1,1.6,155.0
2022-12-10,Delhi,15.5,0.5,65.0,1011.7,8.3,150.0
2022-12-11,Delhi,14.7,0.2,72.0,1007.2,1.3,189.0
2022-12-12,Delhi,13.4,2.5,54.0,1018.6,3.6,173.0
2022-12-13,Delhi,15.5,0.2,70.0,1010.0,10.9,169.0
2022-12-14,Delhi,17.8,2.9,54.0,1010.2,3.5,189.0
2022-12-15,Delhi,16.8,2.5,57.0,1012.2,8.9,160.0
2022-12-16,Delhi,13.7,0.3,51.0,1011.1,5.6,184.0
2022-12-17,Delhi,13.8,1.2,78.0,1011.7,16.0,175.0
2022-12-18,Delhi,14.2,3.5,64.0,1018.1,6.9,159.0
2022-12-19,Delhi,,1.7,,,2.0,
2022-12-20,Delhi,14.6,0.4,58.0,1015.3,2.4,150.0
2022-12-21,Delhi,15.2,3.9,70.0,1016.5,3.2,189.0
2022-12-22,Delhi,15.2,0.1,48.0,1008.1,7.9,163.0
2022-12-23,Delhi,14.2,0.3,63.0,1018.8,7.3,187.0
2022-12-24,Delhi,14.5,1.8,78.0,1014.8,11.7,205.0
2022-12-25,Delhi,14.9,0.1,60.0,1015.9,8.1,192.0
2022-12-26,Delhi,14.4,2.2,62.0,1008.6,7.9,172.0
2022-12-27,Delhi,15.2,3.3,67.0,1015.3,8.8,183.0
2022-12-28,Delhi,17.4,0.4,56.0,1013.7,6.7,178.0
2022-12-29,Delhi,15.3,0.1,62.0,1009.9,8.6,164.0
2022-12-30,Delhi,14.4,0.2,68.0,1021.2,10.8,166.0
2022-12-31,Delhi,11.6,0.6,63.0,1014.3,10.8,187.0
2023-01-01,Delhi,14.8,1.2,64.0,1011.1,4.8,197.0
2023-01-02,Delhi,11.1,3.6,59.0,1012.8,0.7,157.0
2023-01-03,Delhi,11.9,3.9,63.0,1015.7,3.7,188.0
2023-01-04,Delhi,15.5,2.2,62.0,1016.6,8.6,199.0
2023-01-05,Delhi,15.2,0.7,71.0,1014.4,3.9,193.0
2023-01-06,Delhi,13.8,0.9,66.0,1016.9,5.1,174.0
2023-01-07,Delhi,11.3,2.1,59.0,1017.9,9.3,211.0
2023-01-08,Delhi,13.4,2.6,44.0,1007.1,4.7,172.0
2023-01-09,Delhi,12.9,0.2,66.0,1010.1,2.3,205.0
2023-01-10,Delhi,15.0,0.0,66.0,1008.2,15.2,223.0
2023-01-11,Delhi,17.6,0.8,54.0,1012.4,13.5,159.0
2023-01-12,Delhi,14.3,2.0,46.0,1017.7,6.1,201.0
2023-01-13,Delhi,12.8,0.1,52.0,1014.5,13.2,203.0
2023-01-14,Delhi,12.1,0.0,66.0,1007.7,13.1,202.0
2023-01-15,Delhi,13.9,0.2,52.0,1010.7,2.2,185.0
2023-01-16,Delhi,13.7,5.7,56.0,1016.0,19.3,194.0
2023-01-17,Delhi,12.2,0.8,61.0,1009.7,3.1,175.0
2023-01-18,Delhi,14.2,1.4,68.0,1011.4,6.1,203.0
2023-01-19,Delhi,12.2,0.3,59.0,1013.0,2.3,211.0
2023-01-20,Delhi,15.9,0.1,58.0,1004.4,7.6,190.0
2023-01-21,Delhi,,1.1,,,1.3,
2023-01-22,Delhi,15.9,0.0,70.0,1013.0,7.2,195.0
2023-01-23,Delhi,13.4,0.4,66.0,1013.9,12.1,204.0
2023-01-24,Delhi,15.0,0.9,58.0,1007.7,8.2,206.0
2023-01-25,Delhi,14.0,2.4,49.0,1008.5,6.1,203.0
2023-01-26,Delhi,13.7,1.3,53.0,1009.1,14.2,207.0
2023-01-27,Delhi,13.8,1.0,62.0,1012.4,3.2,183.0
2023-01-28,Delhi,12.3,0.0,53.0,1011.7,11.6,159.0
2023-01-29,Delhi,12.1,0.6,64.0,1011.9,5.9,218.0
2023-01-30,Delhi,15.8,1.9,60.0,1018.5,8.2,233.0
2023-01-31,Delhi,14.2,0.0,60.0,1016.5,7.4,183.0
2023-02-01,Delhi,15.0,0.7,62.0,1008.3,7.8,197.0
2023-02-02,Delhi,16.3,0.1,61.0,1008.5,7.0,215.0
2023-02-03,Delhi,12.0,2.1,51.0,1017.9,3.7,227.0
2023-02-04,Delhi,13.6,2.7,55.0,1009.8,4.7,222.0
2023-02-05,Delhi,15.2,0.3,73.0,1016.5,9.2,234.0
2023-02-06,Delhi,15.6,0.1,48.0,1017.3,6.7,211.0
2023-02-07,Delhi,14.4,2.1,53.0,1008.7,2.0,219.0
2023-02-08,Delhi,16.8,0.0,64.0,1009.7,4.0,220.0
2023-02-09,Delhi,15.5,1.6,55.0,1011.0,4.1,205.0
2023-02-10,Delhi,13.4,0.3,50.0,1007.2,7.0,234.0
2023-02-11,Delhi,13.9,0.1,47.0,1006.7,8.0,225.0
2023-02-12,Delhi,16.8,0.0,60.0,1008.9,7.6,231.0
2023-02-13,Delhi,16.3,0.0,63.0,1013.9,4.3,207.0
2023-02-14,Delhi,,1.9,,,7.3,
2023-02-15,Delhi,,1.2,,,1.0,
2023-02-16,Delhi,,1.0,,,5.8,
2023-02-17,Delhi,18.1,1.4,48.0,1004.7,6.9,169.0
2023-02-18,Delhi,15.5,0.2,56.0,1016.0,0.3,198.0
2023-02-19,Delhi,15.7,0.0,50.0,1000.6,2.9,229.0
2023-02-20,Delhi,14.5,1.2,56.0,1007.3,1.7,208.0
2023-02-21,Delhi,20.5,0.4,60.0,1012.1,10.0,220.0
2023-02-22,Delhi,16.3,0.1,62.0,1004.2,1.7,188.0
2023-02-23,Delhi,19.2,0.9,48.0,1012.1,8.4,244.0
2023-02-24,Delhi,15.8,0.0,63.0,1014.6,5.0,228.0
2023-02-25,Delhi,17.2,1.6,51.0,1006.1,1.6,217.0
2023-02-26,Delhi,14.4,1.2,47.0,1010.3,0.2,225.0
2023-02-27,Delhi,16.6,1.0,53.0,1004.9,9.2,223.0
2023-02-28,Delhi,18.9,0.0,44.0,1011.3,8.9,243.0
2023-03-01,Delhi,15.5,0.0,54.0,1009.5,10.6,222.0
2023-03-02,Delhi,19.3,2.0,56.0,1009.9,15.4,192.0
2023-03-03,Delhi,18.3,1.7,52.0,1014.4,8.3,214.0
2023-03-04,Delhi,16.2,0.1,57.0,1010.8,8.4,241.0
2023-03-05,Delhi,17.2,1.3,51.0,1014.2,6.6,228.0
2023-03-06,Delhi,17.5,0.6,53.0,1011.2,7.6,211.0
2023-03-07,Delhi,18.3,1.1,43.0,1003.8,5.5,229.0
2023-03-08,Delhi,17.6,0.0,53.0,1009.6,3.1,220.0
2023-03-09,Delhi,17.3,2.9,47.0,1010.4,16.1,229.0
2023-03-10,Delhi,18.3,2.7,50.0,1002.5,1.3,190.0
2023-03-11,Delhi,17.3,0.9,52.0,1013.6,8.2,202.0
2023-03-12,Delhi,17.1,1.6,54.0,1008.4,9.1,230.0
2023-03-13,Delhi,19.2,0.6,41.0,1009.5,7.7,214.0
2023-03-14,Delhi,20.9,1.2,41.0,1004.3,2.7,224.0
2023-03-15,Delhi,17.2,0.0,50.0,1008.1,6.2,252.0
2023-03-16,Delhi,19.8,0.1,55.0,1008.9,5.0,212.0
2023-03-17,Delhi,18.9,0.5,55.0,1006.3,2.2,222.0
2023-03-18,Delhi,18.5,0.7,58.0,1007.9,6.8,207.0
2023-03-19,Delhi,21.6,0.4,61.0,999.0,5.2,206.0
2023-03-20,Delhi,19.6,1.0,55.0,1012.8,4.6,216.0
2023-03-21,Delhi,23.0,0.3,52.0,1002.8,10.1,191.0
2023-03-22,Delhi,19.6,1.4,44.0,998.4,2.3,179.0
2023-03-23,Delhi,21.6,0.9,45.0,1003.2,9.0,240.0
2023-03-24,Delhi,20.8,1.8,48.0,1003.6,4.3,214.0
2023-03-25,Delhi,20.1,0.6,53.0,1009.0,8.9,235.0
2023-03-26,Delhi,22.5,1.5,53.0,1003.1,7.3,218.0
2023-03-27,Delhi,21.4,0.3,51.0,1007.8,8.1,218.0
2023-03-28,Delhi,22.8,0.4,50.0,1002.7,2.6,227.0
2023-03-29,Delhi,22.0,3.9,56.0,1015.2,3.5,227.0
2023-03-30,Delhi,20.5,2.6,52.0,1008.5,3.1,193.0
2023-03-31,Delhi,22.3,1.6,53.0,1014.0,7.8,235.0
2023-04-01,Delhi,22.7,12.3,53.0,1002.0,10.3,196.0
2023-04-02,Delhi,24.3,0.1,47.0,1008.6,11.8,216.0
2023-04-03,Delhi,21.5,0.8,44.0,1002.1,4.7,257.0
2023-04-04,Delhi,23.1,0.1,54.0,1008.1,7.4,213.0
2023-04-05,Delhi,20.6,0.3,54.0,1008.4,0.3,241.0
2023-04-06,Delhi,24.6,0.3,49.0,999.2,3.0,205.0
2023-04-07,Delhi,22.0,0.0,48.0,1000.9,3.1,221.0
2023-04-08,Delhi,21.0,2.0,66.0,1000.7,4.0,211.0
2023-04-09,Delhi,24.0,0.4,45.0,999.3,0.2,217.0
2023-04-10,Delhi,26.1,0.2,49.0,1002.2,1.0,194.0
2023-04-11,Delhi,22.0,3.1,52.0,1001.2,9.4,193.0
2023-04-12,Delhi,22.9,1.4,42.0,999.2,3.3,214.0
2023-04-13,Delhi,23.7,0.7,51.0,1005.2,0.6,180.0
2023-04-14,Delhi,23.2,0.4,63.0,1006.9,17.4,192.0
2023-04-15,Delhi,25.8,4.0,57.0,999.4,7.7,218.0
2023-04-16,Delhi,24.1,1.9,55.0,1002.3,5.5,195.0
2023-04-17,Delhi,24.5,0.1,54.0,1004.5,10.0,190.0
2023-04-18,Delhi,26.7,0.8,51.0,1003.4,3.5,185.0
2023-04-19,Delhi,24.8,0.2,57.0,1001.4,14.1,207.0
2023-04-20,Delhi,26.9,0.3,49.0,1007.4,0.2,197.0
2023-04-21,Delhi,24.8,0.0,47.0,1007.4,1.1,205.0
2023-04-22,Delhi,24.6,0.2,51.0,1006.7,6.3,199.0
2023-04-23,Delhi,23.8,0.1,56.0,1003.0,3.5,234.0
2023-04-24,Delhi,29.9,0.5,52.0,1011.7,13.2,193.0
2023-04-25,Delhi,26.6,0.6,55.0,1010.6,0.3,166.0
2023-04-26,Delhi,27.7,3.4,36.0,1002.0,3.6,201.0
2023-04-27,Delhi,27.4,0.0,58.0,1003.0,8.0,199.0
2023-04-28,Delhi,27.9,0.1,66.0,1008.1,9.4,201.0
2023-04-29,Delhi,27.9,1.4,59.0,1000.1,11.4,169.0
2023-04-30,Delhi,31.1,0.3,48.0,1004.8,8.4,216.0
2023-05-01,Delhi,26.6,0.2,44.0,1003.3,16.8,195.0
2023-05-02,Delhi,25.9,0.2,52.0,1000.2,4.7,194.0
2023-05-03,Delhi,27.0,0.0,43.0,1002.0,7.7,166.0
2023-05-04,Delhi,26.6,2.1,55.0,996.5,10.7,202.0
2023-05-05,Delhi,30.1,0.9,46.0,1000.6,5.4,191.0
2023-05-06,Delhi,30.4,1.2,57.0,994.7,5.5,215.0
2023-05-07,Delhi,27.7,1.6,60.0,1011.7,4.8,184.0
2023-05-08,Delhi,27.2,8.2,36.0,1008.5,4.0,168.0
2023-05-09,Delhi,29.1,0.8,52.0,1007.3,1.8,191.0
2023-05-10,Delhi,32.0,0.2,45.0,1003.5,4.4,172.0
2023-05-11,Delhi,25.5,1.1,40.0,1006.2,0.2,195.0
2023-05-12,Delhi,31.0,0.2,46.0,1007.3,8.5,168.0
2023-05-13,Delhi,28.6,0.0,49.0,1006.1,0.3,183.0
2023-05-14,Delhi,32.1,0.0,58.0,1005.7,16.1,181.0
2023-05-15,Delhi,28.9,1.9,40.0,998.3,14.4,183.0
2023-05-16,Delhi,30.3,0.4,58.0,1003.6,11.8,174.0
2023-05-17,Delhi,28.5,2.9,65.0,999.6,5.9,168.0
2023-05-18,Delhi,29.6,0.3,55.0,997.0,4.2,180.0
2023-05-19,Delhi,33.5,1.3,54.0,997.1,12.3,170.0
2023-05-20,Delhi,32.7,1.2,50.0,1003.3,7.6,182.0
2023-05-21,Delhi,30.9,1.7,42.0,1005.7,9.3,174.0
2023-05-22,Delhi,30.3,0.0,54.0,996.0,3.6,138.0
2023-05-23,Delhi,28.8,2.0,53.0,1008.3,11.6,176.0
2023-05-24,Delhi,31.4,0.7,56.0,1007.2,3.2,200.0
2023-05-25,Delhi,32.1,1.7,69.0,999.7,7.3,180.0
2023-05-26,Delhi,32.2,2.3,56.0,999.3,1.0,185.0
2023-05-27,Delhi,32.3,2.0,54.0,1000.8,3.9,181.0
2023-05-28,Delhi,30.8,0.2,62.0,1005.0,9.0,164.0
2023-05-29,Delhi,32.6,1.3,42.0,999.5,4.8,148.0
2023-05-30,Delhi,32.8,3.0,43.0,996.5,4.8,184.0
2023-05-31,Delhi,35.1,5.7,49.0,1002.2,10.3,188.0
2023-06-01,Delhi,36.1,1.6,47.0,992.6,6.5,178.0
2023-06-02,Delhi,33.0,0.0,56.0,1001.3,12.3,175.0
2023-06-03,Delhi,32.1,0.0,49.0,1005.4,4.1,173.0
2023-06-04,Delhi,33.4,0.1,64.0,1001.9,9.3,165.0
2023-06-05,Delhi,32.6,0.3,62.0,1003.7,9.0,169.0
2023-06-06,Delhi,32.5,5.3,57.0,1002.5,0.2,164.0
2023-06-07,Delhi,33.7,1.1,49.0,1003.4,1.0,168.0
2023-06-08,Delhi,32.3,2.5,56.0,1001.1,10.7,145.0
2023-06-09,Delhi,35.0,0.0,58.0,997.1,2.0,150.0
2023-06-10,Delhi,34.0,4.6,45.0,999.5,3.9,170.0
2023-06-11,Delhi,34.7,0.4,55.0,1000.1,9.4,153.0
2023-06-12,Delhi,34.1,1.8,57.0,1005.4,5.3,116.0
2023-06-13,Delhi,33.3,0.1,54.0,1006.8,8.9,159.0
2023-06-14,Delhi,33.0,6.3,63.0,1002.0,2.9,116.0
2023-06-15,Delhi,34.3,2.6,61.0,997.2,8.1,188.0
2023-06-16,Delhi,33.9,0.2,47.0,997.3,11.6,167.0
2023-06-17,Delhi,35.2,0.1,54.0,999.4,8.2,165.0
2023-06-18,Delhi,34.9,1.5,47.0,1005.7,3.1,141.0
2023-06-19,Delhi,32.8,1.4,57.0,1001.5,9.7,132.0
2023-06-20,Delhi,35.2,2.7,47.0,999.9,7.0,147.0
2023-06-21,Delhi,33.0,2.8,60.0,997.0,2.7,150.0
2023-06-22,Delhi,34.2,5.0,56.0,1003.6,13.0,135.0
2023-06-23,Delhi,34.8,0.0,60.0,1001.2,1.1,151.0
2023-06-24,Delhi,32.0,0.4,52.0,999.8,15.2,159.0
2023-06-25,Delhi,35.6,0.1,43.0,1000.5,3.9,156.0
2023-06-26,Delhi,35.7,0.0,66.0,1006.8,13.8,127.0
2023-06-27,Delhi,35.3,1.8,53.0,999.4,6.6,107.0
2023-06-28,Delhi,34.9,0.2,64.0,1006.8,0.8,143.0
2023-06-29,Delhi,35.0,0.5,57.0,1005.0,7.2,131.0
2023-06-30,Delhi,34.1,0.2,59.0,1000.2,8.2,149.0
2023-07-01,Delhi,35.3,2.1,67.0,1003.5,9.2,169.0
2023-07-02,Delhi,34.9,1.5,57.0,999.5,11.5,168.0
2023-07-03,Delhi,36.0,1.5,64.0,996.7,2.7,144.0
2023-07-04,Delhi,33.9,0.2,44.0,998.9,9.0,157.0
2023-07-05,Delhi,36.2,3.8,61.0,996.4,10.1,166.0
2023-07-06,Delhi,36.1,1.7,53.0,1002.1,5.5,137.0
2023-07-07,Delhi,35.7,0.3,54.0,1000.1,2.6,141.0
2023-07-08,Delhi,35.2,2.0,55.0,1002.3,2.5,150.0
2023-07-09,Delhi,36.8,1.2,58.0,1003.4,10.1,134.0
2023-07-10,Delhi,33.3,0.5,67.0,987.6,10.3,125.0
2023-07-11,Delhi,36.7,1.9,43.0,1001.3,3.0,120.0
2023-07-12,Delhi,36.4,2.8,56.0,992.9,0.8,132.0
2023-07-13,Delhi,36.5,0.2,51.0,1000.8,12.3,120.0
2023-07-14,Delhi,36.6,5.4,64.0,996.6,0.2,144.0
2023-07-15,Delhi,35.0,0.1,53.0,1000.6,7.5,124.0
2023-07-16,Delhi,35.6,6.8,59.0,1005.6,3.1,154.0
2023-07-17,Delhi,37.0,4.0,54.0,993.4,1.1,149.0
2023-07-18,Delhi,36.7,0.2,61.0,1001.0,7.3,106.0
2023-07-19,Delhi,36.3,2.1,64.0,1000.0,5.9,145.0
2023-07-20,Delhi,33.5,0.2,54.0,992.7,13.2,119.0
2023-07-21,Delhi,36.8,4.6,57.0,1002.9,16.9,149.0
2023-07-22,Delhi,37.8,3.4,47.0,1000.5,5.9,134.0
2023-07-23,Delhi,37.5,0.5,59.0,998.4,11.3,123.0
2023-07-24,Delhi,36.2,0.1,63.0,997.6,11.4,135.0
2023-07-25,Delhi,33.3,0.7,54.0,1013.3,4.4,113.0
2023-07-26,Delhi,37.3,2.0,65.0,999.0,2.9,128.0
2023-07-27,Delhi,35.5,0.5,43.0,993.4,14.0,128.0
2023-07-28,Delhi,31.6,0.1,45.0,996.9,5.1,118.0
2023-07-29,Delhi,36.2,0.8,48.0,999.2,6.6,127.0
2023-07-30,Delhi,33.2,3.8,55.0,999.2,5.4,103.0
2023-07-31,Delhi,33.5,0.0,58.0,1000.4,6.2,129.0
2023-08-01,Delhi,34.5,0.8,58.0,996.6,4.0,98.0
2023-08-02,Delhi,37.5,0.1,58.0,1003.0,10.1,129.0
2023-08-03,Delhi,34.8,1.4,64.0,999.0,12.4,126.0
2023-08-04,Delhi,35.7,2.3,56.0,995.5,5.1,129.0
2023-08-05,Delhi,38.0,2.6,50.0,997.8,0.6,107.0
2023-08-06,Delhi,37.7,1.2,50.0,999.5,7.0,168.0
2023-08-07,Delhi,34.9,0.4,74.0,1004.5,0.2,112.0
2023-08-08,Delhi,34.6,3.5,43.0,1003.1,3.9,118.0
2023-08-09,Delhi,32.9,0.4,58.0,999.9,12.3,102.0
2023-08-10,Delhi,33.7,0.1,70.0,1001.4,17.1,139.0
2023-08-11,Delhi,35.4,3.7,63.0,1002.3,8.4,106.0
2023-08-12,Delhi,35.3,1.7,54.0,1009.6,2.0,131.0
2023-08-13,Delhi,34.7,0.0,60.0,999.1,10.2,97.0
2023-08-14,Delhi,36.1,0.6,66.0,1003.5,3.3,118.0
2023-08-15,Delhi,33.1,0.0,69.0,1004.6,3.6,106.0
2023-08-16,Delhi,34.2,0.1,54.0,997.9,13.6,128.0
2023-08-17,Delhi,35.3,0.4,66.0,1002.6,10.1,107.0
2023-08-18,Delhi,35.0,1.2,62.0,1002.6,0.6,97.0
2023-08-19,Delhi,35.7,3.5,69.0,1000.1,0.7,119.0
2023-08-20,Delhi,34.5,4.7,71.0,1004.3,10.6,91.0
2023-08-21,Delhi,33.2,1.0,59.0,1006.2,6.5,95.0
2023-08-22,Delhi,34.2,0.1,51.0,1006.7,4.1,124.0
2023-08-23,Delhi,31.9,1.1,64.0,1001.5,8.6,79.0
2023-08-24,Delhi,30.7,1.0,74.0,1003.1,4.2,123.0
2023-08-25,Delhi,34.2,0.4,66.0,1011.9,1.9,103.0
2023-08-26,Delhi,33.0,0.0,63.0,998.1,10.4,94.0
2023-08-27,Delhi,33.5,3.1,79.0,1003.5,3.8,114.0
2023-08-28,Delhi,30.1,2.4,55.0,1006.3,2.3,120.0
2023-08-29,Delhi,32.1,4.1,68.0,1003.4,0.8,100.0
2023-08-30,Delhi,31.6,0.5,58.0,1005.5,7.9,106.0
2023-08-31,Delhi,31.1,0.1,63.0,1003.7,3.1,123.0
2023-09-01,Delhi,28.7,0.2,63.0,1006.1,9.5,122.0
2023-09-02,Delhi,31.6,2.3,73.0,1008.3,5.6,108.0
2023-09-03,Delhi,33.5,13.0,56.0,1002.4,11.6,96.0
2023-09-04,Delhi,32.5,1.8,59.0,1004.1,5.0,93.0
2023-09-05,Delhi,30.8,0.0,52.0,1003.2,3.8,99.0
2023-09-06,Delhi,31.6,3.8,66.0,1001.9,2.1,121.0
2023-09-07,Delhi,32.6,1.1,60.0,1003.5,1.8,119.0
2023-09-08,Delhi,26.9,1.4,66.0,999.2,10.0,114.0
2023-09-09,Delhi,30.9,1.2,56.0,1006.8,20.4,133.0
2023-09-10,Delhi,,0.7,,,1.1,
2023-09-11,Delhi,31.9,0.0,71.0,1010.8,2.1,103.0
2023-09-12,Delhi,33.4,2.7,62.0,1009.2,8.3,103.0
2023-09-13,Delhi,32.3,0.0,68.0,1000.3,8.9,142.0
2023-09-14,Delhi,30.8,0.7,67.0,1010.4,3.7,75.0
2023-09-15,Delhi,30.6,3.4,61.0,1001.5,7.1,115.0
2023-09-16,Delhi,31.2,1.0,53.0,1004.3,0.4,118.0
2023-09-17,Delhi,28.9,2.4,71.0,1012.0,5.4,111.0
2023-09-18,Delhi,29.6,0.5,65.0,1000.4,10.8,150.0
2023-09-19,Delhi,30.9,3.1,71.0,1008.2,14.1,131.0
2023-09-20,Delhi,32.4,1.1,50.0,1006.0,6.0,124.0
2023-09-21,Delhi,28.9,0.1,53.0,1004.4,5.6,96.0
2023-09-22,Delhi,28.9,1.9,49.0,1001.6,8.8,120.0
2023-09-23,Delhi,29.1,0.1,58.0,1006.9,11.7,106.0
2023-09-24,Delhi,30.7,0.2,72.0,1003.4,8.9,113.0
2023-09-25,Delhi,28.4,0.5,69.0,1009.6,3.4,116.0
2023-09-26,Delhi,30.6,4.7,65.0,1010.4,8.3,105.0
2023-09-27,Delhi,26.5,0.4,66.0,1000.1,11.1,124.0
2023-09-28,Delhi,27.6,3.1,70.0,1003.7,3.6,141.0
2023-09-29,Delhi,27.4,0.8,63.0,1004.5,0.8,131.0
2023-09-30,Delhi,28.7,0.6,68.0,1001.2,9.0,118.0
2023-10-01,Delhi,29.0,0.2,66.0,1001.6,8.4,82.0
2023-10-02,Delhi,24.7,0.4,50.0,1006.5,11.1,134.0
2023-10-03,Delhi,25.5,0.4,63.0,1005.4,7.2,134.0
2023-10-04,Delhi,27.3,0.0,75.0,999.7,3.9,113.0
2023-10-05,Delhi,25.5,1.3,63.0,1004.3,4.8,108.0
2023-10-06,Delhi,23.9,0.5,64.0,1008.6,2.2,128.0
2023-10-07,Delhi,27.8,1.0,61.0,1001.8,2.5,104.0
2023-10-08,Delhi,26.8,1.9,62.0,1003.1,4.2,131.0
2023-10-09,Delhi,26.6,0.0,73.0,1013.2,4.6,100.0
2023-10-10,Delhi,24.9,6.2,64.0,1012.2,11.8,103.0
2023-10-11,Delhi,27.1,0.0,58.0,1000.6,1.3,120.0
2023-10-12,Delhi,24.9,0.4,44.0,1001.8,6.6,95.0
2023-10-13,Delhi,26.8,5.4,62.0,1008.8,4.1,121.0
2023-10-14,Delhi,23.4,7.9,52.0,1002.6,13.4,130.0
2023-10-15,Delhi,23.3,0.2,53.0,1006.4,7.9,100.0
2023-10-16,Delhi,24.8,0.7,71.0,1005.8,5.1,138.0
2023-10-17,Delhi,23.2,0.0,71.0,1009.9,10.4,114.0
2023-10-18,Delhi,25.2,1.0,52.0,997.6,7.1,133.0
2023-10-19,Delhi,24.3,0.6,72.0,999.0,4.6,128.0
2023-10-20,Delhi,22.2,0.2,69.0,1003.0,13.6,117.0
2023-10-21,Delhi,23.7,0.6,60.0,1012.1,10.0,117.0
2023-10-22,Delhi,22.8,0.0,71.0,1007.5,14.5,97.0
2023-10-23,Delhi,24.6,0.3,55.0,1001.4,12.0,115.0
2023-10-24,Delhi,22.0,0.5,58.0,1010.3,10.3,115.0
2023-10-25,Delhi,22.1,0.2,56.0,1011.3,7.4,156.0
2023-10-26,Delhi,24.5,0.0,58.0,1007.5,1.9,146.0
2023-10-27,Delhi,26.0,0.6,72.0,1007.3,10.0,107.0
2023-10-28,Delhi,25.4,0.3,57.0,1010.5,7.1,144.0
2023-10-29,Delhi,22.2,0.7,58.0,1013.6,9.8,135.0
2023-10-30,Delhi,22.2,0.0,59.0,1009.5,6.8,126.0
2023-10-31,Delhi,24.1,0.3,67.0,1011.1,3.7,141.0
2023-11-01,Delhi,21.3,0.9,64.0,1008.9,2.3,147.0
2023-11-02,Delhi,19.8,0.0,72.0,1007.6,9.9,125.0
2023-11-03,Delhi,21.3,0.1,61.0,1005.6,12.6,131.0
2023-11-04,Delhi,21.7,0.2,57.0,1010.4,5.5,139.0
2023-11-05,Delhi,19.5,0.7,62.0,1008.2,8.8,120.0
2023-11-06,Delhi,18.0,3.4,66.0,1008.5,13.0,141.0
2023-11-07,Delhi,18.2,0.9,59.0,1013.3,3.1,137.0
2023-11-08,Delhi,21.3,0.0,68.0,1011.6,5.3,128.0
2023-11-09,Delhi,18.9,0.2,79.0,1013.2,1.8,126.0
2023-11-10,Delhi,19.7,1.4,62.0,1003.5,12.1,146.0
2023-11-11,Delhi,20.1,0.0,66.0,1012.1,8.0,157.0
2023-11-12,Delhi,20.6,1.3,75.0,1007.6,4.7,148.0
2023-11-13,Delhi,18.9,1.5,61.0,1006.8,0.6,129.0
2023-11-14,Delhi,20.1,0.8,60.0,1006.7,6.0,157.0
2023-11-15,Delhi,17.7,0.0,58.0,1015.1,11.3,148.0
2023-11-16,Delhi,18.4,1.7,68.0,1013.6,5.5,156.0
2023-11-17,Delhi,17.2,0.7,69.0,1007.5,4.9,167.0
2023-11-18,Delhi,20.5,0.5,64.0,1005.9,9.7,133.0
2023-11-19,Delhi,18.5,1.2,66.0,1010.6,1.3,147.0
2023-11-20,Delhi,17.2,0.2,74.0,1008.7,7.1,140.0
2023-11-21,Delhi,17.6,1.2,71.0,1017.3,9.5,136.0
2023-11-22,Delhi,17.7,3.3,55.0,1004.9,3.3,186.0
2023-11-23,Delhi,19.0,4.0,65.0,1003.4,3.1,169.0
2023-11-24,Delhi,15.2,1.5,66.0,1009.8,7.9,124.0
2023-11-25,Delhi,16.0,0.6,70.0,1010.9,6.4,162.0
2023-11-26,Delhi,16.9,0.0,63.0,1011.5,5.8,146.0
2023-11-27,Delhi,21.4,1.5,60.0,1014.0,7.8,176.0
2023-11-28,Delhi,18.7,0.4,62.0,1019.4,7.8,159.0
2023-11-29,Delhi,16.9,4.4,52.0,1009.7,2.7,155.0
2023-11-30,Delhi,18.1,2.7,64.0,1009.0,3.8,162.0
2023-12-01,Delhi,20.1,0.3,60.0,1004.2,8.8,167.0
2023-12-02,Delhi,16.3,0.1,68.0,1012.2,11.8,162.0
2023-12-03,Delhi,16.0,0.1,57.0,1014.7,12.9,158.0
2023-12-04,Delhi,18.4,0.0,61.0,1010.3,3.0,161.0
2023-12-05,Delhi,17.1,1.3,57.0,1016.1,11.7,173.0
2023-12-06,Delhi,17.3,0.1,57.0,1011.6,10.2,146.0
2023-12-07,Delhi,15.3,3.2,69.0,1017.6,6.7,166.0
2023-12-08,Delhi,19.1,0.2,61.0,1012.9,9.0,165.0
2023-12-09,Delhi,18.6,1.2,67.0,1007.3,10.5,160.0
2023-12-10,Delhi,16.7,0.3,56.0,1009.1,14.8,181.0
2023-12-11,Delhi,16.8,0.5,64.0,1005.5,2.1,148.0
2023-12-12,Delhi,12.3,0.7,52.0,1004.7,9.5,165.0
2023-12-13,Delhi,16.5,1.1,60.0,1012.8,6.2,157.0
2023-12-14,Delhi,15.1,0.6,60.0,1015.2,5.9,182.0
2023-12-15,Delhi,16.0,0.6,67.0,1019.6,12.0,166.0
2023-12-16,Delhi,16.3,0.1,64.0,1011.6,10.5,175.0
2023-12-17,Delhi,14.6,3.3,62.0,1010.9,2.3,182.0
2023-12-18,Delhi,12.3,2.8,69.0,1007.4,5.6,149.0
2023-12-19,Delhi,15.6,0.9,64.0,1015.8,7.9,185.0
2023-12-20,Delhi,13.7,1.8,66.0,1013.4,0.5,166.0
2023-12-21,Delhi,14.3,0.2,68.0,1009.5,10.7,175.0
2023-12-22,Delhi,13.8,0.0,62.0,1014.7,6.5,178.0
2023-12-23,Delhi,14.1,1.0,60.0,1014.2,7.6,194.0
2023-12-24,Delhi,10.9,0.0,64.0,1004.5,8.4,194.0
2023-12-25,Delhi,16.5,1.0,59.0,1014.9,14.9,212.0
2023-12-26,Delhi,14.9,0.5,65.0,1012.5,7.0,187.0
2023-12-27,Delhi,16.2,4.6,70.0,1010.4,5.3,176.0
2023-12-28,Delhi,17.6,2.0,68.0,1010.3,14.6,177.0
2023-12-29,Delhi,14.4,0.1,59.0,1019.0,4.6,197.0
2023-12-30,Delhi,11.4,0.7,52.0,1018.1,4.5,214.0
2023-12-31,Delhi,12.8,0.4,61.0,1019.3,0.7,194.0
2024-01-01,Delhi,12.3,0.2,60.0,1007.4,11.7,179.0
2024-01-02,Delhi,13.4,0.0,69.0,1009.4,8.1,194.0
2024-01-03,Delhi,14.3,0.5,58.0,1015.6,9.0,195.0
2024-01-04,Delhi,10.9,1.1,59.0,1007.2,7.6,192.0
2024-01-05,Delhi,14.6,0.3,66.0,1009.1,6.3,180.0
2024-01-06,Delhi,11.7,0.4,57.0,1004.8,3.4,150.0
2024-01-07,Delhi,14.5,2.3,59.0,1019.4,3.4,185.0
2024-01-08,Delhi,13.9,0.0,72.0,1016.2,8.8,212.0
2024-01-09,Delhi,13.5,0.0,71.0,1013.8,7.4,199.0
2024-01-10,Delhi,13.9,1.0,64.0,1012.8,14.1,159.0
2024-01-11,Delhi,13.1,0.1,62.0,1010.2,3.5,197.0
2024-01-12,Delhi,13.0,0.5,53.0,1010.3,4.7,167.0
2024-01-13,Delhi,11.3,1.9,64.0,1014.3,2.3,232.0
2024-01-14,Delhi,14.0,0.8,60.0,1009.0,13.0,202.0
2024-01-15,Delhi,17.0,0.9,61.0,1016.7,1.4,180.0
2024-01-16,Delhi,17.2,5.0,56.0,1009.8,10.3,214.0
2024-01-17,Delhi,16.1,9.7,59.0,1008.3,13.3,188.0
2024-01-18,Delhi,15.2,0.0,58.0,1016.9,6.2,212.0
2024-01-19,Delhi,13.0,2.0,61.0,1011.1,10.1,203.0
2024-01-20,Delhi,16.4,1.0,69.0,1013.9,2.6,184.0
2024-01-21,Delhi,14.0,0.1,61.0,1010.0,5.2,215.0
2024-01-22,Delhi,14.0,0.0,47.0,1002.6,0.5,182.0
2024-01-23,Delhi,13.7,0.2,52.0,1013.7,7.6,228.0
2024-01-24,Delhi,14.4,0.3,47.0,1006.1,6.9,207.0
2024-01-25,Delhi,13.6,2.2,52.0,1015.8,3.5,189.0
2024-01-26,Delhi,14.2,0.0,62.0,1005.2,11.1,177.0
2024-01-27,Delhi,12.6,1.0,61.0,1003.9,8.5,235.0
2024-01-28,Delhi,13.8,0.2,53.0,1012.5,4.6,233.0
2024-01-29,Delhi,18.1,0.6,59.0,1013.0,4.6,188.0
2024-01-30,Delhi,14.4,0.8,52.0,1011.6,0.3,237.0
2024-01-31,Delhi,14.2,0.0,47.0,1006.3,6.1,213.0
2024-02-01,Delhi,15.5,0.3,47.0,1014.7,16.3,207.0
2024-02-02,Delhi,15.8,0.0,51.0,1005.2,3.7,210.0
2024-02-03,Delhi,13.0,0.1,67.0,1009.1,8.8,207.0
2024-02-04,Delhi,14.5,2.4,47.0,1007.8,4.4,236.0
2024-02-05,Delhi,16.4,3.1,65.0,1009.4,10.5,215.0
2024-02-06,Delhi,15.4,0.1,66.0,1014.2,8.8,182.0
2024-02-07,Delhi,15.2,0.2,55.0,1008.2,5.8,249.0
2024-02-08,Delhi,17.6,0.0,56.0,1013.0,1.0,229.0
2024-02-09,Delhi,14.1,0.6,52.0,1013.4,4.6,196.0
2024-02-10,Delhi,15.4,2.7,56.0,1003.7,12.2,209.0
2024-02-11,Delhi,14.6,0.0,60.0,1005.8,5.8,200.0
2024-02-12,Delhi,17.9,0.4,56.0,1008.9,9.7,216.0
2024-02-13,Delhi,12.5,1.9,62.0,1008.0,4.7,223.0
2024-02-14,Delhi,14.6,2.4,64.0,1011.5,1.4,220.0
2024-02-15,Delhi,14.9,0.5,58.0,1002.5,8.8,207.0
2024-02-16,Delhi,16.9,0.0,57.0,1013.0,8.3,204.0
2024-02-17,Delhi,17.0,2.5,54.0,1013.0,4.3,232.0
2024-02-18,Delhi,18.3,0.6,57.0,1009.3,5.2,216.0
2024-02-19,Delhi,13.7,2.6,47.0,1004.4,8.2,256.0
2024-02-20,Delhi,17.5,1.3,57.0,1009.9,4.3,205.0
2024-02-21,Delhi,16.0,0.9,56.0,1007.6,8.4,232.0
2024-02-22,Delhi,15.5,0.5,48.0,1011.9,6.0,219.0
2024-02-23,Delhi,17.6,0.2,69.0,1009.2,3.6,206.0
2024-02-24,Delhi,15.3,0.4,47.0,1012.4,6.2,242.0
2024-02-25,Delhi,13.6,2.4,48.0,1007.7,4.2,221.0
2024-02-26,Delhi,16.5,5.1,56.0,1015.1,3.2,204.0
2024-02-27,Delhi,14.8,0.0,40.0,1000.0,8.7,214.0
2024-02-28,Delhi,16.3,0.2,48.0,1005.1,4.7,237.0
2024-02-29,Delhi,18.1,10.5,43.0,1011.0,9.3,199.0
2024-03-01,Delhi,18.1,0.0,47.0,1002.9,11.8,243.0
2024-03-02,Delhi,20.3,0.7,52.0,1011.8,7.5,231.0
2024-03-03,Delhi,17.6,1.7,55.0,1003.9,0.2,215.0
2024-03-04,Delhi,15.6,0.1,61.0,1009.1,3.6,243.0
2024-03-05,Delhi,17.0,0.4,58.0,1005.0,11.0,249.0
2024-03-06,Delhi,16.9,1.5,61.0,1006.8,5.7,230.0
2024-03-07,Delhi,16.5,2.4,57.0,1009.1,3.3,223.0
2024-03-08,Delhi,19.3,3.2,49.0,1007.9,6.5,251.0
2024-03-09,Delhi,17.8,0.0,60.0,1006.7,9.1,245.0
2024-03-10,Delhi,15.8,0.0,49.0,1016.8,8.1,204.0
2024-03-11,Delhi,20.2,0.0,48.0,1008.1,9.8,216.0
2024-03-12,Delhi,19.1,0.1,63.0,1004.1,3.2,216.0
2024-03-13,Delhi,20.0,1.2,57.0,1011.6,5.7,213.0
2024-03-14,Delhi,19.8,0.1,53.0,1011.0,5.8,194.0
2024-03-15,Delhi,20.8,0.0,57.0,1012.5,6.8,235.0
2024-03-16,Delhi,20.0,0.3,58.0,1014.7,2.4,221.0
2024-03-17,Delhi,22.1,0.8,42.0,1003.7,5.9,221.0
2024-03-18,Delhi,21.0,1.4,51.0,1011.6,0.9,243.0
2024-03-19,Delhi,21.1,0.7,43.0,1011.8,13.1,209.0
2024-03-20,Delhi,21.3,0.5,52.0,1007.2,13.8,218.0
2024-03-21,Delhi,18.5,0.1,47.0,1008.0,14.4,223.0
2024-03-22,Delhi,20.7,1.5,61.0,994.9,10.5,211.0
2024-03-23,Delhi,20.7,4.8,55.0,1004.6,4.8,216.0
2024-03-24,Delhi,21.7,4.7,45.0,1013.9,11.2,230.0
2024-03-25,Delhi,19.3,1.3,51.0,999.5,6.0,217.0
2024-03-26,Delhi,24.3,0.9,42.0,1004.4,9.6,239.0
2024-03-27,Delhi,22.0,0.0,51.0,1007.6,2.9,204.0
2024-03-28,Delhi,20.1,0.2,55.0,1008.6,4.3,220.0
2024-03-29,Delhi,19.5,0.4,52.0,1012.8,9.0,192.0
2024-03-30,Delhi,22.0,1.6,37.0,999.1,14.8,213.0
2024-03-31,Delhi,22.5,0.3,48.0,1006.2,6.8,203.0
2024-04-01,Delhi,21.6,0.0,54.0,1009.4,16.9,238.0
2024-04-02,Delhi,23.1,0.5,53.0,1000.6,19.2,227.0
2024-04-03,Delhi,22.1,0.7,58.0,1005.6,1.2,222.0
2024-04-04,Delhi,24.2,0.6,41.0,1013.2,6.8,245.0
2024-04-05,Delhi,22.4,1.4,54.0,1010.8,2.7,237.0
2024-04-06,Delhi,23.7,0.1,46.0,1007.6,6.3,225.0
2024-04-07,Delhi,25.5,0.0,51.0,994.8,4.5,200.0
2024-04-08,Delhi,28.2,0.6,53.0,1004.7,6.6,187.0
2024-04-09,Delhi,22.7,0.0,55.0,1006.6,11.2,210.0
2024-04-10,Delhi,23.7,2.0,46.0,1003.8,11.1,204.0
2024-04-11,Delhi,23.3,2.7,51.0,1004.6,8.1,199.0
2024-04-12,Delhi,26.1,0.0,42.0,1017.1,6.9,204.0
2024-04-13,Delhi,23.2,1.9,40.0,1003.8,7.5,181.0
2024-04-14,Delhi,24.5,1.3,54.0,1000.7,7.5,233.0
2024-04-15,Delhi,25.4,1.3,49.0,1005.5,9.5,188.0
2024-04-16,Delhi,24.0,2.8,38.0,1003.1,7.0,196.0
2024-04-17,Delhi,24.3,0.0,44.0,1003.1,9.2,216.0
2024-04-18,Delhi,25.2,0.9,50.0,1003.8,1.1,178.0
2024-04-19,Delhi,22.8,1.0,61.0,1007.2,10.5,221.0
2024-04-20,Delhi,24.1,0.1,57.0,1004.9,14.7,220.0
2024-04-21,Delhi,25.9,0.3,55.0,999.1,7.7,199.0
2024-04-22,Delhi,27.0,1.5,37.0,1003.3,0.6,185.0
2024-04-23,Delhi,26.6,4.3,49.0,1005.6,12.9,194.0
2024-04-24,Delhi,24.3,0.2,53.0,1001.7,5.5,170.0
2024-04-25,Delhi,26.6,1.1,52.0,1008.1,6.4,225.0
2024-04-26,Delhi,28.8,0.0,53.0,1006.5,6.0,201.0
2024-04-27,Delhi,28.6,0.1,48.0,999.4,9.6,187.0
2024-04-28,Delhi,27.7,0.5,62.0,1004.5,8.6,183.0
2024-04-29,Delhi,26.6,0.8,60.0,1011.1,12.5,208.0
2024-04-30,Delhi,29.2,1.6,49.0,1009.3,9.7,223.0
2024-05-01,Delhi,27.5,1.8,43.0,1002.7,7.5,175.0
2024-05-02,Delhi,26.7,2.6,64.0,1006.5,1.9,186.0
2024-05-03,Delhi,27.5,0.1,46.0,1000.1,2.0,165.0
2024-05-04,Delhi,31.3,0.0,58.0,996.9,7.7,206.0
2024-05-05,Delhi,29.5,0.0,63.0,1004.8,10.0,196.0
2024-05-06,Delhi,31.1,3.8,43.0,1003.5,2.4,231.0
2024-05-07,Delhi,28.7,1.4,52.0,1004.5,4.2,190.0
2024-05-08,Delhi,31.1,0.5,47.0,1002.3,9.0,183.0
2024-05-09,Delhi,28.8,0.5,53.0,1003.6,1.6,178.0
2024-05-10,Delhi,29.7,0.2,52.0,1000.2,1.7,204.0
2024-05-11,Delhi,34.1,0.3,63.0,1004.0,5.9,161.0
2024-05-12,Delhi,31.5,1.1,54.0,1005.4,8.1,200.0
2024-05-13,Delhi,29.7,0.0,50.0,1001.7,4.8,191.0
2024-05-14,Delhi,30.5,1.0,58.0,1005.2,3.3,177.0
2024-05-15,Delhi,31.3,0.6,48.0,994.7,7.0,170.0
2024-05-16,Delhi,32.9,0.0,47.0,998.6,1.0,202.0
2024-05-17,Delhi,30.3,4.5,66.0,1007.5,9.9,215.0
2024-05-18,Delhi,28.5,0.1,44.0,1008.7,6.5,175.0
2024-05-19,Delhi,31.0,1.6,47.0,1002.5,8.1,190.0
2024-05-20,Delhi,31.6,0.0,50.0,1001.1,9.8,210.0
2024-05-21,Delhi,31.9,0.0,43.0,996.3,4.6,169.0
2024-05-22,Delhi,34.0,3.4,36.0,1002.8,10.6,174.0
2024-05-23,Delhi,32.5,3.6,58.0,1004.4,12.5,157.0
2024-05-24,Delhi,33.5,1.0,45.0,995.3,8.7,174.0
2024-05-25,Delhi,30.6,1.3,47.0,1003.4,12.9,174.0
2024-05-26,Delhi,33.8,0.2,48.0,1003.0,4.2,168.0
2024-05-27,Delhi,35.9,0.1,44.0,1002.8,11.0,161.0
2024-05-28,Delhi,34.0,1.7,43.0,996.5,8.1,146.0
2024-05-29,Delhi,,0.4,,,2.6,
2024-05-30,Delhi,33.2,0.1,68.0,994.9,6.6,154.0
2024-05-31,Delhi,36.0,3.6,56.0,1006.8,4.6,181.0
2024-06-01,Delhi,31.8,0.3,56.0,1001.3,4.5,161.0
2024-06-02,Delhi,33.2,0.1,40.0,996.1,7.3,154.0
2024-06-03,Delhi,34.2,2.6,51.0,1006.0,11.7,179.0
2024-06-04,Delhi,34.8,0.1,43.0,1005.2,5.5,176.0
2024-06-05,Delhi,33.0,0.1,57.0,998.0,7.5,153.0
2024-06-06,Delhi,34.3,0.6,50.0,1009.3,0.4,154.0
2024-06-07,Delhi,33.5,0.0,52.0,996.5,7.4,175.0
2024-06-08,Delhi,34.3,0.0,51.0,1001.7,12.1,169.0
2024-06-09,Delhi,34.0,0.1,48.0,1005.1,10.6,147.0
2024-06-10,Delhi,32.4,0.4,41.0,991.3,9.1,165.0
2024-06-11,Delhi,34.3,1.2,56.0,1004.3,4.6,159.0
2024-06-12,Delhi,35.9,2.2,42.0,1000.0,2.6,178.0
2024-06-13,Delhi,33.0,0.4,44.0,1000.2,6.5,143.0
2024-06-14,Delhi,34.3,0.2,50.0,995.9,1.0,172.0
2024-06-15,Delhi,35.8,2.3,47.0,1001.5,1.5,163.0
2024-06-16,Delhi,33.1,3.1,54.0,995.7,11.1,138.0
2024-06-17,Delhi,35.2,1.3,59.0,996.3,2.9,172.0
2024-06-18,Delhi,33.3,0.2,54.0,998.3,15.0,169.0
2024-06-19,Delhi,36.9,4.0,54.0,995.2,0.6,130.0
2024-06-20,Delhi,38.8,2.3,53.0,1006.4,8.9,185.0
2024-06-21,Delhi,38.5,1.9,59.0,994.8,1.7,131.0
2024-06-22,Delhi,34.9,7.6,40.0,997.0,7.7,134.0
2024-06-23,Delhi,36.5,0.1,56.0,998.8,2.3,143.0
2024-06-24,Delhi,35.6,2.5,47.0,1000.1,7.1,161.0
2024-06-25,Delhi,35.6,1.0,45.0,1003.2,6.3,157.0
2024-06-26,Delhi,38.0,1.6,53.0,1003.3,4.9,144.0
2024-06-27,Delhi,33.5,0.8,51.0,998.8,9.2,169.0
2024-06-28,Delhi,37.3,0.0,58.0,998.5,13.7,151.0
2024-06-29,Delhi,35.6,0.3,61.0,1000.1,4.3,167.0
2024-06-30,Delhi,38.0,0.2,38.0,1003.3,10.9,191.0
2024-07-01,Delhi,36.1,7.1,53.0,1002.8,7.3,145.0
2024-07-02,Delhi,34.7,1.1,68.0,997.9,6.8,96.0
2024-07-03,Delhi,36.3,1.3,60.0,991.8,16.7,132.0
2024-07-04,Delhi,37.0,0.0,64.0,1008.6,2.7,121.0
2024-07-05,Delhi,36.0,0.1,55.0,1003.8,3.9,140.0
2024-07-06,Delhi,36.7,0.7,45.0,1001.1,1.1,139.0
2024-07-07,Delhi,35.1,1.8,47.0,1001.4,5.6,115.0
2024-07-08,Delhi,32.5,5.9,60.0,998.0,5.9,116.0
2024-07-09,Delhi,37.4,2.8,62.0,996.1,23.9,130.0
2024-07-10,Delhi,37.1,1.1,50.0,998.8,8.5,131.0
2024-07-11,Delhi,36.2,0.5,53.0,999.2,15.0,88.0
2024-07-12,Delhi,36.1,0.1,57.0,997.6,12.7,150.0
2024-07-13,Delhi,37.7,0.2,43.0,994.3,5.0,132.0
2024-07-14,Delhi,35.3,0.1,53.0,998.9,9.1,131.0
2024-07-15,Delhi,34.9,3.1,67.0,1002.5,14.4,136.0
2024-07-16,Delhi,35.7,2.0,71.0,998.2,7.7,112.0
2024-07-17,Delhi,37.9,0.5,55.0,1000.3,7.9,128.0
2024-07-18,Delhi,33.7,2.6,69.0,992.0,9.2,146.0
2024-07-19,Delhi,37.8,0.0,53.0,999.5,0.2,146.0
2024-07-20,Delhi,34.9,0.2,51.0,999.8,3.3,135.0
2024-07-21,Delhi,34.1,4.2,41.0,995.5,8.4,121.0
2024-07-22,Delhi,37.9,0.2,63.0,993.5,9.4,111.0
2024-07-23,Delhi,35.7,0.1,54.0,1002.1,2.9,148.0
2024-07-24,Delhi,33.7,1.9,73.0,997.2,5.5,133.0
2024-07-25,Delhi,35.2,0.4,59.0,1002.5,6.4,116.0
2024-07-26,Delhi,37.2,0.7,59.0,998.9,6.3,85.0
2024-07-27,Delhi,37.6,2.5,45.0,1003.1,10.0,107.0
2024-07-28,Delhi,35.0,0.3,68.0,999.3,7.4,88.0
2024-07-29,Delhi,36.2,1.0,55.0,994.7,7.7,143.0
2024-07-30,Delhi,36.7,0.4,57.0,1000.4,0.6,124.0
2024-07-31,Delhi,34.4,0.5,43.0,999.5,2.2,107.0
2024-08-01,Delhi,36.0,0.5,65.0,1003.5,8.4,115.0
2024-08-02,Delhi,35.3,0.0,65.0,999.1,0.2,164.0
2024-08-03,Delhi,34.4,0.1,54.0,999.4,8.1,140.0
2024-08-04,Delhi,34.4,0.8,59.0,1004.5,4.0,94.0
2024-08-05,Delhi,35.3,0.0,61.0,1005.8,3.3,115.0
2024-08-06,Delhi,35.1,0.0,66.0,1004.2,9.8,95.0
2024-08-07,Delhi,34.1,1.6,60.0,1005.4,3.9,86.0
2024-08-08,Delhi,34.2,0.1,71.0,1003.1,3.1,119.0
2024-08-09,Delhi,36.6,0.1,58.0,1004.4,3.9,158.0
2024-08-10,Delhi,35.1,0.0,55.0,1004.9,7.2,143.0
2024-08-11,Delhi,36.1,0.3,56.0,1003.1,19.2,116.0
2024-08-12,Delhi,36.5,1.9,42.0,1001.8,2.5,108.0
2024-08-13,Delhi,35.4,1.8,54.0,1002.2,6.8,118.0
2024-08-14,Delhi,38.0,0.8,67.0,1011.3,5.8,132.0
2024-08-15,Delhi,33.0,0.3,62.0,1001.8,11.2,88.0
2024-08-16,Delhi,35.5,1.7,54.0,1000.9,5.3,80.0
2024-08-17,Delhi,33.6,0.1,63.0,1000.4,4.1,146.0
2024-08-18,Delhi,36.9,0.3,46.0,1001.8,12.8,117.0
2024-08-19,Delhi,36.6,0.4,59.0,1003.0,2.0,141.0
2024-08-20,Delhi,30.6,2.1,64.0,997.6,6.6,116.0
2024-08-21,Delhi,32.1,0.9,66.0,994.3,0.8,138.0
2024-08-22,Delhi,34.6,0.8,56.0,1003.5,2.0,101.0
2024-08-23,Delhi,34.6,2.2,67.0,995.9,4.7,120.0
2024-08-24,Delhi,34.4,1.7,74.0,1003.5,10.7,139.0
2024-08-25,Delhi,33.0,1.2,58.0,1003.1,10.7,129.0
2024-08-26,Delhi,33.7,4.3,67.0,1007.2,4.2,103.0
2024-08-27,Delhi,33.9,0.5,51.0,1009.4,9.1,126.0
2024-08-28,Delhi,32.6,0.1,48.0,1004.3,5.2,99.0
2024-08-29,Delhi,34.2,1.5,66.0,1000.7,7.4,85.0
2024-08-30,Delhi,28.8,1.7,62.0,998.3,7.6,120.0
2024-08-31,Delhi,33.3,1.1,63.0,999.9,9.7,135.0
2024-09-01,Delhi,30.5,0.8,58.0,1003.3,4.1,125.0
2024-09-02,Delhi,33.6,2.9,60.0,995.0,6.3,88.0
2024-09-03,Delhi,31.5,4.1,68.0,1003.6,7.9,125.0
2024-09-04,Delhi,30.3,2.2,75.0,1003.4,7.3,122.0
2024-09-05,Delhi,32.2,11.7,61.0,1006.1,3.3,102.0
2024-09-06,Delhi,30.0,0.6,51.0,1002.3,14.6,66.0
2024-09-07,Delhi,29.8,1.6,72.0,1004.1,4.8,128.0
2024-09-08,Delhi,28.6,1.1,67.0,1000.9,10.3,126.0
2024-09-09,Delhi,30.9,0.0,68.0,1002.0,7.8,119.0
2024-09-10,Delhi,31.6,2.1,64.0,996.9,12.3,79.0
2024-09-11,Delhi,32.3,0.4,80.0,1004.6,2.9,84.0
2024-09-12,Delhi,30.2,0.0,64.0,1010.4,16.0,128.0
2024-09-13,Delhi,32.0,0.6,67.0,1004.9,5.9,125.0
2024-09-14,Delhi,30.2,0.1,51.0,1005.9,1.4,120.0
2024-09-15,Delhi,29.8,0.2,60.0,1000.6,7.5,106.0
2024-09-16,Delhi,30.7,1.5,59.0,1010.3,17.0,118.0
2024-09-17,Delhi,31.3,1.1,64.0,1001.6,9.1,102.0
2024-09-18,Delhi,28.9,3.5,66.0,1008.0,1.4,106.0
2024-09-19,Delhi,28.9,0.0,59.0,1005.3,4.8,96.0
2024-09-20,Delhi,28.9,0.0,76.0,1001.2,12.8,116.0
2024-09-21,Delhi,29.1,0.7,57.0,1009.2,0.6,105.0
2024-09-22,Delhi,27.3,2.3,61.0,1005.3,6.1,129.0
2024-09-23,Delhi,30.2,5.2,66.0,1006.0,5.6,126.0
2024-09-24,Delhi,27.8,5.2,56.0,1007.2,16.6,98.0
2024-09-25,Delhi,29.0,4.4,68.0,1005.4,5.6,146.0
2024-09-26,Delhi,26.7,0.6,69.0,1004.1,12.7,94.0
2024-09-27,Delhi,28.4,1.3,63.0,1007.6,3.8,122.0
2024-09-28,Delhi,28.3,1.9,78.0,1004.2,3.3,134.0
2024-09-29,Delhi,26.8,0.2,65.0,1006.2,11.4,138.0
2024-09-30,Delhi,30.5,2.8,67.0,1003.4,9.6,76.0
2024-10-01,Delhi,27.7,4.8,58.0,1000.2,0.9,133.0
2024-10-02,Delhi,29.8,0.2,53.0,1003.5,9.7,138.0
2024-10-03,Delhi,28.3,0.0,61.0,1004.4,9.7,142.0
2024-10-04,Delhi,25.5,1.4,63.0,1006.5,4.1,77.0
2024-10-05,Delhi,25.8,2.3,62.0,1011.3,7.8,105.0
2024-10-06,Delhi,26.9,0.1,70.0,999.9,8.1,116.0
2024-10-07,Delhi,26.1,0.3,48.0,1007.3,4.7,110.0
2024-10-08,Delhi,25.9,3.9,57.0,998.0,4.2,143.0
2024-10-09,Delhi,25.2,0.0,52.0,1002.8,3.9,107.0
2024-10-10,Delhi,22.5,1.0,75.0,1005.0,5.6,142.0
2024-10-11,Delhi,24.9,2.6,61.0,998.1,0.9,130.0
2024-10-12,Delhi,21.5,2.0,62.0,999.8,6.7,95.0
2024-10-13,Delhi,25.5,0.1,58.0,1008.0,0.2,104.0
2024-10-14,Delhi,23.5,2.6,72.0,1007.8,7.2,114.0
2024-10-15,Delhi,23.3,0.9,63.0,1007.1,6.5,124.0
2024-10-16,Delhi,23.9,0.1,67.0,1004.4,2.2,141.0
2024-10-17,Delhi,24.5,0.7,51.0,1016.4,10.7,121.0
2024-10-18,Delhi,21.6,0.7,74.0,1007.2,15.5,141.0
2024-10-19,Delhi,20.9,0.1,68.0,1004.5,12.8,97.0
2024-10-20,Delhi,21.8,0.3,69.0,1014.8,0.7,71.0
2024-10-21,Delhi,20.1,3.2,74.0,1010.6,12.5,120.0
2024-10-22,Delhi,21.6,0.4,64.0,1006.8,7.8,135.0
2024-10-23,Delhi,25.5,8.1,64.0,1013.1,6.6,121.0
2024-10-24,Delhi,21.1,0.4,71.0,1009.1,4.2,110.0
2024-10-25,Delhi,23.6,2.9,69.0,1011.1,6.8,137.0
2024-10-26,Delhi,20.2,1.2,64.0,1009.6,13.1,165.0
2024-10-27,Delhi,22.7,0.1,66.0,1004.6,9.3,129.0
2024-10-28,Delhi,21.5,4.4,62.0,1012.7,5.0,118.0
2024-10-29,Delhi,21.8,0.3,71.0,1009.5,3.9,117.0
2024-10-30,Delhi,22.6,3.1,72.0,1004.9,5.0,168.0
2024-10-31,Delhi,24.3,6.4,66.0,1006.0,9.5,133.0
2024-11-01,Delhi,21.6,0.2,79.0,1013.0,15.2,146.0
2024-11-02,Delhi,21.4,0.1,55.0,1007.8,2.1,157.0
2024-11-03,Delhi,19.4,0.0,64.0,1009.5,6.8,156.0
2024-11-04,Delhi,21.7,0.9,78.0,1012.0,5.1,120.0
2024-11-05,Delhi,20.2,0.0,63.0,1010.0,3.5,155.0
2024-11-06,Delhi,21.8,0.1,54.0,1003.5,8.6,154.0
2024-11-07,Delhi,20.2,0.0,75.0,1012.2,9.3,148.0
2024-11-08,Delhi,22.9,0.4,69.0,1013.5,0.5,159.0
2024-11-09,Delhi,16.8,0.3,57.0,1013.3,2.2,131.0
2024-11-10,Delhi,19.3,2.1,71.0,1016.4,12.2,141.0
2024-11-11,Delhi,21.0,0.3,58.0,1011.4,8.3,133.0
2024-11-12,Delhi,18.9,0.2,56.0,1013.2,9.2,157.0
2024-11-13,Delhi,18.0,0.0,64.0,1016.5,4.6,133.0
2024-11-14,Delhi,18.7,0.5,62.0,1009.1,5.1,153.0
2024-11-15,Delhi,16.8,2.7,58.0,1017.2,8.9,127.0
2024-11-16,Delhi,19.0,0.5,63.0,1017.3,4.6,145.0
2024-11-17,Delhi,22.6,2.6,58.0,1013.6,1.9,142.0
2024-11-18,Delhi,20.3,2.6,66.0,1017.9,6.8,147.0
2024-11-19,Delhi,16.6,0.2,65.0,1014.0,10.9,152.0
2024-11-20,Delhi,16.8,2.1,70.0,1007.1,2.2,148.0
2024-11-21,Delhi,17.4,0.1,62.0,1015.2,11.6,148.0
2024-11-22,Delhi,19.5,1.0,56.0,1012.1,10.0,116.0
2024-11-23,Delhi,16.4,3.5,56.0,1012.5,3.0,174.0
2024-11-24,Delhi,16.5,0.5,63.0,1011.5,6.9,143.0
2024-11-25,Delhi,18.9,1.2,75.0,1016.4,6.7,151.0
2024-11-26,Delhi,18.7,1.3,71.0,1013.2,9.7,142.0
2024-11-27,Delhi,16.6,1.4,60.0,1008.3,9.8,175.0
2024-11-28,Delhi,15.3,0.2,71.0,1013.1,1.0,142.0
2024-11-29,Delhi,14.5,0.0,56.0,1014.1,0.8,168.0
2024-11-30,Delhi,15.7,0.4,71.0,1008.3,11.4,181.0
2024-12-01,Delhi,13.1,0.0,62.0,1009.5,7.4,191.0
2024-12-02,Delhi,17.8,2.1,70.0,1009.8,8.7,184.0
2024-12-03,Delhi,15.4,0.3,68.0,1008.9,8.3,174.0
2024-12-04,Delhi,17.1,0.7,62.0,1012.8,13.7,143.0
2024-12-05,Delhi,19.2,0.4,66.0,1015.5,1.5,188.0
2024-12-06,Delhi,18.0,1.9,56.0,1019.1,11.7,187.0
2024-12-07,Delhi,14.1,3.4,63.0,1016.3,3.2,182.0
2024-12-08,Delhi,17.3,0.1,71.0,1015.7,10.1,182.0
2024-12-09,Delhi,17.6,1.0,92.0,1016.2,12.8,170.0
2024-12-10,Delhi,14.5,0.8,68.0,1017.0,0.7,161.0
2024-12-11,Delhi,14.1,2.3,64.0,1010.2,8.6,190.0
2024-12-12,Delhi,15.3,0.4,56.0,1014.5,5.6,195.0
2024-12-13,Delhi,12.8,0.2,71.0,1013.0,5.6,154.0
2024-12-14,Delhi,17.7,2.3,51.0,1011.3,7.0,190.0
2024-12-15,Delhi,11.4,0.8,57.0,1010.0,2.2,179.0
2024-12-16,Delhi,13.4,1.2,65.0,1009.8,2.6,191.0
2024-12-17,Delhi,14.6,0.9,54.0,1010.8,9.8,181.0
2024-12-18,Delhi,14.6,3.5,74.0,1006.9,10.6,197.0
2024-12-19,Delhi,15.2,0.6,70.0,1014.0,4.3,197.0
2024-12-20,Delhi,15.2,1.4,58.0,1011.8,0.4,195.0
2024-12-21,Delhi,14.4,7.3,58.0,1012.4,17.2,155.0
2024-12-22,Delhi,16.5,0.0,53.0,1013.3,11.7,196.0
2024-12-23,Delhi,11.2,2.6,52.0,1014.9,8.4,183.0
2024-12-24,Delhi,14.6,1.0,65.0,1009.6,2.3,163.0
2024-12-25,Delhi,13.4,0.0,66.0,1011.6,4.3,196.0
2024-12-26,Delhi,14.7,0.2,64.0,1005.6,7.9,160.0
2024-12-27,Delhi,14.7,0.1,64.0,1003.1,2.6,202.0
2024-12-28,Delhi,12.9,0.1,58.0,1004.2,14.0,217.0
2024-12-29,Delhi,13.3,0.9,64.0,1018.1,7.5,178.0
2024-12-30,Delhi,15.5,0.3,51.0,1004.7,8.6,205.0
2022-01-01,Mumbai,24.8,0.0,59.0,1019.0,7.4,85.0
2022-01-02,Mumbai,25.1,0.3,55.0,1012.7,15.0,97.0
2022-01-03,Mumbai,21.9,0.4,71.0,1008.1,12.7,59.0
2022-01-04,Mumbai,25.0,0.8,58.0,1013.4,4.1,74.0
2022-01-05,Mumbai,24.3,0.2,56.0,1012.9,8.5,76.0
2022-01-06,Mumbai,25.2,0.2,65.0,1016.5,5.2,92.0
2022-01-07,Mumbai,24.1,0.0,69.0,1006.5,0.9,78.0
2022-01-08,Mumbai,25.8,0.9,64.0,1008.3,15.2,98.0
2022-01-09,Mumbai,24.5,0.8,67.0,1011.6,13.5,76.0
2022-01-10,Mumbai,25.1,0.5,62.0,1005.7,1.6,83.0
2022-01-11,Mumbai,26.2,6.1,59.0,1016.5,9.2,103.0
2022-01-12,Mumbai,24.3,1.7,57.0,1003.8,0.2,99.0
2022-01-13,Mumbai,25.6,0.1,56.0,1008.5,11.7,96.0
2022-01-14,Mumbai,24.4,3.7,56.0,1005.9,6.9,93.0
2022-01-15,Mumbai,24.9,3.9,62.0,1009.2,5.8,112.0
2022-01-16,Mumbai,23.2,0.0,59.0,1015.0,12.5,119.0
2022-01-17,Mumbai,25.3,0.1,60.0,1014.2,7.1,88.0
2022-01-18,Mumbai,26.0,0.4,64.0,1015.5,6.0,82.0
2022-01-19,Mumbai,23.9,0.1,59.0,1014.1,11.0,77.0
2022-01-20,Mumbai,25.3,4.3,50.0,1003.5,5.8,126.0
2022-01-21,Mumbai,24.8,0.4,53.0,1012.9,10.8,80.0
2022-01-22,Mumbai,22.4,0.2,51.0,1004.2,7.1,72.0
2022-01-23,Mumbai,24.7,2.0,45.0,1009.5,10.6,101.0
2022-01-24,Mumbai,26.2,2.3,59.0,1010.0,9.8,115.0
2022-01-25,Mumbai,23.4,5.1,50.0,1009.3,10.5,75.0
2022-01-26,Mumbai,21.3,0.6,49.0,1013.4,2.8,95.0
2022-01-27,Mumbai,24.5,0.2,51.0,1008.1,15.2,72.0
2022-01-28,Mumbai,23.2,3.8,64.0,1018.3,6.4,85.0
2022-01-29,Mumbai,27.2,2.3,56.0,1013.7,14.7,127.0
2022-01-30,Mumbai,24.2,0.0,65.0,1016.0,4.5,101.0
2022-01-31,Mumbai,24.2,2.6,57.0,1014.2,5.9,94.0
2022-02-01,Mumbai,23.3,0.8,54.0,1014.7,6.0,100.0
2022-02-02,Mumbai,24.7,0.1,61.0,1010.9,12.1,104.0
2022-02-03,Mumbai,23.4,0.1,61.0,1018.9,5.2,97.0
2022-02-04,Mumbai,22.9,2.3,58.0,1006.8,8.9,78.0
2022-02-05,Mumbai,24.3,1.6,50.0,1012.8,0.3,79.0
2022-02-06,Mumbai,23.1,4.7,54.0,1010.9,5.0,136.0
2022-02-07,Mumbai,26.5,1.0,48.0,1009.9,8.1,86.0
2022-02-08,Mumbai,22.6,5.7,55.0,1012.0,6.6,122.0
2022-02-09,Mumbai,24.4,0.2,57.0,1007.7,1.0,88.0
2022-02-10,Mumbai,23.4,2.3,67.0,1014.1,9.2,124.0
2022-02-11,Mumbai,22.4,2.1,66.0,1013.7,2.9,113.0
2022-02-12,Mumbai,27.2,4.3,61.0,1010.9,15.5,97.0
2022-02-13,Mumbai,21.3,0.2,62.0,1013.4,6.3,137.0
2022-02-14,Mumbai,27.0,0.7,57.0,1006.2,16.8,85.0
2022-02-15,Mumbai,22.5,1.4,75.0,1003.0,10.0,97.0
2022-02-16,Mumbai,24.9,0.6,66.0,1007.8,9.1,86.0
2022-02-17,Mumbai,28.3,5.1,74.0,1009.2,5.0,88.0
2022-02-18,Mumbai,21.5,0.1,58.0,1020.0,6.6,95.0
2022-02-19,Mumbai,22.7,0.1,58.0,1009.0,9.0,85.0
2022-02-20,Mumbai,27.0,1.0,62.0,1014.0,1.3,96.0
2022-02-21,Mumbai,25.2,0.0,56.0,1013.2,11.4,130.0
2022-02-22,Mumbai,24.1,0.1,57.0,1018.2,2.0,71.0
2022-02-23,Mumbai,25.0,1.0,48.0,1010.1,6.0,80.0
2022-02-24,Mumbai,23.6,0.5,61.0,1012.2,4.8,85.0
2022-02-25,Mumbai,25.3,6.8,55.0,1008.7,9.1,94.0
2022-02-26,Mumbai,27.5,0.6,60.0,1005.9,10.3,121.0
2022-02-27,Mumbai,24.6,0.4,52.0,1005.3,8.3,116.0
2022-02-28,Mumbai,25.5,4.3,41.0,1006.1,8.5,111.0
2022-03-01,Mumbai,27.2,5.5,57.0,1014.8,5.5,106.0
2022-03-02,Mumbai,28.5,1.2,62.0,1010.2,7.7,146.0
2022-03-03,Mumbai,24.5,1.2,45.0,1008.3,12.3,83.0
2022-03-04,Mumbai,25.9,0.0,47.0,1008.9,5.2,82.0
2022-03-05,Mumbai,24.6,0.0,51.0,1006.5,9.3,103.0
2022-03-06,Mumbai,24.6,2.9,51.0,1008.5,10.2,107.0
2022-03-07,Mumbai,25.0,5.1,41.0,1008.4,6.1,99.0
2022-03-08,Mumbai,24.7,0.5,65.0,1011.1,8.1,88.0
2022-03-09,Mumbai,23.0,1.5,60.0,1012.0,8.0,80.0
2022-03-10,Mumbai,22.7,0.0,48.0,1001.7,4.9,98.0
2022-03-11,Mumbai,24.7,2.6,40.0,1009.1,17.6,90.0
2022-03-12,Mumbai,26.1,0.4,55.0,1013.6,5.2,94.0
2022-03-13,Mumbai,27.9,0.5,66.0,1003.9,14.5,84.0
2022-03-14,Mumbai,25.2,0.6,58.0,1006.9,11.7,127.0
2022-03-15,Mumbai,25.8,0.4,60.0,1008.5,1.8,111.0
2022-03-16,Mumbai,27.2,0.0,46.0,1012.1,8.2,136.0
2022-03-17,Mumbai,27.4,0.9,54.0,1010.0,11.6,93.0
2022-03-18,Mumbai,26.1,1.5,41.0,1006.6,10.6,104.0
2022-03-19,Mumbai,26.3,0.9,66.0,1009.4,3.2,98.0
2022-03-20,Mumbai,29.3,0.6,56.0,1011.4,8.2,103.0
2022-03-21,Mumbai,25.9,0.2,37.0,1008.8,1.9,98.0
2022-03-22,Mumbai,25.8,0.5,39.0,1014.5,2.6,99.0
2022-03-23,Mumbai,24.0,0.4,55.0,1008.7,6.0,67.0
2022-03-24,Mumbai,27.3,0.7,52.0,1002.7,7.9,97.0
2022-03-25,Mumbai,26.3,0.0,49.0,1003.6,14.1,114.0
2022-03-26,Mumbai,29.8,0.0,56.0,1006.1,8.6,67.0
2022-03-27,Mumbai,26.3,0.0,65.0,1005.8,11.7,95.0
2022-03-28,Mumbai,28.2,0.1,54.0,1009.0,1.9,112.0
2022-03-29,Mumbai,28.4,0.1,38.0,1007.8,2.0,124.0
2022-03-30,Mumbai,29.6,4.4,50.0,1013.1,5.0,100.0
2022-03-31,Mumbai,25.1,0.5,42.0,1009.4,14.7,109.0
2022-04-01,Mumbai,29.6,1.7,45.0,1012.0,1.2,132.0
2022-04-02,Mumbai,27.3,0.5,53.0,1002.9,0.2,124.0
2022-04-03,Mumbai,27.2,4.6,50.0,1004.2,6.7,92.0
2022-04-04,Mumbai,26.9,0.1,43.0,1008.5,12.3,89.0
2022-04-05,Mumbai,26.8,0.1,50.0,1006.0,0.2,118.0
2022-04-06,Mumbai,27.0,0.0,45.0,1008.1,6.0,104.0
2022-04-07,Mumbai,23.9,0.0,54.0,1006.5,1.2,90.0
2022-04-08,Mumbai,28.5,7.8,49.0,1002.9,13.4,95.0
2022-04-09,Mumbai,27.8,0.1,53.0,1012.1,10.1,105.0
2022-04-10,Mumbai,26.3,0.9,48.0,1009.7,8.3,95.0
2022-04-11,Mumbai,27.8,1.0,56.0,998.8,6.9,94.0
2022-04-12,Mumbai,31.5,0.1,49.0,1002.5,6.0,94.0
2022-04-13,Mumbai,28.6,1.6,50.0,1004.9,7.7,71.0
2022-04-14,Mumbai,27.5,1.8,46.0,1007.5,4.2,129.0
2022-04-15,Mumbai,30.8,1.9,51.0,1004.4,3.2,119.0
2022-04-16,Mumbai,27.0,1.0,38.0,999.1,2.2,124.0
2022-04-17,Mumbai,28.0,3.9,69.0,1007.8,7.1,95.0
2022-04-18,Mumbai,27.5,0.6,45.0,1003.5,3.6,99.0
2022-04-19,Mumbai,28.0,0.5,51.0,1009.1,10.9,107.0
2022-04-20,Mumbai,29.6,0.7,47.0,1005.4,2.1,111.0
2022-04-21,Mumbai,29.5,0.0,47.0,1008.1,9.5,63.0
2022-04-22,Mumbai,27.5,0.1,53.0,1007.3,9.4,102.0
2022-04-23,Mumbai,28.5,1.1,46.0,1007.4,12.4,77.0
2022-04-24,Mumbai,28.9,2.0,47.0,1001.7,6.0,94.0
2022-04-25,Mumbai,28.2,6.1,40.0,1007.8,0.5,83.0
2022-04-26,Mumbai,28.8,6.3,43.0,1004.4,3.0,125.0
2022-04-27,Mumbai,27.8,0.3,42.0,998.5,12.0,104.0
2022-04-28,Mumbai,27.9,0.0,63.0,1001.8,5.7,93.0
2022-04-29,Mumbai,29.2,5.7,41.0,1002.0,5.3,118.0
2022-04-30,Mumbai,27.5,0.6,42.0,1005.1,4.5,92.0
2022-05-01,Mumbai,29.9,0.2,51.0,1005.9,6.8,80.0
2022-05-02,Mumbai,29.0,0.5,60.0,998.6,6.1,89.0
2022-05-03,Mumbai,27.9,0.3,38.0,1005.9,0.2,85.0
2022-05-04,Mumbai,28.5,11.9,39.0,1002.6,4.4,92.0
2022-05-05,Mumbai,28.7,5.4,51.0,998.6,11.5,106.0
2022-05-06,Mumbai,29.3,15.6,52.0,1006.0,13.4,89.0
2022-05-07,Mumbai,29.8,6.0,40.0,999.6,6.5,89.0
2022-05-08,Mumbai,29.3,2.3,37.0,997.8,4.8,108.0
2022-05-09,Mumbai,28.4,12.3,43.0,1005.5,13.0,95.0
2022-05-10,Mumbai,32.0,0.9,55.0,1006.0,6.3,106.0
2022-05-11,Mumbai,31.3,2.4,50.0,999.7,1.9,91.0
2022-05-12,Mumbai,30.1,7.4,55.0,1006.4,6.5,65.0
2022-05-13,Mumbai,31.5,0.4,49.0,1006.1,10.1,68.0
2022-05-14,Mumbai,30.5,1.8,50.0,1000.0,13.9,58.0
2022-05-15,Mumbai,29.7,0.1,54.0,1010.0,4.9,108.0
2022-05-16,Mumbai,30.3,0.5,49.0,1001.7,9.4,94.0
2022-05-17,Mumbai,34.4,2.2,52.0,1002.7,5.6,78.0
2022-05-18,Mumbai,31.8,12.0,44.0,992.2,12.0,69.0
2022-05-19,Mumbai,31.9,5.7,46.0,1004.2,8.2,92.0
2022-05-20,Mumbai,29.8,4.5,54.0,999.2,8.2,83.0
2022-05-21,Mumbai,31.4,0.0,49.0,1003.3,2.7,91.0
2022-05-22,Mumbai,34.0,0.0,45.0,994.7,5.6,70.0
2022-05-23,Mumbai,31.2,0.4,55.0,1006.1,5.6,64.0
2022-05-24,Mumbai,32.3,0.3,54.0,1007.2,8.7,112.0
2022-05-25,Mumbai,32.6,5.4,51.0,1008.9,10.8,66.0
2022-05-26,Mumbai,31.7,7.6,45.0,989.5,7.0,82.0
2022-05-27,Mumbai,33.2,3.5,57.0,1003.5,6.1,106.0
2022-05-28,Mumbai,31.2,12.6,68.0,1002.5,5.5,49.0
2022-05-29,Mumbai,31.6,8.4,45.0,989.0,7.2,94.0
2022-05-30,Mumbai,29.9,3.9,40.0,998.1,8.1,82.0
2022-05-31,Mumbai,35.1,5.7,46.0,1000.6,1.3,78.0
2022-06-01,Mumbai,31.5,0.0,45.0,1006.6,7.6,85.0
2022-06-02,Mumbai,31.2,2.4,42.0,997.6,7.5,59.0
2022-06-03,Mumbai,33.2,6.0,43.0,1001.7,7.2,40.0
2022-06-04,Mumbai,30.4,0.1,57.0,1000.6,0.5,113.0
2022-06-05,Mumbai,31.2,7.9,57.0,1002.2,6.4,74.0
2022-06-06,Mumbai,30.0,10.2,62.0,999.1,1.4,94.0
2022-06-07,Mumbai,31.3,5.4,57.0,1004.2,8.6,98.0
2022-06-08,Mumbai,30.7,1.1,48.0,1004.5,12.8,82.0
2022-06-09,Mumbai,32.2,0.0,59.0,995.2,10.8,85.0
2022-06-10,Mumbai,31.2,0.3,48.0,1005.0,5.6,89.0
2022-06-11,Mumbai,30.5,0.5,50.0,997.5,4.7,104.0
2022-06-12,Mumbai,31.0,8.9,44.0,999.4,4.6,84.0
2022-06-13,Mumbai,31.3,3.4,61.0,1004.9,8.6,98.0
2022-06-14,Mumbai,30.7,5.0,59.0,1000.8,4.1,70.0
2022-06-15,Mumbai,33.0,11.3,49.0,1002.7,4.7,67.0
2022-06-16,Mumbai,32.6,1.8,50.0,1003.5,3.9,75.0
2022-06-17,Mumbai,31.8,0.9,53.0,1002.7,3.3,81.0
2022-06-18,Mumbai,29.8,0.0,54.0,998.2,3.6,83.0
2022-06-19,Mumbai,32.5,0.2,59.0,996.5,4.7,107.0
2022-06-20,Mumbai,29.7,0.4,53.0,1003.0,12.3,87.0
2022-06-21,Mumbai,32.0,1.2,56.0,1003.3,1.1,73.0
2022-06-22,Mumbai,31.8,3.7,43.0,1001.7,1.2,107.0
2022-06-23,Mumbai,30.9,0.8,51.0,999.5,9.7,77.0
2022-06-24,Mumbai,30.5,0.3,41.0,1003.7,2.7,77.0
2022-06-25,Mumbai,30.8,6.0,66.0,1000.1,6.3,79.0
2022-06-26,Mumbai,35.0,0.2,63.0,994.7,7.8,64.0
2022-06-27,Mumbai,31.5,21.1,59.0,1001.3,7.1,50.0
2022-06-28,Mumbai,31.6,0.2,62.0,1002.2,3.6,71.0
2022-06-29,Mumbai,33.4,2.1,68.0,1003.3,11.0,63.0
2022-06-30,Mumbai,32.6,2.7,61.0,996.6,13.6,53.0
2022-07-01,Mumbai,33.6,0.0,43.0,997.2,2.6,70.0
2022-07-02,Mumbai,30.1,2.6,53.0,1001.5,5.8,64.0
2022-07-03,Mumbai,30.3,0.4,38.0,998.4,11.1,56.0
2022-07-04,Mumbai,37.1,0.6,49.0,999.9,6.1,35.0
2022-07-05,Mumbai,31.9,0.1,46.0,1004.0,2.6,63.0
2022-07-06,Mumbai,31.6,16.5,55.0,1001.8,5.1,97.0
2022-07-07,Mumbai,32.3,0.5,58.0,1007.5,10.7,81.0
2022-07-08,Mumbai,33.6,0.2,48.0,1001.4,2.7,84.0
2022-07-09,Mumbai,30.2,0.4,53.0,1007.1,8.1,64.0
2022-07-10,Mumbai,32.5,4.3,57.0,1004.5,8.7,83.0
2022-07-11,Mumbai,32.0,0.7,54.0,1010.5,4.2,52.0
2022-07-12,Mumbai,33.1,2.8,54.0,1000.4,9.5,56.0
2022-07-13,Mumbai,32.3,0.4,39.0,1000.0,9.9,73.0
2022-07-14,Mumbai,31.2,0.3,53.0,1005.6,11.4,38.0
2022-07-15,Mumbai,30.7,4.6,61.0,998.4,11.1,64.0
2022-07-16,Mumbai,28.3,1.4,58.0,998.6,0.5,68.0
2022-07-17,Mumbai,33.5,21.0,46.0,1001.5,10.9,92.0
2022-07-18,Mumbai,29.8,10.1,54.0,1002.0,9.6,49.0
2022-07-19,Mumbai,31.4,0.5,58.0,995.0,11.3,69.0
2022-07-20,Mumbai,34.6,2.0,50.0,1001.6,3.3,49.0
2022-07-21,Mumbai,31.4,0.3,61.0,999.4,11.0,51.0
2022-07-22,Mumbai,32.9,2.4,51.0,1000.6,8.7,20.0
2022-07-23,Mumbai,31.7,0.0,55.0,1001.4,2.0,43.0
2022-07-24,Mumbai,33.1,6.3,56.0,1000.0,12.6,80.0
2022-07-25,Mumbai,32.0,1.9,73.0,1005.1,3.6,69.0
2022-07-26,Mumbai,31.2,0.8,55.0,1002.8,2.6,62.0
2022-07-27,Mumbai,34.0,0.1,53.0,1000.2,8.8,103.0
2022-07-28,Mumbai,31.5,0.2,63.0,1001.3,4.4,68.0
2022-07-29,Mumbai,29.8,10.9,54.0,1005.1,8.6,36.0
2022-07-30,Mumbai,31.4,2.3,59.0,1004.2,6.0,55.0
2022-07-31,Mumbai,32.7,1.1,42.0,1006.1,8.3,57.0
2022-08-01,Mumbai,30.1,3.0,60.0,1000.6,10.6,86.0
2022-08-02,Mumbai,33.0,1.5,58.0,1001.8,6.9,41.0
2022-08-03,Mumbai,33.0,9.0,49.0,1009.3,10.8,65.0
2022-08-04,Mumbai,35.0,2.0,68.0,1001.2,10.7,74.0
2022-08-05,Mumbai,30.8,0.2,57.0,1008.1,3.4,42.0
2022-08-06,Mumbai,32.8,0.4,57.0,1004.8,10.8,58.0
2022-08-07,Mumbai,29.1,0.1,50.0,999.8,9.7,21.0
2022-08-08,Mumbai,31.0,12.5,48.0,996.0,7.6,58.0
2022-08-09,Mumbai,31.8,2.0,55.0,1004.2,11.9,20.0
2022-08-10,Mumbai,32.2,1.0,49.0,998.9,14.3,49.0
2022-08-11,Mumbai,31.5,2.2,63.0,999.0,10.4,86.0
2022-08-12,Mumbai,31.4,3.9,66.0,995.0,0.6,63.0
2022-08-13,Mumbai,30.6,3.5,55.0,1006.7,9.0,56.0
2022-08-14,Mumbai,30.8,6.7,49.0,1002.4,6.5,58.0
2022-08-15,Mumbai,31.9,0.8,57.0,1002.2,5.9,93.0
2022-08-16,Mumbai,32.3,0.3,53.0,1003.7,8.6,65.0
2022-08-17,Mumbai,32.4,2.6,61.0,1003.2,5.6,73.0
2022-08-18,Mumbai,32.9,12.9,62.0,1002.7,14.2,47.0
2022-08-19,Mumbai,33.1,9.1,58.0,1004.4,8.3,47.0
2022-08-20,Mumbai,,1.9,,,7.1,
2022-08-21,Mumbai,30.4,3.1,68.0,992.3,10.5,51.0
2022-08-22,Mumbai,30.9,0.0,73.0,1005.6,10.6,41.0
2022-08-23,Mumbai,30.1,5.6,57.0,1004.4,12.2,71.0
2022-08-24,Mumbai,32.7,1.1,66.0,1002.9,9.8,65.0
2022-08-25,Mumbai,32.2,7.9,60.0,1009.2,6.9,52.0
2022-08-26,Mumbai,30.8,3.4,54.0,997.4,7.7,44.0
2022-08-27,Mumbai,31.1,0.1,71.0,991.5,2.4,20.0
2022-08-28,Mumbai,32.8,10.0,64.0,1009.0,0.7,43.0
2022-08-29,Mumbai,30.3,9.3,63.0,1004.9,11.6,59.0
2022-08-30,Mumbai,30.3,2.4,64.0,996.8,5.6,65.0
2022-08-31,Mumbai,32.1,2.0,61.0,1001.8,15.0,20.0
2022-09-01,Mumbai,31.4,1.1,55.0,1005.9,14.9,20.0
2022-09-02,Mumbai,32.8,2.4,75.0,998.7,1.6,56.0
2022-09-03,Mumbai,31.2,2.7,69.0,1005.9,8.4,35.0
2022-09-04,Mumbai,31.7,0.1,64.0,1012.2,19.7,49.0
2022-09-05,Mumbai,29.7,2.3,69.0,1009.4,3.6,45.0
2022-09-06,Mumbai,29.0,3.3,72.0,1003.8,8.8,64.0
2022-09-07,Mumbai,30.4,1.2,61.0,1005.3,6.1,20.0
2022-09-08,Mumbai,26.3,2.3,67.0,1000.4,6.0,43.0
2022-09-09,Mumbai,30.9,0.1,61.0,1004.7,5.9,70.0
2022-09-10,Mumbai,31.7,2.3,68.0,1003.0,7.0,57.0
2022-09-11,Mumbai,30.3,4.3,61.0,1000.5,10.4,38.0
2022-09-12,Mumbai,29.8,5.6,80.0,999.2,3.6,61.0
2022-09-13,Mumbai,31.7,0.8,61.0,1012.3,9.3,58.0
2022-09-14,Mumbai,29.9,2.4,67.0,1005.1,4.0,38.0
2022-09-15,Mumbai,31.4,0.0,67.0,1000.8,9.4,66.0
2022-09-16,Mumbai,33.2,0.0,61.0,1003.2,8.5,65.0
2022-09-17,Mumbai,30.9,2.4,70.0,1010.9,3.7,51.0
2022-09-18,Mumbai,31.2,0.7,63.0,1011.5,7.7,70.0
2022-09-19,Mumbai,30.4,2.2,61.0,1002.8,3.9,33.0
2022-09-20,Mumbai,30.0,0.0,64.0,1006.1,3.4,67.0
2022-09-21,Mumbai,30.0,4.4,59.0,1009.0,12.2,51.0
2022-09-22,Mumbai,29.6,10.6,73.0,1004.1,0.9,37.0
2022-09-23,Mumbai,31.1,3.3,69.0,1000.9,9.5,44.0
2022-09-24,Mumbai,26.9,0.2,71.0,1001.8,10.2,75.0
2022-09-25,Mumbai,28.9,11.4,55.0,1005.9,4.5,45.0
2022-09-26,Mumbai,30.2,0.0,66.0,1002.9,11.8,48.0
2022-09-27,Mumbai,27.9,0.1,59.0,1000.9,11.0,43.0
2022-09-28,Mumbai,28.9,2.3,65.0,1005.2,1.4,41.0
2022-09-29,Mumbai,28.0,0.2,74.0,1009.9,9.4,72.0
2022-09-30,Mumbai,29.6,0.0,67.0,1009.0,9.1,95.0
2022-10-01,Mumbai,30.2,1.3,64.0,1005.5,3.9,79.0
2022-10-02,Mumbai,31.0,1.3,73.0,1014.1,9.6,65.0
2022-10-03,Mumbai,29.5,14.9,72.0,1003.5,10.4,69.0
2022-10-04,Mumbai,27.6,3.0,78.0,1006.4,3.9,50.0
2022-10-05,Mumbai,29.0,5.6,52.0,1001.4,1.6,47.0
2022-10-06,Mumbai,29.4,0.9,67.0,1010.0,8.8,36.0
2022-10-07,Mumbai,30.6,8.4,62.0,1006.6,3.8,82.0
2022-10-08,Mumbai,25.1,13.8,59.0,1000.5,0.4,51.0
2022-10-09,Mumbai,28.9,5.8,66.0,1004.0,5.4,44.0
2022-10-10,Mumbai,25.5,0.4,57.0,1014.5,3.3,46.0
2022-10-11,Mumbai,29.3,0.0,50.0,1010.3,5.6,61.0
2022-10-12,Mumbai,28.8,8.0,59.0,1008.0,13.6,48.0
2022-10-13,Mumbai,28.8,0.9,64.0,1011.1,5.4,58.0
2022-10-14,Mumbai,29.3,0.2,79.0,1001.4,9.1,61.0
2022-10-15,Mumbai,28.5,0.3,60.0,1004.6,3.0,82.0
2022-10-16,Mumbai,26.9,9.9,57.0,1002.7,5.3,37.0
2022-10-17,Mumbai,28.3,0.1,52.0,1004.8,3.1,64.0
2022-10-18,Mumbai,29.6,3.9,63.0,1006.6,9.9,47.0
2022-10-19,Mumbai,27.5,1.3,64.0,1010.3,7.0,52.0
2022-10-20,Mumbai,27.6,6.8,67.0,1012.3,3.7,89.0
2022-10-21,Mumbai,25.7,1.7,56.0,1012.3,1.4,71.0
2022-10-22,Mumbai,29.2,2.1,60.0,1019.2,5.2,54.0
2022-10-23,Mumbai,26.6,0.1,50.0,1006.7,12.1,70.0
2022-10-24,Mumbai,26.2,0.5,67.0,1008.7,1.8,61.0
2022-10-25,Mumbai,26.6,0.5,55.0,1010.8,8.9,81.0
2022-10-26,Mumbai,25.9,3.5,46.0,1005.6,8.6,53.0
2022-10-27,Mumbai,26.7,3.1,74.0,1007.9,1.7,71.0
2022-10-28,Mumbai,29.0,1.6,69.0,1010.7,11.9,59.0
2022-10-29,Mumbai,28.2,1.5,68.0,1005.7,6.9,63.0
2022-10-30,Mumbai,29.1,0.0,68.0,1011.1,16.8,61.0
2022-10-31,Mumbai,29.1,3.1,58.0,1014.2,14.7,53.0
2022-11-01,Mumbai,25.4,0.4,73.0,1005.0,6.0,66.0
2022-11-02,Mumbai,27.4,0.1,58.0,1000.5,6.4,82.0
2022-11-03,Mumbai,28.9,0.8,79.0,1010.0,2.7,54.0
2022-11-04,Mumbai,30.1,1.5,67.0,1005.6,1.1,58.0
2022-11-05,Mumbai,24.4,0.0,53.0,1010.5,10.6,72.0
2022-11-06,Mumbai,24.3,0.0,72.0,1008.1,6.0,52.0
2022-11-07,Mumbai,27.1,0.1,79.0,1011.2,5.3,82.0
2022-11-08,Mumbai,25.8,1.2,64.0,1014.5,6.3,79.0
2022-11-09,Mumbai,24.7,4.4,73.0,1013.4,10.1,26.0
2022-11-10,Mumbai,26.8,0.4,64.0,1008.8,11.2,56.0
2022-11-11,Mumbai,24.9,2.1,61.0,1005.6,7.1,49.0
2022-11-12,Mumbai,22.6,1.4,47.0,1000.5,6.2,83.0
2022-11-13,Mumbai,26.0,0.0,74.0,1001.8,7.5,85.0
2022-11-14,Mumbai,26.2,1.2,62.0,1007.3,16.2,48.0
2022-11-15,Mumbai,26.9,0.3,68.0,1010.9,2.0,57.0
2022-11-16,Mumbai,27.3,0.9,57.0,1007.9,2.0,68.0
2022-11-17,Mumbai,26.1,1.5,59.0,1008.3,9.2,64.0
2022-11-18,Mumbai,25.4,3.0,73.0,1004.4,7.7,83.0
2022-11-19,Mumbai,24.7,0.3,62.0,1004.2,12.5,88.0
2022-11-20,Mumbai,23.1,0.4,62.0,1004.0,12.9,82.0
2022-11-21,Mumbai,24.9,0.8,56.0,1013.4,15.8,91.0
2022-11-22,Mumbai,27.0,0.0,66.0,1003.1,3.6,89.0
2022-11-23,Mumbai,26.5,0.0,70.0,1013.7,9.8,71.0
2022-11-24,Mumbai,28.5,0.6,62.0,1007.5,6.0,65.0
2022-11-25,Mumbai,25.1,0.7,64.0,1013.2,11.4,60.0
2022-11-26,Mumbai,22.6,0.3,56.0,1012.1,7.9,88.0
2022-11-27,Mumbai,26.5,2.7,75.0,1014.2,11.0,90.0
2022-11-28,Mumbai,26.8,0.1,60.0,1016.0,3.8,93.0
2022-11-29,Mumbai,23.4,1.2,63.0,1008.2,7.8,69.0
2022-11-30,Mumbai,22.6,2.1,76.0,1007.5,4.8,69.0
2022-12-01,Mumbai,25.3,0.0,63.0,1009.6,5.9,81.0
2022-12-02,Mumbai,26.1,0.7,53.0,1008.3,5.1,99.0
2022-12-03,Mumbai,23.3,3.3,58.0,1014.1,2.6,83.0
2022-12-04,Mumbai,24.4,3.7,62.0,1011.0,12.0,81.0
2022-12-05,Mumbai,23.7,0.7,77.0,1011.5,8.4,63.0
2022-12-06,Mumbai,23.0,0.6,66.0,1013.2,11.9,86.0
2022-12-07,Mumbai,22.8,1.6,62.0,1009.7,2.7,88.0
2022-12-08,Mumbai,25.0,0.4,70.0,1016.0,1.5,62.0
2022-12-09,Mumbai,24.1,0.7,73.0,1004.3,4.3,111.0
2022-12-10,Mumbai,23.7,1.7,58.0,1012.6,6.4,64.0
2022-12-11,Mumbai,20.7,5.0,74.0,1013.7,10.6,97.0
2022-12-12,Mumbai,27.3,0.0,70.0,1008.7,11.8,77.0
2022-12-13,Mumbai,23.1,1.4,67.0,1009.0,12.5,84.0
2022-12-14,Mumbai,24.3,2.5,47.0,1015.4,13.9,68.0
2022-12-15,Mumbai,22.8,6.2,65.0,1010.5,10.3,72.0
2022-12-16,Mumbai,25.0,1.3,73.0,1004.2,7.6,95.0
2022-12-17,Mumbai,22.1,1.3,61.0,1006.5,3.7,79.0
2022-12-18,Mumbai,24.5,0.3,79.0,1015.9,10.1,77.0
2022-12-19,Mumbai,24.1,2.3,63.0,1008.4,4.9,100.0
2022-12-20,Mumbai,25.8,0.8,56.0,1017.1,3.6,97.0
2022-12-21,Mumbai,22.6,2.9,67.0,1017.4,9.7,88.0
2022-12-22,Mumbai,23.3,0.0,65.0,1011.1,8.1,89.0
2022-12-23,Mumbai,23.9,0.5,68.0,1014.1,10.9,116.0
2022-12-24,Mumbai,27.4,0.0,61.0,1008.7,4.0,83.0
2022-12-25,Mumbai,22.0,0.0,71.0,1010.4,12.3,93.0
2022-12-26,Mumbai,24.6,0.4,58.0,1009.2,8.7,94.0
2022-12-27,Mumbai,23.2,2.4,63.0,1014.3,6.4,62.0
2022-12-28,Mumbai,24.6,0.5,53.0,1006.9,3.8,53.0
2022-12-29,Mumbai,25.1,2.6,56.0,1011.5,2.4,90.0
2022-12-30,Mumbai,24.3,0.7,63.0,1012.2,1.1,104.0
2022-12-31,Mumbai,24.5,0.4,57.0,1014.1,13.3,92.0
2023-01-01,Mumbai,24.5,2.0,58.0,1003.5,0.9,80.0
2023-01-02,Mumbai,23.2,4.0,60.0,1004.9,9.9,78.0
2023-01-03,Mumbai,23.7,2.9,63.0,1008.5,6.0,104.0
2023-01-04,Mumbai,21.5,0.1,66.0,1011.1,4.6,85.0
2023-01-05,Mumbai,23.5,0.5,66.0,1012.5,5.0,62.0
2023-01-06,Mumbai,22.9,0.6,68.0,1012.7,6.7,103.0
2023-01-07,Mumbai,23.6,0.0,62.0,1020.0,11.1,96.0
2023-01-08,Mumbai,25.2,3.4,57.0,1014.5,9.6,98.0
2023-01-09,Mumbai,24.6,0.2,49.0,1014.2,7.1,111.0
2023-01-10,Mumbai,24.7,0.7,58.0,1009.9,1.1,116.0
2023-01-11,Mumbai,25.7,0.3,54.0,1015.0,0.8,103.0
2023-01-12,Mumbai,20.4,0.4,47.0,1014.6,15.4,90.0
2023-01-13,Mumbai,24.7,0.5,71.0,1014.5,2.7,56.0
2023-01-14,Mumbai,24.0,2.0,47.0,1011.3,0.2,99.0
2023-01-15,Mumbai,23.9,0.1,62.0,1014.2,12.1,91.0
2023-01-16,Mumbai,22.0,0.3,63.0,1017.8,0.5,118.0
2023-01-17,Mumbai,24.9,0.1,58.0,1008.5,10.4,117.0
2023-01-18,Mumbai,25.8,3.1,77.0,1003.1,11.2,104.0
2023-01-19,Mumbai,25.6,0.0,59.0,1014.9,8.2,120.0
2023-01-20,Mumbai,23.9,1.2,53.0,1014.5,11.4,94.0
2023-01-21,Mumbai,25.0,3.5,71.0,1010.6,1.0,95.0
2023-01-22,Mumbai,25.5,2.4,53.0,1009.8,1.7,81.0
2023-01-23,Mumbai,26.9,0.2,48.0,1022.4,6.3,91.0
2023-01-24,Mumbai,26.0,0.2,51.0,1009.6,7.1,101.0
2023-01-25,Mumbai,24.3,0.0,54.0,1006.6,6.7,116.0
2023-01-26,Mumbai,24.3,0.6,58.0,1009.5,9.2,84.0
2023-01-27,Mumbai,24.4,2.2,60.0,1013.3,3.8,112.0
2023-01-28,Mumbai,24.5,0.7,47.0,1008.8,2.3,139.0
2023-01-29,Mumbai,23.4,0.1,60.0,1009.7,8.9,74.0
2023-01-30,Mumbai,25.4,1.3,73.0,1012.4,6.1,94.0
2023-01-31,Mumbai,23.2,0.0,52.0,1009.4,10.7,99.0
2023-02-01,Mumbai,23.0,1.7,56.0,1011.6,16.3,117.0
2023-02-02,Mumbai,24.8,0.4,62.0,1010.8,7.5,134.0
2023-02-03,Mumbai,23.4,0.0,65.0,1006.7,9.7,121.0
2023-02-04,Mumbai,23.9,0.2,52.0,1011.2,3.1,99.0
2023-02-05,Mumbai,21.2,2.7,50.0,1006.2,11.1,85.0
2023-02-06,Mumbai,25.6,1.0,49.0,1014.5,8.6,99.0
2023-02-07,Mumbai,,0.0,,,8.2,
2023-02-08,Mumbai,24.2,1.0,63.0,1009.7,11.1,105.0
2023-02-09,Mumbai,25.2,1.3,41.0,1003.3,2.1,85.0
2023-02-10,Mumbai,24.8,1.2,41.0,1008.7,9.6,128.0
2023-02-11,Mumbai,23.4,0.3,47.0,1005.5,9.1,88.0
2023-02-12,Mumbai,27.6,0.0,45.0,1016.3,14.1,113.0
2023-02-13,Mumbai,23.9,2.4,59.0,1009.8,0.9,105.0
2023-02-14,Mumbai,26.1,1.4,57.0,1012.3,6.7,82.0
2023-02-15,Mumbai,27.4,0.3,69.0,1003.2,16.8,103.0
2023-02-16,Mumbai,23.7,0.1,61.0,1005.1,5.3,102.0
2023-02-17,Mumbai,24.9,0.0,56.0,1009.3,5.2,99.0
2023-02-18,Mumbai,23.5,0.6,63.0,1004.5,15.0,116.0
2023-02-19,Mumbai,26.4,0.1,48.0,1014.4,18.2,94.0
2023-02-20,Mumbai,24.3,1.2,45.0,1008.2,7.6,148.0
2023-02-21,Mumbai,23.2,1.6,55.0,1010.3,3.9,122.0
2023-02-22,Mumbai,26.9,1.7,61.0,1010.8,4.5,86.0
2023-02-23,Mumbai,26.4,1.7,43.0,1008.9,5.3,58.0
2023-02-24,Mumbai,23.7,0.0,61.0,1012.5,3.4,125.0
2023-02-25,Mumbai,26.9,2.3,60.0,1006.7,3.5,107.0
2023-02-26,Mumbai,25.4,0.0,50.0,1010.7,7.9,104.0
2023-02-27,Mumbai,29.3,0.5,55.0,1013.9,7.3,86.0
2023-02-28,Mumbai,27.8,0.0,52.0,1009.9,9.2,77.0
2023-03-01,Mumbai,24.4,1.7,54.0,1009.5,7.2,70.0
2023-03-02,Mumbai,24.9,0.1,59.0,1007.6,1.7,149.0
2023-03-03,Mumbai,24.0,1.5,48.0,1009.0,10.4,132.0
2023-03-04,Mumbai,25.6,0.2,61.0,1011.4,8.2,93.0
2023-03-05,Mumbai,25.5,0.0,59.0,1007.6,4.5,137.0
2023-03-06,Mumbai,26.7,0.3,59.0,1001.9,5.9,70.0
2023-03-07,Mumbai,25.7,0.0,39.0,1009.1,8.5,116.0
2023-03-08,Mumbai,23.4,0.1,40.0,1007.7,7.4,116.0
2023-03-09,Mumbai,24.5,0.1,58.0,1010.1,6.5,88.0
2023-03-10,Mumbai,27.9,1.0,48.0,1008.3,10.5,95.0
2023-03-11,Mumbai,27.6,0.1,48.0,1014.3,11.8,85.0
2023-03-12,Mumbai,25.6,0.4,47.0,1003.2,5.7,104.0
2023-03-13,Mumbai,25.7,4.4,43.0,1004.0,7.0,126.0
2023-03-14,Mumbai,25.7,1.1,50.0,1010.3,2.2,121.0
2023-03-15,Mumbai,26.1,0.3,47.0,1003.6,6.3,110.0
2023-03-16,Mumbai,23.5,0.8,47.0,1008.8,9.2,123.0
2023-03-17,Mumbai,27.5,0.2,55.0,1007.4,10.9,71.0
2023-03-18,Mumbai,25.2,1.2,43.0,999.6,7.8,139.0
2023-03-19,Mumbai,26.5,1.8,60.0,1009.9,6.7,102.0
2023-03-20,Mumbai,22.5,0.1,36.0,1012.6,3.9,79.0
2023-03-21,Mumbai,26.8,8.4,69.0,1007.9,8.0,96.0
2023-03-22,Mumbai,28.5,3.7,42.0,1001.4,2.3,91.0
2023-03-23,Mumbai,23.1,2.3,56.0,1009.9,7.6,104.0
2023-03-24,Mumbai,28.9,0.0,58.0,1002.6,7.2,108.0
2023-03-25,Mumbai,27.4,1.2,51.0,1006.2,3.1,60.0
2023-03-26,Mumbai,25.6,0.9,56.0,1008.2,8.5,124.0
2023-03-27,Mumbai,24.4,2.7,50.0,1003.4,6.1,133.0
2023-03-28,Mumbai,28.6,0.0,38.0,999.7,9.7,83.0
2023-03-29,Mumbai,27.3,0.2,53.0,1005.7,4.9,128.0
2023-03-30,Mumbai,27.9,0.5,59.0,1005.9,9.2,124.0
2023-03-31,Mumbai,26.6,0.3,47.0,1002.7,14.0,119.0
2023-04-01,Mumbai,25.9,1.4,39.0,1002.8,7.9,130.0
2023-04-02,Mumbai,28.5,1.6,46.0,1008.7,10.6,76.0
2023-04-03,Mumbai,25.8,1.7,53.0,1005.3,4.3,113.0
2023-04-04,Mumbai,28.7,0.2,53.0,1003.8,5.5,82.0
2023-04-05,Mumbai,24.8,1.2,58.0,1003.2,1.2,142.0
2023-04-06,Mumbai,26.1,1.1,54.0,1006.1,6.4,82.0
2023-04-07,Mumbai,25.3,0.8,54.0,1005.7,2.1,78.0
2023-04-08,Mumbai,29.6,0.0,36.0,1004.5,7.6,120.0
2023-04-09,Mumbai,25.0,2.3,66.0,999.6,2.0,110.0
2023-04-10,Mumbai,26.0,0.0,51.0,1003.5,3.3,99.0
2023-04-11,Mumbai,28.8,2.1,56.0,1002.4,7.4,101.0
2023-04-12,Mumbai,28.2,0.2,48.0,1005.0,8.8,109.0
2023-04-13,Mumbai,31.3,0.6,49.0,1009.2,0.2,129.0
2023-04-14,Mumbai,30.8,1.2,51.0,1008.3,5.2,85.0
2023-04-15,Mumbai,29.0,2.8,61.0,1007.0,18.4,88.0
2023-04-16,Mumbai,29.2,1.6,61.0,1004.8,10.6,87.0
2023-04-17,Mumbai,25.4,15.1,54.0,1003.0,7.8,96.0
2023-04-18,Mumbai,26.9,1.0,64.0,1005.5,5.1,97.0
2023-04-19,Mumbai,27.9,1.1,47.0,1002.2,3.0,74.0
2023-04-20,Mumbai,28.2,6.7,54.0,1002.6,9.4,102.0
2023-04-21,Mumbai,26.4,1.8,47.0,1000.6,8.1,73.0
2023-04-22,Mumbai,27.1,2.5,59.0,1003.6,9.1,90.0
2023-04-23,Mumbai,27.3,0.0,50.0,1003.4,11.3,91.0
2023-04-24,Mumbai,30.3,8.6,57.0,1010.8,7.5,91.0
2023-04-25,Mumbai,29.4,0.5,62.0,1005.6,10.8,121.0
2023-04-26,Mumbai,28.3,0.1,35.0,1001.9,0.8,124.0
2023-04-27,Mumbai,28.5,10.1,65.0,1006.3,18.1,113.0
2023-04-28,Mumbai,29.4,0.5,52.0,1001.4,5.8,122.0
2023-04-29,Mumbai,28.0,0.3,48.0,1007.0,4.2,88.0
2023-04-30,Mumbai,28.7,4.8,36.0,1006.0,13.7,118.0
2023-05-01,Mumbai,26.5,0.8,48.0,1014.2,9.7,92.0
2023-05-02,Mumbai,30.3,0.8,33.0,998.6,11.3,96.0
2023-05-03,Mumbai,30.8,0.4,51.0,1002.5,4.3,97.0
2023-05-04,Mumbai,29.9,0.2,49.0,1002.2,8.3,68.0
2023-05-05,Mumbai,30.2,6.2,63.0,1003.7,10.2,80.0
2023-05-06,Mumbai,30.1,2.3,48.0,1005.3,2.0,88.0
2023-05-07,Mumbai,32.7,3.5,58.0,998.6,6.1,97.0
2023-05-08,Mumbai,29.9,0.5,58.0,999.5,6.0,88.0
2023-05-09,Mumbai,27.7,0.7,65.0,1003.4,5.8,74.0
2023-05-10,Mumbai,28.1,0.3,48.0,1005.9,4.0,69.0
2023-05-11,Mumbai,30.9,1.0,56.0,997.7,1.5,89.0
2023-05-12,Mumbai,31.5,1.0,39.0,996.0,9.0,67.0
2023-05-13,Mumbai,31.1,4.7,42.0,1006.4,8.1,67.0
2023-05-14,Mumbai,31.3,7.2,48.0,1005.1,12.1,86.0
2023-05-15,Mumbai,30.3,1.1,50.0,1006.0,6.8,91.0
2023-05-16,Mumbai,27.8,27.1,42.0,997.9,4.1,72.0
2023-05-17,Mumbai,29.1,0.1,47.0,1000.8,0.7,55.0
2023-05-18,Mumbai,27.4,0.0,55.0,1002.4,7.4,91.0
2023-05-19,Mumbai,29.7,4.6,47.0,1003.2,5.7,101.0
2023-05-20,Mumbai,28.2,3.1,49.0,1000.9,15.9,78.0
2023-05-21,Mumbai,30.5,3.2,44.0,1001.1,17.1,78.0
2023-05-22,Mumbai,30.2,2.8,60.0,1005.2,14.0,43.0
2023-05-23,Mumbai,27.5,1.7,63.0,999.5,3.1,100.0
2023-05-24,Mumbai,31.7,1.6,52.0,999.0,0.9,64.0
2023-05-25,Mumbai,31.8,8.7,50.0,999.4,6.0,96.0
2023-05-26,Mumbai,28.5,0.3,63.0,999.0,3.1,72.0
2023-05-27,Mumbai,30.9,0.9,54.0,1001.5,13.3,80.0
2023-05-28,Mumbai,31.9,0.3,46.0,1000.1,7.6,79.0
2023-05-29,Mumbai,30.4,0.2,41.0,999.1,5.3,49.0
2023-05-30,Mumbai,32.2,8.0,47.0,1006.3,7.0,131.0
2023-05-31,Mumbai,31.2,2.5,67.0,1001.9,12.6,53.0
2023-06-01,Mumbai,32.6,11.5,47.0,999.4,2.9,82.0
2023-06-02,Mumbai,31.3,18.3,72.0,1005.5,9.2,65.0
2023-06-03,Mumbai,30.8,2.8,51.0,998.4,1.2,75.0
2023-06-04,Mumbai,31.9,5.5,50.0,1000.5,6.1,104.0
2023-06-05,Mumbai,32.3,0.5,61.0,1000.1,4.1,45.0
2023-06-06,Mumbai,31.5,4.6,50.0,998.2,8.4,76.0
2023-06-07,Mumbai,,6.9,,,7.7,
2023-06-08,Mumbai,30.0,0.2,44.0,1000.7,12.3,80.0
2023-06-09,Mumbai,30.7,1.2,43.0,994.8,10.1,84.0
2023-06-10,Mumbai,30.4,0.4,47.0,998.8,4.4,63.0
2023-06-11,Mumbai,31.7,0.2,54.0,1001.2,1.2,47.0
2023-06-12,Mumbai,31.7,3.5,47.0,1001.3,3.5,52.0
2023-06-13,Mumbai,31.3,0.8,38.0,1001.3,5.2,68.0
2023-06-14,Mumbai,31.5,11.5,56.0,1009.1,6.0,88.0
2023-06-15,Mumbai,31.8,0.1,51.0,1002.7,3.7,76.0
2023-06-16,Mumbai,33.9,2.5,51.0,999.5,11.8,103.0
2023-06-17,Mumbai,33.4,18.6,48.0,999.6,11.1,75.0
2023-06-18,Mumbai,30.7,5.9,37.0,1000.0,5.8,77.0
2023-06-19,Mumbai,32.3,0.1,64.0,1001.7,4.9,76.0
2023-06-20,Mumbai,31.1,0.2,50.0,998.8,6.0,41.0
2023-06-21,Mumbai,31.5,1.1,57.0,1005.7,6.8,82.0
2023-06-22,Mumbai,31.3,0.0,63.0,995.7,6.9,51.0
2023-06-23,Mumbai,30.8,4.2,61.0,1002.3,0.2,64.0
2023-06-24,Mumbai,29.6,0.5,55.0,1001.8,5.1,113.0
2023-06-25,Mumbai,28.0,4.9,54.0,995.5,1.2,48.0
2023-06-26,Mumbai,32.1,2.9,56.0,1002.3,7.2,72.0
2023-06-27,Mumbai,33.6,1.1,60.0,1002.0,10.0,75.0
2023-06-28,Mumbai,30.4,0.0,58.0,997.4,2.4,71.0
2023-06-29,Mumbai,32.6,5.3,51.0,1008.7,7.8,69.0
2023-06-30,Mumbai,31.3,2.5,57.0,1002.6,4.3,58.0
2023-07-01,Mumbai,32.3,0.1,57.0,998.6,4.0,104.0
2023-07-02,Mumbai,30.6,0.0,59.0,998.0,15.7,31.0
2023-07-03,Mumbai,31.5,0.6,56.0,997.0,11.0,49.0
2023-07-04,Mumbai,31.7,5.8,64.0,1000.8,9.2,93.0
2023-07-05,Mumbai,28.3,6.2,56.0,1000.1,5.1,76.0
2023-07-06,Mumbai,32.3,0.9,61.0,994.5,8.8,52.0
2023-07-07,Mumbai,31.7,1.8,55.0,995.9,6.2,49.0
2023-07-08,Mumbai,28.1,1.2,51.0,997.2,9.0,61.0
2023-07-09,Mumbai,33.0,0.4,48.0,998.4,3.1,112.0
2023-07-10,Mumbai,31.9,6.2,54.0,998.5,6.7,73.0
2023-07-11,Mumbai,32.3,1.1,59.0,997.4,5.3,45.0
2023-07-12,Mumbai,32.5,2.6,65.0,1002.4,0.8,68.0
2023-07-13,Mumbai,31.3,0.5,55.0,1003.6,14.5,52.0
2023-07-14,Mumbai,30.3,0.0,52.0,1000.3,10.6,90.0
2023-07-15,Mumbai,31.3,2.4,52.0,991.7,3.5,68.0
2023-07-16,Mumbai,31.3,3.6,65.0,999.4,0.6,85.0
2023-07-17,Mumbai,35.4,7.5,57.0,1002.2,3.8,65.0
2023-07-18,Mumbai,34.8,0.2,53.0,999.8,3.3,98.0
2023-07-19,Mumbai,31.2,3.0,62.0,1001.2,4.3,69.0
2023-07-20,Mumbai,31.3,3.4,47.0,1000.5,0.4,66.0
2023-07-21,Mumbai,32.4,1.8,58.0,994.5,3.4,42.0
2023-07-22,Mumbai,32.8,6.0,57.0,990.6,7.3,53.0
2023-07-23,Mumbai,30.8,7.3,56.0,1002.6,8.8,67.0
2023-07-24,Mumbai,30.4,8.7,49.0,998.3,1.7,51.0
2023-07-25,Mumbai,34.9,1.6,64.0,1001.9,7.0,104.0
2023-07-26,Mumbai,33.5,0.4,70.0,999.2,2.7,59.0
2023-07-27,Mumbai,29.5,0.2,48.0,999.8,2.4,45.0
2023-07-28,Mumbai,29.1,24.3,59.0,1005.7,5.6,76.0
2023-07-29,Mumbai,30.5,0.1,63.0,996.0,4.0,49.0
2023-07-30,Mumbai,32.1,3.7,74.0,1000.5,10.1,65.0
2023-07-31,Mumbai,32.6,10.5,55.0,996.4,10.1,56.0
2023-08-01,Mumbai,31.2,0.6,52.0,1000.9,5.7,45.0
2023-08-02,Mumbai,29.2,4.5,59.0,1002.5,4.2,82.0
2023-08-03,Mumbai,32.1,7.3,73.0,1003.2,14.9,59.0
2023-08-04,Mumbai,32.6,7.9,59.0,1001.4,15.3,76.0
2023-08-05,Mumbai,31.7,11.8,61.0,995.6,8.7,51.0
2023-08-06,Mumbai,30.9,4.6,72.0,1001.9,6.3,31.0
2023-08-07,Mumbai,32.5,8.5,44.0,1004.4,11.5,34.0
2023-08-08,Mumbai,31.5,9.5,44.0,1004.8,13.4,47.0
2023-08-09,Mumbai,29.8,1.9,66.0,1009.3,4.7,52.0
2023-08-10,Mumbai,31.7,2.7,65.0,1003.3,15.0,57.0
2023-08-11,Mumbai,29.5,0.1,50.0,997.4,6.3,65.0
2023-08-12,Mumbai,33.0,0.9,64.0,999.3,11.8,33.0
2023-08-13,Mumbai,32.2,9.3,60.0,1001.7,4.7,59.0
2023-08-14,Mumbai,29.8,0.2,62.0,1005.4,7.3,33.0
2023-08-15,Mumbai,31.7,4.5,55.0,997.2,5.0,42.0
2023-08-16,Mumbai,33.3,3.8,57.0,1005.1,7.1,101.0
2023-08-17,Mumbai,28.0,0.0,54.0,1004.1,11.5,77.0
2023-08-18,Mumbai,31.0,0.2,61.0,998.4,3.0,48.0
2023-08-19,Mumbai,33.8,1.5,59.0,1004.1,5.7,86.0
2023-08-20,Mumbai,28.8,12.0,73.0,999.0,9.4,80.0
2023-08-21,Mumbai,30.9,0.3,66.0,1002.0,4.9,70.0
2023-08-22,Mumbai,28.9,3.1,50.0,1000.9,16.0,80.0
2023-08-23,Mumbai,30.9,1.5,64.0,1003.0,0.5,49.0
2023-08-24,Mumbai,27.3,0.8,72.0,997.7,18.3,51.0
2023-08-25,Mumbai,28.4,0.6,64.0,1004.3,4.1,38.0
2023-08-26,Mumbai,30.1,0.9,70.0,994.1,11.3,64.0
2023-08-27,Mumbai,31.1,3.2,62.0,1000.9,14.2,31.0
2023-08-28,Mumbai,31.4,0.3,67.0,1000.4,9.4,44.0
2023-08-29,Mumbai,31.4,3.7,55.0,1008.6,0.8,61.0
2023-08-30,Mumbai,32.5,3.2,68.0,1004.8,5.5,44.0
2023-08-31,Mumbai,31.8,0.3,52.0,1001.0,7.3,59.0
2023-09-01,Mumbai,31.8,0.2,72.0,999.5,9.5,86.0
2023-09-02,Mumbai,29.0,4.9,52.0,1003.1,11.4,35.0
2023-09-03,Mumbai,30.3,0.8,47.0,1000.7,12.0,78.0
2023-09-04,Mumbai,35.4,3.0,67.0,1011.7,13.6,41.0
2023-09-05,Mumbai,33.9,4.4,62.0,992.7,2.8,36.0
2023-09-06,Mumbai,31.6,0.6,64.0,1003.6,11.4,57.0
2023-09-07,Mumbai,31.4,8.4,66.0,994.1,0.7,72.0
2023-09-08,Mumbai,31.8,4.1,63.0,1007.5,7.7,40.0
2023-09-09,Mumbai,29.5,0.2,57.0,1000.6,2.2,40.0
2023-09-10,Mumbai,33.2,0.6,65.0,1009.8,0.9,45.0
2023-09-11,Mumbai,29.5,0.8,66.0,1001.8,11.1,40.0
2023-09-12,Mumbai,29.9,1.0,67.0,1008.1,6.9,57.0
2023-09-13,Mumbai,33.4,0.3,78.0,1004.8,11.4,40.0
2023-09-14,Mumbai,26.6,0.1,59.0,1008.6,0.2,49.0
2023-09-15,Mumbai,30.4,13.3,64.0,1004.3,1.6,60.0
2023-09-16,Mumbai,27.1,0.0,68.0,993.1,6.6,46.0
2023-09-17,Mumbai,28.7,6.1,61.0,1001.7,4.0,74.0
2023-09-18,Mumbai,29.5,3.0,56.0,998.6,7.3,41.0
2023-09-19,Mumbai,29.0,0.7,60.0,1008.2,4.2,40.0
2023-09-20,Mumbai,29.8,0.3,72.0,1006.8,5.5,90.0
2023-09-21,Mumbai,28.2,18.1,62.0,1004.9,1.9,81.0
2023-09-22,Mumbai,29.2,2.7,69.0,1006.7,12.7,55.0
2023-09-23,Mumbai,27.5,8.5,59.0,1005.8,5.6,69.0
2023-09-24,Mumbai,28.6,0.0,68.0,1003.0,1.7,60.0
2023-09-25,Mumbai,27.0,4.8,60.0,1012.7,10.0,45.0
2023-09-26,Mumbai,30.2,0.0,59.0,1006.3,9.2,67.0
2023-09-27,Mumbai,27.0,0.2,66.0,1004.7,8.0,60.0
2023-09-28,Mumbai,30.1,5.7,65.0,1000.0,8.0,78.0
2023-09-29,Mumbai,28.3,0.7,76.0,1003.3,5.2,22.0
2023-09-30,Mumbai,28.4,0.3,53.0,1005.8,6.4,70.0
2023-10-01,Mumbai,30.6,2.3,69.0,1005.2,2.9,58.0
2023-10-02,Mumbai,28.9,2.0,77.0,1004.2,0.2,43.0
2023-10-03,Mumbai,25.7,2.5,75.0,1005.9,1.5,48.0
2023-10-04,Mumbai,29.4,1.7,63.0,1001.9,8.3,49.0
2023-10-05,Mumbai,23.9,3.6,60.0,1006.3,12.5,32.0
2023-10-06,Mumbai,28.9,3.2,62.0,1000.5,6.3,46.0
2023-10-07,Mumbai,27.7,13.1,68.0,1003.2,5.8,71.0
2023-10-08,Mumbai,26.1,2.4,67.0,1003.8,12.0,29.0
2023-10-09,Mumbai,28.4,0.2,68.0,1010.0,5.4,50.0
2023-10-10,Mumbai,27.7,2.6,70.0,1008.7,9.9,20.0
2023-10-11,Mumbai,31.3,0.2,58.0,1007.2,8.9,47.0
2023-10-12,Mumbai,27.3,1.8,58.0,1002.6,1.1,65.0
2023-10-13,Mumbai,31.0,26.3,57.0,1005.6,8.4,57.0
2023-10-14,Mumbai,30.1,2.2,56.0,1010.2,7.9,59.0
2023-10-15,Mumbai,26.9,3.4,65.0,1012.1,1.9,38.0
2023-10-16,Mumbai,26.5,13.8,68.0,1001.8,2.4,69.0
2023-10-17,Mumbai,29.8,8.2,84.0,1005.9,1.3,43.0
2023-10-18,Mumbai,27.4,3.3,70.0,1008.0,13.1,76.0
2023-10-19,Mumbai,27.8,6.5,66.0,1009.0,16.4,63.0
2023-10-20,Mumbai,27.1,0.2,76.0,1007.8,10.2,53.0
2023-10-21,Mumbai,25.5,1.1,61.0,1010.4,14.0,87.0
2023-10-22,Mumbai,26.8,1.5,68.0,1002.5,1.0,53.0
2023-10-23,Mumbai,25.8,2.5,73.0,1014.0,13.3,79.0
2023-10-24,Mumbai,24.8,2.5,72.0,1003.8,15.8,63.0
2023-10-25,Mumbai,26.7,0.1,69.0,1008.5,14.2,61.0
2023-10-26,Mumbai,29.9,0.2,63.0,1010.4,2.8,80.0
2023-10-27,Mumbai,29.6,0.2,57.0,1012.9,11.9,70.0
2023-10-28,Mumbai,26.8,0.4,65.0,1012.0,6.5,62.0
2023-10-29,Mumbai,27.1,0.2,62.0,1012.0,11.8,61.0
2023-10-30,Mumbai,27.6,0.2,71.0,1013.6,4.1,67.0
2023-10-31,Mumbai,28.9,0.2,65.0,1008.3,7.1,65.0
2023-11-01,Mumbai,27.2,3.2,70.0,1011.8,4.5,58.0
2023-11-02,Mumbai,25.9,0.6,54.0,1014.9,9.1,46.0
2023-11-03,Mumbai,25.9,0.0,73.0,1006.2,6.6,20.0
2023-11-04,Mumbai,28.3,5.9,60.0,1003.9,12.0,63.0
2023-11-05,Mumbai,30.6,0.1,55.0,1005.5,10.7,61.0
2023-11-06,Mumbai,25.4,1.6,56.0,1014.8,8.9,88.0
2023-11-07,Mumbai,23.0,5.6,61.0,1014.2,6.8,74.0
2023-11-08,Mumbai,27.5,8.9,74.0,1008.2,5.7,87.0
2023-11-09,Mumbai,26.1,1.0,71.0,1010.6,7.0,98.0
2023-11-10,Mumbai,26.3,0.2,57.0,1011.5,10.4,65.0
2023-11-11,Mumbai,28.0,0.1,66.0,1013.8,7.6,52.0
2023-11-12,Mumbai,26.1,0.3,65.0,1002.7,8.3,83.0
2023-11-13,Mumbai,23.8,3.7,54.0,1007.8,6.8,58.0
2023-11-14,Mumbai,22.7,1.2,59.0,1009.0,6.7,64.0
2023-11-15,Mumbai,25.7,0.7,51.0,1011.3,4.0,95.0
2023-11-16,Mumbai,23.9,2.3,59.0,1010.5,1.4,80.0
2023-11-17,Mumbai,26.2,0.1,47.0,1009.1,9.6,90.0
2023-11-18,Mumbai,23.6,0.7,60.0,1011.4,9.5,46.0
2023-11-19,Mumbai,25.0,0.8,59.0,1000.6,2.7,71.0
2023-11-20,Mumbai,23.2,0.0,60.0,1022.2,15.6,91.0
2023-11-21,Mumbai,24.9,0.1,59.0,1013.7,1.8,49.0
2023-11-22,Mumbai,24.7,0.5,74.0,1014.0,11.5,76.0
2023-11-23,Mumbai,26.3,0.4,63.0,1008.2,8.1,80.0
2023-11-24,Mumbai,27.5,0.0,67.0,1012.3,8.4,31.0
2023-11-25,Mumbai,25.0,1.6,71.0,1018.6,12.1,102.0
2023-11-26,Mumbai,23.8,0.0,71.0,1017.8,11.1,61.0
2023-11-27,Mumbai,28.3,0.8,70.0,1011.2,7.1,72.0
2023-11-28,Mumbai,25.7,0.2,61.0,1006.2,2.3,105.0
2023-11-29,Mumbai,26.0,1.8,57.0,1011.7,1.5,43.0
2023-11-30,Mumbai,26.0,0.3,59.0,1009.9,7.9,84.0
2023-12-01,Mumbai,27.3,0.3,61.0,1014.4,14.1,68.0
2023-12-02,Mumbai,26.5,3.2,65.0,1006.3,11.0,77.0
2023-12-03,Mumbai,26.0,4.3,64.0,1010.5,6.9,62.0
2023-12-04,Mumbai,26.1,0.6,72.0,1012.3,8.5,102.0
2023-12-05,Mumbai,23.4,0.0,64.0,1009.6,10.1,57.0
2023-12-06,Mumbai,23.8,0.2,77.0,1015.4,14.7,85.0
2023-12-07,Mumbai,24.6,0.6,72.0,1007.1,3.6,88.0
2023-12-08,Mumbai,24.8,0.3,61.0,1006.7,10.3,77.0
2023-12-09,Mumbai,24.7,0.2,70.0,1010.2,8.3,74.0
2023-12-10,Mumbai,25.1,0.0,43.0,1014.7,3.6,75.0
2023-12-11,Mumbai,24.6,0.3,74.0,1010.4,2.5,99.0
2023-12-12,Mumbai,23.8,0.8,67.0,1009.3,12.7,89.0
2023-12-13,Mumbai,21.9,0.2,66.0,1014.7,8.5,80.0
2023-12-14,Mumbai,25.8,0.6,51.0,1012.5,6.1,62.0
2023-12-15,Mumbai,25.4,0.0,82.0,1009.7,7.5,85.0
2023-12-16,Mumbai,23.0,0.8,62.0,1012.2,11.4,92.0
2023-12-17,Mumbai,25.2,0.2,62.0,1010.8,7.4,82.0
2023-12-18,Mumbai,25.0,1.3,71.0,1014.1,14.2,109.0
2023-12-19,Mumbai,24.4,2.3,62.0,1012.4,5.9,49.0
2023-12-20,Mumbai,21.3,2.8,57.0,1008.8,3.5,129.0
2023-12-21,Mumbai,22.3,0.0,68.0,1010.0,6.5,81.0
2023-12-22,Mumbai,23.3,4.0,55.0,1010.3,2.8,64.0
2023-12-23,Mumbai,26.8,1.2,68.0,1013.3,5.5,54.0
2023-12-24,Mumbai,22.8,0.1,63.0,1013.3,12.5,101.0
2023-12-25,Mumbai,23.6,0.1,70.0,1008.7,14.7,96.0
2023-12-26,Mumbai,22.4,0.8,54.0,1011.2,9.9,83.0
2023-12-27,Mumbai,23.3,0.3,71.0,1013.1,7.9,86.0
2023-12-28,Mumbai,24.6,0.4,64.0,1016.1,2.9,90.0
2023-12-29,Mumbai,20.8,0.9,76.0,1012.9,2.5,80.0
2023-12-30,Mumbai,19.5,1.3,57.0,1019.4,8.7,109.0
2023-12-31,Mumbai,25.1,0.2,75.0,1012.0,7.8,100.0
2024-01-01,Mumbai,24.1,1.9,67.0,1014.7,4.4,87.0
2024-01-02,Mumbai,23.1,0.3,67.0,1010.7,5.0,60.0
2024-01-03,Mumbai,25.6,0.0,56.0,1008.1,14.0,114.0
2024-01-04,Mumbai,25.6,0.3,65.0,1012.3,11.5,81.0
2024-01-05,Mumbai,20.6,0.9,66.0,1013.8,7.3,72.0
2024-01-06,Mumbai,23.7,0.0,55.0,1013.1,8.0,114.0
2024-01-07,Mumbai,25.7,1.6,52.0,1012.4,12.8,100.0
2024-01-08,Mumbai,22.9,0.0,55.0,1010.6,8.6,55.0
2024-01-09,Mumbai,23.5,1.6,71.0,1008.7,8.1,62.0
2024-01-10,Mumbai,25.5,0.5,61.0,1010.7,0.2,85.0
2024-01-11,Mumbai,23.5,2.0,67.0,1013.6,0.6,70.0
2024-01-12,Mumbai,22.0,4.9,62.0,1015.5,1.6,90.0
2024-01-13,Mumbai,22.9,0.4,61.0,999.2,3.1,140.0
2024-01-14,Mumbai,21.8,0.4,61.0,1014.1,7.0,147.0
2024-01-15,Mumbai,24.8,0.1,57.0,1015.9,8.5,93.0
2024-01-16,Mumbai,21.2,1.0,68.0,1016.5,3.1,109.0
2024-01-17,Mumbai,25.6,3.1,61.0,1013.1,9.0,111.0
2024-01-18,Mumbai,21.3,5.0,61.0,1014.2,9.0,93.0
2024-01-19,Mumbai,24.1,0.9,49.0,1009.9,6.7,69.0
2024-01-20,Mumbai,21.6,0.1,61.0,1011.2,0.4,115.0
2024-01-21,Mumbai,23.5,3.9,54.0,1013.6,13.5,93.0
2024-01-22,Mumbai,25.6,1.9,55.0,1007.3,13.2,104.0
2024-01-23,Mumbai,25.8,0.1,66.0,1008.4,4.4,109.0
2024-01-24,Mumbai,26.1,0.4,51.0,1012.2,15.7,82.0
2024-01-25,Mumbai,23.9,0.0,57.0,1006.3,7.2,127.0
2024-01-26,Mumbai,24.2,1.1,63.0,1011.5,3.5,99.0
2024-01-27,Mumbai,24.5,0.1,66.0,1005.6,5.2,102.0
2024-01-28,Mumbai,25.1,1.3,54.0,1012.0,1.3,90.0
2024-01-29,Mumbai,23.5,0.0,60.0,1011.3,5.4,111.0
2024-01-30,Mumbai,25.9,1.3,60.0,1009.0,0.2,117.0
2024-01-31,Mumbai,24.7,0.6,49.0,1007.5,12.1,89.0
2024-02-01,Mumbai,26.0,0.2,42.0,1009.1,8.5,109.0
2024-02-02,Mumbai,25.0,2.0,43.0,1002.4,0.8,91.0
2024-02-03,Mumbai,25.3,0.2,61.0,1009.4,9.6,77.0
2024-02-04,Mumbai,23.1,1.7,58.0,1011.3,0.7,94.0
2024-02-05,Mumbai,23.6,0.1,47.0,1015.4,7.7,111.0
2024-02-06,Mumbai,22.2,1.2,52.0,1008.8,9.2,110.0
2024-02-07,Mumbai,23.9,1.3,54.0,1010.0,7.3,120.0
2024-02-08,Mumbai,24.1,0.2,54.0,1015.9,2.0,88.0
2024-02-09,Mumbai,25.7,0.5,56.0,1017.2,6.5,95.0
2024-02-10,Mumbai,22.4,2.6,72.0,1008.6,6.2,102.0
2024-02-11,Mumbai,29.6,0.3,50.0,1014.4,7.3,112.0
2024-02-12,Mumbai,24.3,0.0,57.0,1014.9,13.7,99.0
2024-02-13,Mumbai,26.5,1.4,50.0,1012.3,14.6,84.0
2024-02-14,Mumbai,26.2,0.3,51.0,1006.4,14.1,74.0
2024-02-15,Mumbai,20.6,0.1,49.0,1006.5,4.2,123.0
2024-02-16,Mumbai,24.2,0.1,54.0,1012.3,3.7,121.0
2024-02-17,Mumbai,27.0,5.0,51.0,1018.9,7.1,90.0
2024-02-18,Mumbai,20.8,0.3,58.0,1009.2,9.0,129.0
2024-02-19,Mumbai,26.0,0.1,56.0,1015.9,2.2,101.0
2024-02-20,Mumbai,23.3,0.0,48.0,1017.0,4.3,111.0
2024-02-21,Mumbai,24.1,5.7,68.0,1004.9,15.1,125.0
2024-02-22,Mumbai,25.2,0.7,46.0,1007.3,1.4,94.0
2024-02-23,Mumbai,21.9,0.0,57.0,1015.3,3.7,89.0
2024-02-24,Mumbai,25.3,0.7,70.0,1013.2,3.8,71.0
2024-02-25,Mumbai,24.0,1.3,49.0,1011.5,9.2,108.0
2024-02-26,Mumbai,23.9,0.0,64.0,1009.2,6.7,111.0
2024-02-27,Mumbai,26.2,3.1,64.0,1011.6,5.6,119.0
2024-02-28,Mumbai,30.8,0.3,56.0,1006.7,0.2,114.0
2024-02-29,Mumbai,25.8,0.0,41.0,1018.6,9.8,105.0
2024-03-01,Mumbai,26.2,0.2,64.0,1004.5,7.0,124.0
2024-03-02,Mumbai,25.2,2.5,54.0,1001.9,4.0,85.0
2024-03-03,Mumbai,24.2,0.2,49.0,1009.3,7.1,110.0
2024-03-04,Mumbai,25.8,2.3,62.0,1014.2,10.6,113.0
2024-03-05,Mumbai,27.9,0.4,48.0,1006.7,0.4,101.0
2024-03-06,Mumbai,25.8,0.7,61.0,1008.2,0.2,134.0
2024-03-07,Mumbai,27.0,1.3,49.0,1004.4,2.4,111.0
2024-03-08,Mumbai,25.3,0.5,57.0,1008.0,3.1,128.0
2024-03-09,Mumbai,29.7,2.6,45.0,1004.3,6.7,119.0
2024-03-10,Mumbai,23.1,0.2,50.0,1004.2,4.3,100.0
2024-03-11,Mumbai,26.8,2.3,46.0,1002.3,12.0,138.0
2024-03-12,Mumbai,26.7,0.1,47.0,1005.8,5.5,123.0
2024-03-13,Mumbai,26.4,0.0,54.0,1014.9,11.6,103.0
2024-03-14,Mumbai,24.2,2.5,51.0,1007.5,5.9,101.0
2024-03-15,Mumbai,24.2,0.2,54.0,1008.3,6.5,84.0
2024-03-16,Mumbai,25.7,0.1,61.0,1016.1,13.3,100.0
2024-03-17,Mumbai,26.3,0.1,51.0,1004.9,14.1,99.0
2024-03-18,Mumbai,24.3,0.0,39.0,1003.4,4.8,107.0
2024-03-19,Mumbai,24.6,0.5,50.0,1009.2,3.3,95.0
2024-03-20,Mumbai,27.3,0.4,52.0,1002.3,8.7,113.0
2024-03-21,Mumbai,28.1,0.1,59.0,1008.3,1.5,101.0
2024-03-22,Mumbai,25.6,0.2,59.0,1011.3,5.4,74.0
2024-03-23,Mumbai,25.4,0.1,58.0,1002.6,0.5,93.0
2024-03-24,Mumbai,25.4,2.6,50.0,1004.7,7.4,86.0
2024-03-25,Mumbai,30.6,1.4,56.0,1013.1,7.0,79.0
2024-03-26,Mumbai,27.5,4.7,41.0,1002.4,14.3,97.0
2024-03-27,Mumbai,26.7,0.7,60.0,1003.7,8.6,118.0
2024-03-28,Mumbai,28.5,0.0,54.0,1007.2,4.0,81.0
2024-03-29,Mumbai,30.6,0.1,55.0,1004.9,6.6,65.0
2024-03-30,Mumbai,28.9,0.2,48.0,1002.8,1.2,98.0
2024-03-31,Mumbai,24.8,2.7,51.0,1012.1,7.2,155.0
2024-04-01,Mumbai,27.0,0.2,46.0,1003.6,6.0,90.0
2024-04-02,Mumbai,26.6,2.9,55.0,1007.0,8.9,106.0
2024-04-03,Mumbai,26.7,0.1,41.0,1004.1,11.2,93.0
2024-04-04,Mumbai,25.4,1.1,58.0,1004.7,2.0,116.0
2024-04-05,Mumbai,26.8,2.0,54.0,1000.2,8.5,126.0
2024-04-06,Mumbai,25.7,0.2,65.0,1008.9,10.3,97.0
2024-04-07,Mumbai,28.1,0.2,50.0,1003.6,1.6,121.0
2024-04-08,Mumbai,27.7,1.1,50.0,1010.0,15.6,80.0
2024-04-09,Mumbai,25.4,0.3,52.0,1000.5,3.8,103.0
2024-04-10,Mumbai,25.0,0.5,51.0,1003.1,18.1,76.0
2024-04-11,Mumbai,27.0,0.1,50.0,1006.7,10.5,102.0
2024-04-12,Mumbai,28.9,0.0,42.0,1005.1,11.4,87.0
2024-04-13,Mumbai,28.7,7.2,42.0,1002.1,8.2,103.0
2024-04-14,Mumbai,27.9,0.1,46.0,1004.0,11.6,78.0
2024-04-15,Mumbai,22.8,6.4,48.0,999.4,2.3,102.0
2024-04-16,Mumbai,27.4,5.6,42.0,1004.5,3.4,100.0
2024-04-17,Mumbai,27.0,5.7,42.0,994.0,1.8,87.0
2024-04-18,Mumbai,27.8,1.8,48.0,1004.8,9.4,82.0
2024-04-19,Mumbai,26.4,0.4,55.0,1009.2,3.8,75.0
2024-04-20,Mumbai,27.7,10.1,49.0,1007.4,10.4,89.0
2024-04-21,Mumbai,27.4,1.7,55.0,1007.1,9.7,103.0
2024-04-22,Mumbai,32.9,0.1,57.0,1002.1,1.0,93.0
2024-04-23,Mumbai,29.8,0.5,56.0,1005.5,10.2,98.0
2024-04-24,Mumbai,28.4,0.4,47.0,1002.0,8.2,118.0
2024-04-25,Mumbai,28.7,1.2,47.0,1003.1,7.9,89.0
2024-04-26,Mumbai,28.6,0.7,37.0,1003.0,9.1,100.0
2024-04-27,Mumbai,29.2,3.2,45.0,990.3,6.9,109.0
2024-04-28,Mumbai,28.3,0.0,53.0,1006.7,7.1,103.0
2024-04-29,Mumbai,29.0,9.7,42.0,1004.8,11.8,100.0
2024-04-30,Mumbai,30.8,10.5,60.0,1006.2,2.5,95.0
2024-05-01,Mumbai,30.5,7.4,60.0,999.2,1.6,128.0
2024-05-02,Mumbai,29.7,4.1,47.0,1005.5,3.6,91.0
2024-05-03,Mumbai,31.4,0.3,57.0,1004.6,11.7,85.0
2024-05-04,Mumbai,29.7,2.3,40.0,994.0,5.5,102.0
2024-05-05,Mumbai,27.9,1.9,43.0,995.8,15.6,121.0
2024-05-06,Mumbai,26.7,27.4,47.0,1002.7,6.9,117.0
2024-05-07,Mumbai,28.4,0.6,50.0,999.8,3.8,91.0
2024-05-08,Mumbai,29.5,1.8,49.0,1002.2,5.0,105.0
2024-05-09,Mumbai,30.3,2.9,44.0,999.7,8.2,99.0
2024-05-10,Mumbai,31.5,1.0,64.0,1007.9,13.0,91.0
2024-05-11,Mumbai,28.9,0.4,52.0,994.7,6.2,101.0
2024-05-12,Mumbai,28.6,1.9,52.0,996.7,2.4,100.0
2024-05-13,Mumbai,31.2,12.9,55.0,998.1,10.8,91.0
2024-05-14,Mumbai,31.9,0.4,52.0,996.6,14.0,119.0
2024-05-15,Mumbai,29.3,2.4,49.0,999.5,4.5,81.0
2024-05-16,Mumbai,30.6,1.7,46.0,1001.6,9.6,112.0
2024-05-17,Mumbai,32.4,0.4,39.0,996.4,8.3,125.0
2024-05-18,Mumbai,30.7,20.4,61.0,1002.9,3.2,124.0
2024-05-19,Mumbai,30.2,0.4,44.0,1006.5,4.9,91.0
2024-05-20,Mumbai,27.0,8.6,39.0,1005.6,8.3,82.0
2024-05-21,Mumbai,32.5,0.0,45.0,1009.1,7.1,56.0
2024-05-22,Mumbai,31.5,2.5,39.0,1005.6,5.9,84.0
2024-05-23,Mumbai,30.7,0.0,65.0,1001.1,1.7,128.0
2024-05-24,Mumbai,29.8,2.1,53.0,1008.0,8.3,55.0
2024-05-25,Mumbai,28.6,4.7,61.0,1003.8,4.0,55.0
2024-05-26,Mumbai,30.5,2.6,61.0,1008.2,7.4,98.0
2024-05-27,Mumbai,30.5,6.1,55.0,1000.2,4.3,94.0
2024-05-28,Mumbai,32.5,3.7,55.0,992.8,7.9,49.0
2024-05-29,Mumbai,28.9,0.0,46.0,996.4,10.4,81.0
2024-05-30,Mumbai,33.2,1.4,51.0,1001.5,8.1,87.0
2024-05-31,Mumbai,30.9,0.7,47.0,1002.9,10.0,53.0
2024-06-01,Mumbai,32.8,3.9,52.0,999.9,0.7,98.0
2024-06-02,Mumbai,29.4,0.0,46.0,1004.5,9.1,56.0
2024-06-03,Mumbai,31.6,0.3,61.0,996.2,8.3,100.0
2024-06-04,Mumbai,33.0,1.5,57.0,997.9,4.2,83.0
2024-06-05,Mumbai,31.3,2.2,51.0,1004.3,6.3,66.0
2024-06-06,Mumbai,28.8,1.6,40.0,1000.7,5.6,49.0
2024-06-07,Mumbai,30.7,0.3,57.0,1000.8,7.3,72.0
2024-06-08,Mumbai,32.1,8.3,58.0,1005.8,5.1,76.0
2024-06-09,Mumbai,29.0,0.1,52.0,1004.6,3.2,75.0
2024-06-10,Mumbai,29.0,4.3,43.0,997.3,9.3,66.0
2024-06-11,Mumbai,31.7,1.1,55.0,1001.1,4.1,72.0
2024-06-12,Mumbai,29.9,10.8,60.0,993.7,8.2,91.0
2024-06-13,Mumbai,32.5,0.5,39.0,1000.2,5.9,59.0
2024-06-14,Mumbai,29.6,1.6,57.0,1001.7,9.2,71.0
2024-06-15,Mumbai,28.5,0.1,40.0,993.5,7.4,83.0
2024-06-16,Mumbai,30.3,3.8,53.0,1006.2,5.7,74.0
2024-06-17,Mumbai,33.9,0.3,65.0,1007.8,9.2,89.0
2024-06-18,Mumbai,30.2,0.1,54.0,1002.0,10.7,101.0
2024-06-19,Mumbai,31.6,3.8,56.0,1003.7,3.2,66.0
2024-06-20,Mumbai,32.0,2.9,51.0,1005.9,7.1,76.0
2024-06-21,Mumbai,30.1,2.4,53.0,999.4,4.3,20.0
2024-06-22,Mumbai,33.4,2.7,70.0,1004.1,2.0,65.0
2024-06-23,Mumbai,32.0,0.8,63.0,1001.5,12.9,83.0
2024-06-24,Mumbai,32.4,9.0,51.0,994.1,11.3,50.0
2024-06-25,Mumbai,29.0,13.6,51.0,996.5,2.3,94.0
2024-06-26,Mumbai,29.0,0.7,54.0,997.8,1.9,36.0
2024-06-27,Mumbai,27.4,8.2,70.0,1004.1,10.7,94.0
2024-06-28,Mumbai,31.5,1.9,56.0,1000.4,4.2,60.0
2024-06-29,Mumbai,31.5,15.3,62.0,1003.8,5.5,50.0
2024-06-30,Mumbai,33.0,0.1,52.0,998.2,1.9,59.0
2024-07-01,Mumbai,34.2,12.1,45.0,995.1,6.4,63.0
2024-07-02,Mumbai,31.5,0.1,64.0,1008.0,12.1,49.0
2024-07-03,Mumbai,31.4,7.4,54.0,1010.5,4.9,42.0
2024-07-04,Mumbai,32.6,1.5,49.0,1001.5,6.4,57.0
2024-07-05,Mumbai,34.4,1.2,50.0,999.3,14.8,83.0
2024-07-06,Mumbai,30.6,2.0,50.0,1004.6,10.9,73.0
2024-07-07,Mumbai,32.9,2.4,51.0,995.8,13.4,90.0
2024-07-08,Mumbai,31.5,0.0,44.0,999.3,9.8,54.0
2024-07-09,Mumbai,31.4,1.0,64.0,994.5,12.4,58.0
2024-07-10,Mumbai,33.2,0.3,58.0,1001.9,0.5,58.0
2024-07-11,Mumbai,30.7,2.0,63.0,1001.1,3.3,67.0
2024-07-12,Mumbai,30.2,4.6,53.0,998.6,0.5,72.0
2024-07-13,Mumbai,33.0,0.3,58.0,997.6,17.0,95.0
2024-07-14,Mumbai,31.9,12.5,57.0,994.3,7.8,76.0
2024-07-15,Mumbai,31.5,2.8,65.0,997.0,6.4,66.0
2024-07-16,Mumbai,31.7,2.4,62.0,1005.0,3.6,87.0
2024-07-17,Mumbai,32.7,3.2,59.0,998.9,2.4,48.0
2024-07-18,Mumbai,31.3,2.7,52.0,1005.1,5.7,38.0
2024-07-19,Mumbai,33.1,13.6,48.0,997.0,17.1,73.0
2024-07-20,Mumbai,32.6,5.7,51.0,1000.0,6.6,64.0
2024-07-21,Mumbai,34.3,2.2,53.0,998.6,7.2,63.0
2024-07-22,Mumbai,33.9,0.5,53.0,999.4,0.6,77.0
2024-07-23,Mumbai,33.3,0.1,49.0,1003.4,6.7,54.0
2024-07-24,Mumbai,31.5,4.5,69.0,992.6,8.7,58.0
2024-07-25,Mumbai,32.0,7.2,60.0,1003.4,6.6,66.0
2024-07-26,Mumbai,30.9,6.2,43.0,1003.3,9.7,71.0
2024-07-27,Mumbai,36.4,3.2,50.0,1000.6,3.2,77.0
2024-07-28,Mumbai,31.5,2.6,48.0,1001.0,8.4,61.0
2024-07-29,Mumbai,32.7,6.9,60.0,999.9,11.0,63.0
2024-07-30,Mumbai,34.0,0.1,66.0,1003.4,9.5,20.0
2024-07-31,Mumbai,29.6,1.1,51.0,1001.0,8.7,80.0
2024-08-01,Mumbai,30.4,1.9,63.0,997.6,6.5,29.0
2024-08-02,Mumbai,31.1,0.3,57.0,1001.5,2.5,57.0
2024-08-03,Mumbai,30.1,0.6,67.0,1004.7,9.5,103.0
2024-08-04,Mumbai,29.6,0.1,69.0,1002.5,5.2,51.0
2024-08-05,Mumbai,30.8,0.2,61.0,1001.2,2.7,28.0
2024-08-06,Mumbai,33.7,6.6,64.0,1001.9,10.4,86.0
2024-08-07,Mumbai,32.7,3.1,59.0,999.3,0.3,46.0
2024-08-08,Mumbai,31.6,0.3,57.0,999.5,4.5,53.0
2024-08-09,Mumbai,31.6,3.7,51.0,994.1,10.5,53.0
2024-08-10,Mumbai,28.8,0.3,62.0,1000.7,11.2,69.0
2024-08-11,Mumbai,32.6,0.0,59.0,1005.3,5.3,69.0
2024-08-12,Mumbai,32.1,0.8,57.0,1000.0,7.3,53.0
2024-08-13,Mumbai,29.7,0.0,60.0,998.1,9.4,75.0
2024-08-14,Mumbai,31.7,0.5,59.0,1005.1,6.7,39.0
2024-08-15,Mumbai,31.0,5.7,53.0,1002.4,3.5,67.0
2024-08-16,Mumbai,30.5,0.5,57.0,1002.4,8.9,43.0
2024-08-17,Mumbai,29.7,0.1,69.0,1003.7,7.7,67.0
2024-08-18,Mumbai,30.1,0.0,59.0,1004.7,7.4,42.0
2024-08-19,Mumbai,29.7,1.1,71.0,1001.9,12.0,46.0
2024-08-20,Mumbai,31.9,2.8,53.0,998.9,8.3,81.0
2024-08-21,Mumbai,31.7,5.0,52.0,1008.9,4.9,34.0
2024-08-22,Mumbai,31.6,0.1,62.0,1002.5,7.7,33.0
2024-08-23,Mumbai,30.7,6.4,67.0,999.4,15.7,64.0
2024-08-24,Mumbai,30.3,3.9,57.0,1003.2,3.7,49.0
2024-08-25,Mumbai,34.2,0.4,66.0,1007.1,5.8,46.0
2024-08-26,Mumbai,27.9,8.8,68.0,997.2,3.4,51.0
2024-08-27,Mumbai,32.7,2.1,70.0,1007.7,8.6,92.0
2024-08-28,Mumbai,31.3,0.3,61.0,1002.3,1.3,35.0
2024-08-29,Mumbai,30.8,3.6,62.0,1010.5,9.0,48.0
2024-08-30,Mumbai,29.8,0.1,51.0,1005.5,10.4,56.0
2024-08-31,Mumbai,30.3,0.0,63.0,1002.7,3.5,36.0
2024-09-01,Mumbai,28.7,3.7,65.0,1008.0,3.1,53.0
2024-09-02,Mumbai,28.3,3.9,73.0,1008.1,0.3,62.0
2024-09-03,Mumbai,30.3,0.1,54.0,1002.0,7.2,37.0
2024-09-04,Mumbai,27.7,0.0,57.0,1004.3,1.9,73.0
2024-09-05,Mumbai,31.7,6.2,56.0,1001.6,4.1,33.0
2024-09-06,Mumbai,32.1,24.6,69.0,1007.1,5.1,51.0
2024-09-07,Mumbai,24.7,11.4,45.0,998.3,3.9,59.0
2024-09-08,Mumbai,27.7,8.3,56.0,1003.1,10.7,110.0
2024-09-09,Mumbai,30.6,6.4,78.0,995.8,14.1,22.0
2024-09-10,Mumbai,,1.0,,,2.6,
2024-09-11,Mumbai,30.2,0.1,54.0,995.6,3.3,99.0
2024-09-12,Mumbai,30.6,4.2,63.0,1000.2,8.1,43.0
2024-09-13,Mumbai,31.1,13.8,70.0,1005.3,2.2,73.0
2024-09-14,Mumbai,31.2,0.4,68.0,1003.1,4.6,57.0
2024-09-15,Mumbai,32.6,18.8,62.0,1002.8,7.9,28.0
2024-09-16,Mumbai,29.7,0.4,58.0,1000.9,13.2,61.0
2024-09-17,Mumbai,31.0,25.7,70.0,1002.9,12.3,38.0
2024-09-18,Mumbai,27.0,8.3,64.0,998.1,5.7,55.0
2024-09-19,Mumbai,29.3,3.2,70.0,1006.1,7.6,27.0
2024-09-20,Mumbai,27.5,0.9,67.0,1008.1,5.3,67.0
2024-09-21,Mumbai,31.6,4.8,61.0,1008.0,6.2,20.0
2024-09-22,Mumbai,33.1,0.5,75.0,1005.1,1.7,51.0
2024-09-23,Mumbai,30.1,0.5,61.0,1010.0,1.0,77.0
2024-09-24,Mumbai,27.1,0.2,68.0,1007.2,5.3,64.0
2024-09-25,Mumbai,28.9,1.5,60.0,1009.2,11.4,48.0
2024-09-26,Mumbai,29.1,3.0,63.0,1007.1,10.4,50.0
2024-09-27,Mumbai,29.3,3.3,63.0,1005.9,1.4,47.0
2024-09-28,Mumbai,30.7,0.1,60.0,1002.9,6.1,104.0
2024-09-29,Mumbai,30.4,1.8,67.0,995.9,4.1,54.0
2024-09-30,Mumbai,24.6,2.8,74.0,1008.5,8.3,55.0
2024-10-01,Mumbai,30.9,1.6,78.0,1005.7,2.0,42.0
2024-10-02,Mumbai,27.9,4.2,75.0,1013.8,11.1,47.0
2024-10-03,Mumbai,27.7,1.3,64.0,998.8,6.0,67.0
2024-10-04,Mumbai,30.8,2.7,76.0,1009.7,9.6,45.0
2024-10-05,Mumbai,28.0,1.0,68.0,1002.9,10.9,42.0
2024-10-06,Mumbai,26.2,0.2,78.0,1006.6,1.8,47.0
2024-10-07,Mumbai,26.2,3.0,57.0,1003.4,6.0,50.0
2024-10-08,Mumbai,28.3,2.6,76.0,1008.2,13.8,60.0
2024-10-09,Mumbai,29.6,5.3,61.0,1006.9,7.1,48.0
2024-10-10,Mumbai,30.5,6.3,74.0,1010.4,11.7,54.0
2024-10-11,Mumbai,27.8,2.1,62.0,1007.7,8.9,44.0
2024-10-12,Mumbai,27.2,1.2,72.0,1009.1,4.7,80.0
2024-10-13,Mumbai,30.5,2.9,64.0,1012.2,8.2,60.0
2024-10-14,Mumbai,27.1,2.4,53.0,1009.5,11.7,53.0
2024-10-15,Mumbai,30.1,1.9,59.0,1007.1,12.8,64.0
2024-10-16,Mumbai,28.1,0.1,64.0,1012.4,13.5,58.0
2024-10-17,Mumbai,28.0,0.1,66.0,1007.3,2.0,31.0
2024-10-18,Mumbai,27.2,1.8,50.0,1009.4,10.7,56.0
2024-10-19,Mumbai,28.0,8.2,57.0,1006.8,0.8,90.0
2024-10-20,Mumbai,26.7,0.5,61.0,1005.5,6.4,69.0
2024-10-21,Mumbai,26.3,0.0,64.0,996.7,6.0,82.0
2024-10-22,Mumbai,27.1,3.1,68.0,1010.9,9.8,49.0
2024-10-23,Mumbai,26.2,6.8,60.0,1004.0,8.4,34.0
2024-10-24,Mumbai,27.6,0.3,55.0,1011.3,12.6,49.0
2024-10-25,Mumbai,27.2,0.8,68.0,1015.4,4.2,86.0
2024-10-26,Mumbai,26.6,0.0,64.0,1003.6,10.8,44.0
2024-10-27,Mumbai,26.6,1.3,72.0,1012.1,8.7,48.0
2024-10-28,Mumbai,26.5,2.1,62.0,1008.5,7.0,83.0
2024-10-29,Mumbai,29.6,0.3,71.0,1010.7,1.6,59.0
2024-10-30,Mumbai,26.7,1.9,60.0,1004.5,9.5,60.0
2024-10-31,Mumbai,25.7,2.3,68.0,1009.2,8.4,71.0
2024-11-01,Mumbai,26.2,0.2,67.0,1009.8,10.5,66.0
2024-11-02,Mumbai,27.6,1.1,69.0,1014.7,6.8,59.0
2024-11-03,Mumbai,26.2,2.5,59.0,1017.5,5.8,69.0
2024-11-04,Mumbai,26.2,0.1,65.0,1010.7,8.7,52.0
2024-11-05,Mumbai,26.0,0.0,60.0,1008.2,9.1,65.0
2024-11-06,Mumbai,26.6,0.5,65.0,1018.1,10.1,78.0
2024-11-07,Mumbai,26.9,0.3,70.0,1009.3,15.5,47.0
2024-11-08,Mumbai,26.9,0.0,87.0,1009.6,4.2,63.0
2024-11-09,Mumbai,23.5,0.1,66.0,1010.3,16.0,47.0
2024-11-10,Mumbai,24.4,0.2,71.0,1011.7,6.3,81.0
2024-11-11,Mumbai,21.8,0.2,67.0,1012.7,11.3,79.0
2024-11-12,Mumbai,27.2,1.1,74.0,1007.9,3.3,85.0
2024-11-13,Mumbai,27.7,4.9,69.0,1009.8,16.0,87.0
2024-11-14,Mumbai,27.9,0.1,73.0,1017.4,3.0,88.0
2024-11-15,Mumbai,26.0,0.0,68.0,1016.4,11.8,82.0
2024-11-16,Mumbai,27.5,0.1,82.0,1012.1,2.5,56.0
2024-11-17,Mumbai,25.6,0.0,75.0,1011.5,1.9,87.0
2024-11-18,Mumbai,25.4,1.2,53.0,1009.7,10.6,54.0
2024-11-19,Mumbai,23.1,0.0,68.0,1014.5,10.9,113.0
2024-11-20,Mumbai,24.2,0.1,66.0,1008.7,3.8,77.0
2024-11-21,Mumbai,24.5,0.0,50.0,1011.2,17.8,83.0
2024-11-22,Mumbai,26.8,1.8,59.0,1009.1,5.5,50.0
2024-11-23,Mumbai,28.0,0.3,62.0,1008.5,14.0,92.0
2024-11-24,Mumbai,24.5,0.1,60.0,1011.1,2.4,94.0
2024-11-25,Mumbai,25.8,0.2,66.0,1011.0,2.7,45.0
2024-11-26,Mumbai,25.6,1.4,52.0,1008.9,7.4,64.0
2024-11-27,Mumbai,23.9,2.4,70.0,1010.9,2.4,66.0
2024-11-28,Mumbai,22.3,0.1,70.0,1011.4,9.0,63.0
2024-11-29,Mumbai,23.8,0.5,67.0,1009.4,2.7,100.0
2024-11-30,Mumbai,22.7,0.0,62.0,1008.8,7.8,115.0
2024-12-01,Mumbai,24.4,0.0,65.0,1010.8,4.5,57.0
2024-12-02,Mumbai,24.7,1.5,61.0,1014.0,2.7,96.0
2024-12-03,Mumbai,24.6,0.3,73.0,1015.6,7.9,72.0
2024-12-04,Mumbai,24.5,2.2,68.0,1012.2,6.0,102.0
2024-12-05,Mumbai,25.5,0.5,78.0,1010.5,5.0,34.0
2024-12-06,Mumbai,23.2,1.8,62.0,1011.4,10.6,71.0
2024-12-07,Mumbai,26.1,7.8,74.0,1018.9,8.3,101.0
2024-12-08,Mumbai,22.0,0.2,60.0,1015.1,8.7,66.0
2024-12-09,Mumbai,24.7,0.8,63.0,1008.1,13.0,101.0
2024-12-10,Mumbai,25.2,2.0,57.0,1011.5,6.7,71.0
2024-12-11,Mumbai,23.3,0.2,67.0,1009.7,10.7,101.0
2024-12-12,Mumbai,21.9,2.7,63.0,1010.4,5.1,91.0
2024-12-13,Mumbai,25.5,0.8,68.0,1005.4,9.7,74.0
2024-12-14,Mumbai,23.4,3.4,74.0,1011.9,9.4,68.0
2024-12-15,Mumbai,25.6,1.4,63.0,1006.7,4.5,79.0
2024-12-16,Mumbai,25.6,0.0,66.0,1009.7,0.2,104.0
2024-12-17,Mumbai,24.3,0.1,69.0,1017.7,1.2,83.0
2024-12-18,Mumbai,24.3,0.4,63.0,1015.7,2.8,72.0
2024-12-19,Mumbai,25.9,0.2,59.0,1008.7,9.5,144.0
2024-12-20,Mumbai,24.9,0.0,65.0,1008.0,6.4,56.0
2024-12-21,Mumbai,22.7,0.2,66.0,1008.5,5.7,81.0
2024-12-22,Mumbai,24.5,0.1,68.0,1004.8,9.1,95.0
2024-12-23,Mumbai,25.1,0.5,68.0,1008.3,10.3,67.0
2024-12-24,Mumbai,24.5,1.0,58.0,1011.0,13.2,86.0
2024-12-25,Mumbai,24.4,0.5,65.0,1008.1,4.3,79.0
2024-12-26,Mumbai,23.9,1.9,71.0,1014.9,9.5,60.0
2024-12-27,Mumbai,23.9,1.8,59.0,1011.9,10.2,95.0
2024-12-28,Mumbai,22.6,0.1,64.0,1010.0,2.7,67.0
2024-12-29,Mumbai,21.8,0.5,57.0,1018.7,7.5,74.0
2024-12-30,Mumbai,25.8,1.4,63.0,1014.8,2.9,111.0
